character_id,character_name,file_name,personality,label
8d0fb0d4b2424490,Ritsu Tainaka,deredere/8d0fb0d4b2424490.webp,"Ritsu is the source of fun and encouragement in her band, often making jokes, puns, or pranks and being sarcastic much of the time. She has an upbeat yet carefree personality and often has trouble remembering important club activities and announcements. Because of that, she constantly gets whacked by her childhood friend Mio Akiyama . Despite her forgetfulness, she usually brainstorms for ideas to earn more money or for the club's success in general (like blackmailing Sawako Yamanaka to become the club's supervisor). Her attitude of collecting as much money as possible lets her sometimes appear greedy, something she greatly dislikes. Ritsu is always on the go and will stop at nothing for the success of the Light Music Club, even when everyone else gives up. Ritsu is very barefaced, sometimes audacious, or even impudent, yet she rarely has ill intentions and usually apologizes the moment after she goes too far. On the other hand, her personality has led to her building up a large endurance to Mio smacking her, the bassist being the least tolerant of Ritsu's antics. From time to time, Ritsu has been shown to be rather lazy as well.",deredere
5d9d37d82f187c39,"Suelecia ""Sue"" Zagan Analeit",kuudere/5d9d37d82f187c39.webp,"Sue is extremely attached to Schlain, to the point of completely idolizing him. Making her distrusting of any females of similar age approaching Schlain. Sue has expressed her intense dislike towards Karnatia ever since her young age. This is due to Schlain and Katia's relationship as best friends in their previous life, which, to Sue, looks like a budding romantic relationship between the two. In the anime, her bitter jealousy with Karnatia is much more tone down. Sue is considered quite studious both in academics and combat-wise. This likely stems from her emulating Schlain as he studied to learn the language and trained to regain the full use of his body.",kuudere
ae50b1dc411ef8a1,Fate Testarossa,kuudere/ae50b1dc411ef8a1.webp,"Fate is a very serious and strong-willed person. At first, she was rather cold to Nanoha, but starts to show her kind and protective side after realizing how much Nanoha has reached out to her. Learning of her own origins has led her to question herself, and at times wonder about her own worth, but after seeing Alicia in the Book Of Darkness, she has come to see herself as her own person. She is especially driven to solve incidents similar to the one that happened with her mother, and ensure that other children do not have to suffer like she did. Fate tends to worry about others fairly often, especially Nanoha in wake of the incident in which she was nearly crippled, and her children, Erio, Caro and Vivio. As a result, she is more permissive and protective as a parent than Nanoha, running over to Vivio when she trips rather than having her come to her. Despite her toughness, she is shown to be very shy at times, often blushing several times in the anime. Jail Scaglietti also speculated that the reason Fate adopted Erio and Caro is because she wanted to obtain the love she lost before, and that her feelings towards Erio and Caro are similar to Presea's feelings for Alicia. Fate has neither confirmed nor denied these suspicions.",kuudere
0f8cae141bdf1cbc,Ran-Mao,kuudere/0f8cae141bdf1cbc.webp,"Ran-Mao is a mostly emotionless, taciturn individual who hardly ever engages in conversation. She is deeply loyal to Lau ; she accompanies him wherever he goes and generally acts only when instructed by him. Although she is not related to Lau, he refers to her as his sister, given that they have known each other since they were very young; he once described her as a ""pampered child."" Ran-Mao is flirtatious. At Lau's behest or suggestion, she will attempt to seduce others, such as when she flirted with Georg von Siemens at one of Ciel Phantomhive 's parties and Baldroy in the sewers below Pitt 's Lark Photographic Studio . Ran-Mao, a highly skilled martial artist, possesses formidable strength and speed. She has no qualms about using violence to extract information or to defend herself. Since she regularly indulges in opium, she has developed a tolerance to sedatives.",kuudere
e48e97df3d1500b7,Italy,deredere/e48e97df3d1500b7.webp,"Italy is a cheerful, energetic man. He loves pasta, pizza, gelato, and cheese. Although he relies on Germany a lot, Italy doesn't really listen to what he says and instead daydreams or wanders off. His hobbies include cooking, siestas, painting, singing and flirting with any cute girl he sees. In the webcomic and the first drama CD, it is noted that he frequently gets stomach pains due to overindulging on gelato. Italy is shown to have a compulsion of stripping off all of his clothes for his daily 3PM ""siestas"", and usually forgets to put his pants back on after he wakes back up (causing Germany to have to lend him a pair of his own). His public nudity has become notorious enough to where Switzerland will fire upon him if he catches him streaking throughout his homeland. He also has the verbal tic of making a ""Ve"" sound (really said by Italians, above all in Emilia-Romagna, whereas you could hear a ""Be"" in other Italian regions, which is an abbreviation of ""bene"", ""good"", and it has the same function of the English interjection ""well"" at the beginning of a sentence), though in the anime adaptation, he makes other onomatopoeic sounds as well, a more notable one being a chant of ""Herahera"" (a Japanese onomatopoeia which means ""acting foolishly"" or ""frivolous"") .",deredere
ab969ce05a6c0d1d,Ai Miyashita,deredere/ab969ce05a6c0d1d.webp,"As a suggestible, friendly and sociable person who's always willing to help, Ai has a lot of friends and can be seen chatting with strangers at any given time. She is also very caring, especially with her family and friends. In the neighborhood she lives, she tends to refer to all sorts of people around as siblings. Ai is very empathetic, selfless and supportive, as she loves helping others and is also very open about how much she cares about their feelings. This is particularly evident with Rina and her childhood friend Misato, as she's shown to constantly be loving and supportive to them. Because she is a gyaru , she can be mistaken as the type of person to skip school or be rebellious. However, she has very good grades and is very fun-loving and nice. She can be a bit loud, but never in an obnoxious way, as it just serves as a mood-maker to her fellow idols. Her cheerfulness, however, mustn't be taken at all for her being dumb; Ai is indeed very intelligent and an excellent student. Also, despite her energetic, cheerful nature and somewhat goofy appearance, she's also very capable of being levelheaded and well-organized. Ai tends to speak very casually, using a lot of slang. She is also known for her puns, many of which are not very funny to those around her.",deredere
3e755f1ab9e37e82,Seijuurou Akashi,kuudere/3e755f1ab9e37e82.webp,"As the only child of an prominent family, Akashi experienced a strict upbringing from the moment he was born and was taught to always stand above the rest. This caused him to adopt the same merciless winning mentality as his father and develop an extremely strong, almost inhumane level of self-discipline that has led Akashi to appear calm and unwaveringly confident in nearly every aspect of life. He regards victory not as something to be sought, but as something as simple and vital for survival as breathing. Akashi is most notably in possession of two separate, distinctive personalities, both of which refer to themselves as Seijūrō Akashi. This split began in Akashi's fifth year of elementary school, following the death of his beloved mother and the severe workload forced onto him by his increasingly strict father. Around this time, Akashi specifically noticed that he acted differently at home compared to when he was at school. While the separation between these two personalities became increasingly clearer with time, Akashi did not fully switch from one personality to the other until his third year at Teikō Junior High . In the face of near defeat, Akashi was crushed by his ingrained expectation of victory and forced to split in order to win and to remain ahead of his teammates.",kuudere
d7be8978a936f91a,Yoshida Yuuko / Shamiko,deredere/d7be8978a936f91a.webp,"Yuko is very polite and well-mannered, as seen in both the manga and anime adaptation. She always speaks formally, and is generally a kind person. Despite her awakening as a demon, Yuko is still friendly and compassionate. This is shown very often, such as when Momo gets sick and Yuko tends to her despite claiming Momo as her enemy. She is also rather emotional, getting overly excited or easily upset about simple things. Yuko is a firm optimist, always trying to see the best in people and the world. Despite the hardships she's faced, such as her sickly childhood and difficult living situation due to the curse on her family, she continues to push on and holds no malice towards anyone, always striving to achieve the best outcome for everyone no matter the situation. Due to her sheltered childhood, Yuko is rather naive to the world, although she is actually quite wise when it comes to familiar subjects. While physically weak, Yuko has an incredibly strong will, showing an unshakable resolve in the face of crisis and a refusal to give up. When her family or friends are in trouble, she'll rush to their aid and do all in her power to help.",deredere
c09c8da44c05cae2,Yukine,tsundere/c09c8da44c05cae2.webp,"Yukine speaks his mind freely and has a biting sense of humor. He is rather outgoing, making friends easily when given the opportunity. He possesses a strong sense of right and wrong and diligently works to improve himself after past mistakes. Over time, he also gains a sense of pride and responsibility toward guiding Yato as his lead shinki, becoming attached to the point that he is insecure of Yato relying on other shinki. Yukine is quite easily led by his emotions, sometimes acting impulsively without realizing the consequences– particularly when the matter concerns people who are important to him. He has a tendency to lock others out or lash out in anger when he feels betrayed, but normally demonstrates a deep sense of loyalty and protectiveness over the people he cares about.",tsundere
0a5801737ec39c61,Akuru Akutsu,kuudere/0a5801737ec39c61.webp,"Akuru is an intelligent and serious high school student who is forced to deal with Yoshiko Hanabatake ’s stupidity. Though only interested in studying, he is unwittingly dragged into many of Yoshiko’s escapades much to his dismay. Throughout the series, Akuru is seen as the straight man, constantly dealing with the eccentric personalities of those around him (especially Yoshiko) and is quick to make rude remarks. He is very upfront about his disgust for Yoshiko, often resorting to physical abuse whenever she annoys him. Despite this, Akuru is said to be strange himself as he is completely antisocial, having little to no friends due to his abrasive attitude. Because he has no qualms with beating women, he is also considered to be a believer in “gender equality”.",kuudere
3ceb8266c349d0b9,Misaki Tokura,tsundere/3ceb8266c349d0b9.webp,"Calm and collected, she thinks carefully especially when it comes to Cardfight. Reserved and often never talking to anyone other than Shin or Manager though she is opening herself to talking to others. She is quite sullen when it comes to maintaining peace in Card Capital. She sometimes would correct Kamui when it comes to him confusing one thing with another. When she was a child, she was a happy and bubbly girl who always seemed to have a smile on her face. She was like Emi when it came to Cardfight; calling a card a different name instead of its actual name. She was overjoyed when her father gave her a deck that he himself made just for her and promised that he would teach her how to play Cardfight. It never happened as her parents died in a car accident, and her eidetic memory caused her to remember the accident whenever she cardfights, causing horrible flashbacks. The accident also caused her to be withdrawn from others and she silently grieved for her parents. It was only when she fought against Emi in a Cardfight that she remembers the happy moments that she and her parents shared. She realized how fun Cardfight could be and slowly began working to sharpen her skills.",tsundere
91f2755340c7e3c5,Meiko Honma / Menma,deredere/91f2755340c7e3c5.webp,"Menma is a very kind and cheerful girl with a very air-headed nature and she often worries about others before herself, especially when it comes to Jintan. She is extremely childish (although this may partially be down to the fact she died as a child and has only recently been ""resurrected""). Although throughout the series she is surrounded by her friends, she does often get very lonely and upset easily, especially when she visits her family and realizes she no longer belongs to them, nor does she have a home. Also, due to the fact, only Jinta can see her, she can communicate with the others in the group using her notebook, and only her notebook, although Menma does wish to be able to talk to the other members. Despite being ""dead"", she is a very positive, energetic and lively person. According to Jinta, she is quite selfless and cries very often for others when they are hurt or upset, but not for herself. Jinta calls her ""the beast of the summer"" as he relates her to being a manifestation of his stress instead of a ghost girl.",deredere
9f53a6068243b47f,Shu Sakamaki,kuudere/9f53a6068243b47f.webp,"Shu is usually seen sleeping in the living room or the school's music room. He skips classes often and has been held back once as a senior in high school. According to other students of the school, Shu is the owner of the music room. Apathetic and lazy, Shu loves nothing but music. It is noted that he is always listening to music, even when taking a bath. Shu loves classical music, ranging from piano to violin. He has a lack of motivation and is lazy enough to do almost nothing, as seen when the heroine needs to persuade him to stay awake and do something for himself. He's somewhat bored with life due to all of the events of his traumatic childhood. Despite Shu being the eldest son, he doesn't take any responsibility to look after his five brothers and the house instead mostly complaining about how he has to ""deal with their problems."" He mostly pushes this job to Reiji. Shu is also somewhat of a pervert and usually teases the heroine about wearing unattractive panties and bras after she becomes too pushy with him and seeks his attention. Shu suffers from pyrophobia (fear of fire) due to what happened with Edgar. Shu's total apathy towards life is because of him being pushed through his childhood by his mother, Beatrix to become the heir.",kuudere
b321aa2070162434,Kazumi Subaru,deredere/b321aa2070162434.png,"Kazumi is rather hotheaded, yet lighthearted, her mood is very unstable at times, and can swing between extremes in a couple of seconds. Still, she is cheerful most of the time. Her reactions are very spontaneous: while rediscovering her old life, she is often seen with a very surprised expression and her facial expressions are quite expressive themselves. She is somewhat ditzy, especially - but understandably so - in situations she is only now rediscovering; for example, forgetting her skirt while transforming. Nonetheless, she is more than capable of rising up to the situation when it is required. While getting reacquainted with her old life, she realizes she can't, or doesn't want to be, the ""old"" Kazumi. Instead, she decides to become a ""new"" Kazumi, starting with a new, and very sloppy, short haircut. However, she keeps her ahoge, claiming - apparently correctly - that it is a witch sensor and it usually changes with her mood. While she is only getting to know her friends again, she cares deeply for them. She goes to great lengths to protect them, to the point that she lost a battle with a witch out of fear that her attack might hurt Kaoru, which almost happened in a previous battle. Besides her cooking skills, she is also quite the glutton.",deredere
36e596305277161c,Jotaro Kujo,kuudere/36e596305277161c.webp,"Jotaro is introduced as a rough delinquent, but he has a gentle heart and is loyal to those he likes. He is highly perceptive, intelligent, and quick-witted while keeping a perpetually cool, slightly neutral, or disinterested attitude. Jotaro's nerves of steel destabilize D'Arby Jotaro's most noticeable trait is his stoic and seemingly aloof nature. He is a quiet individual, often satisfied with expressing himself in short phrases. His bio explains that he thinks anyone can tell his emotions just by looking at him, and probably thinks further effort in portraying how he feels to be a waste of time, making others tend to perceive Jotaro as callous. Related to this, Jotaro is an extremely cool and collected individual, able to keep his composure in even the direst situations. The best example of his coolness would be against Daniel J. D'Arby, playing a dangerous game of poker during which he successfully bluffs the expert poker player into folding even if he didn't know what cards he had and wagered the souls of every companion and ally involved. While outwardly aloof and crass to the point of being seen as rude, Jotato truly does care for his friends and family wellbeing, as his initial reason for staying in jail was to prevent his stand from hurting anyone.",kuudere
a98e5947746a13eb,Yume Nijino,tsundere/a98e5947746a13eb.webp,"Yume is known to be cheerful and full of curiosity but cries easily when touched. She is also a person with a strong will and can be impulsive with a mischievous streak.She wants everyone will be happy of her song. At times she can be bold but is slightly oblivious and gets embarrassed really easily. She never gives up no matter what happens and is always determined to help her friends or those she cares about. When Koharu moved to Italy, she volunteered to put on a show for her so that Koharu wouldn't be sad about leaving. She also never gave up on her dream of joining S4, and when she did it, she felt as if she had to work harder, as she said in Episode 51 .",tsundere
a29bd2d70c399053,Jinguuji Tsukasa,kuudere/a29bd2d70c399053.webp,"32-years old single man. He is slender and tall, has a neat face, and is a talented person in both Bunbu and budo, and has always been popular with women. However, because of that, the ugly part of the man can be seen and he is completely distrustful person. Only his now her bestfriend, Tachibina, is the heart of his heart. When Tachibana is taken care of on the way back from a certain joint party, he was sent to another world by mysterious goddess that he called a ""LED Naked woman"".",kuudere
f9449538e2e38d20,South Italy / Romano,tsundere/f9449538e2e38d20.webp,"Romano is friendly and kind to women but is strict and less social towards men. In particular, he is openly rude to both Germany and France. Despite appearing to be tougher than his younger brother, he is just as cowardly and ineffectual, if not more. Though he is not very skilled with his hands, it is said that he is a good pickpocket. He also has a habit of speaking in profanity, particularly the words ""bastard"" and ""damnit"". As a child, he often slacked off and slept when it came to chores, though he was rather clumsy when he actually tried to do them. In Comic Diary 10 and blog illustrations by Himaruya, as well as in the first part of Boss Spain's Control Of Southern Italy , it is revealed that the younger Romano had a bed-wetting problem and often had trouble finding the toilet due to the vast size of Spain's mansion. In Hetalia: Axis Powers volume 1, it is also revealed that he had the disease chorea as a child, and that it played a part in his clumsiness. Spain attempted to heal him by making him dance the Tarantella; Romano appeared to recover from the disease, whether due to those efforts or not. When using grenades, he seemingly has no clue of the correct way to throw them (throwing the pin rather than the actual grenade, a habit shared by his brother).",tsundere
58b3f7760f791759,Suu Hifumi,tsundere/58b3f7760f791759.webp,"Suu is a numerophile . She compares her love for numbers to how people can be in love with others of the opposite sex or the same sex. In a similar way to Rentarou, who equally loves all of his girlfriends, she equally loves all of the numbers, and loves to describe the qualities of each number, like 1's sleek & trim form, 2's contrast between the curve and the line, 3's dip and shapely mounds, 4's wonderfully sharp corners, and so on. Despite being in love with the numbers, she's very bad at math, this is because she thinks that each number has its own identity and feels that humans strip off their identities to turn them into things (like turning 1 plus 1 into 2 instead of 11, according to her, the latter respects the identity of the number 1). Every time she studies math, she feels like throwing up. Suu's obsession with purely numbers is so strong, that she does not care for anything else(except a select few). She treats anything that does not involve numbers coldly. This has led to her becoming oblivious to certain pieces of common knowledge, such as her not knowing that seawater is too salty to safely drink.",tsundere
cffe35704461d692,Yuri Amagake,tsundere/cffe35704461d692.webp,"Compared to most other characters Yuri is usually the most anxious taking that she is just a normal civilian, however she is also very strong willed and is always true to her beliefs, and, with her being a physical fighter, she became more used to what's happening around her. Yuri does show several times a strong amount of bravery and determination, going through several foes and going on until she either win or lose, that or someone else is on stakes. Thanks to her upbringing maybe, Yuri shows a small amount of tendency towards violence, as she usually hits Akira whenever he does something dangerous or something that embarrasses her, as she is shy, despite that she enjoys romances a lot and has a crush towards him, even sometimes fantasizes about it Another trait she has thanks her upbringing (and a more positive one) is that Yuri holds a belief against coincidences, taking how her mother treated her during childhood she became willing to prove a meaning to her and others' existence.",tsundere
10cb8ed7f066b3e1,Chlammy Zell,tsundere/10cb8ed7f066b3e1.webp,"She holds a mostly emotionless and confident expression during the beginning of the story, but that's nothing but a facade. She would easily be reduced into a blubbering mess when being scared, or when things weren't going her way. Despite this, she is still very determined in pursuing her cause. When Sora lectured her for underestimating the human race, she threw away her confident facade and broke down in tears while childishly calling Sora names and blaming him. When she had a rematch with Sora, she still acted pessimistic about the possibilities of the Immanity . After being defeated again and having her memories restored, she gained a newfound respect for Sora and the Immanity. They parted ways on good terms as she agreed to help defeat the Werebeasts and unite the other races. While initially finding Sora as a cocky, all-around lazy, and hurtful person, she changed her thinking upon seeing his memories. In Episode 12 , she admired how Sora managed to accomplish all his goals without spilling a single drop of blood and staying true to himself despite all the odds. She is very insecure about her modest busts and would fly into rage if anyone so much as to mention or imply it.",tsundere
8642d07259306cf2,Yoshino Nara,tsundere/8642d07259306cf2.webp,"Usually a very strict, and overbearing woman, she can also be very warm and gentle at times, having a warm and nurturing side. She is surprisingly attentive to detail. Due to the passive nature of the Nara men, it's not surprising that she and Shikaku got married, with the latter having appeared to have accepted the fact that she's the dominant of the two of them and avoids doing anything to provoke her. This has resulted in their son Shikamaru not taking his father seriously — especially on matters involving women and relationships. He views his father as being ""whipped"", and comments (silently) that his father is afraid of looking his mother in the eyes. Despite this, Shikamaru is just as afraid of provoking her as his father is. Shikamaru refers to her as a ""troublesome woman"". When he asks his father what he saw in her, he replied that there are times when she is gentle, implying that she's not as tyrannical as her son perceives her to be. Despite this, it's likely that she is partly to blame for Shikamaru's rather cynical view of women and marriage.",tsundere
91cb3855a13d1536,Rain / Rhaenys Crowder,deredere/91cb3855a13d1536.webp,"Although she has a modest and shy personality, she can be surprisingly bold around Yuke . She also likes Artifacts, like the Magic Bag or Detecting Lantern Yuke used during their first quest together. She always considered herself as Yuke's property. Like other women, she hates Besio Salas for stalking her due to her absolutely hating him for being a fat tub of lard. Rain hates her father Dimit for kicking her mother out of the family before she was even born, nor does she have any qualms to ruin her father's reputation as the Count. She also doesn't consider Dimit as her father, and only sees him as the man who made her mother's life miserable. She has no hesitation attacking her family such as her uncle, Bran for attempting to take her away by force only she attacked him with her magic. She even tells the truth to Mastoma which caused the angry prince to officially cancel the arranged marriage and having Bran to be tortured and kicked out of his homeland.",deredere
7d99715481164307,Astarte,kuudere/7d99715481164307.webp,"Because Astarte is a homunculus , she expresses little to no emotion. She is not talkative and always says ""Accept"" in a dull, robotic tone whenever she answers. In the anime, after she was under the supervision of Natsuki, she gradually displayed more emotions with her interactions with the other characters. In Volume 8 of the light novel, she is showing indication of independent thought and emotion.",kuudere
8cb3eb3b7351c7b7,Ayano Sugiura,tsundere/8cb3eb3b7351c7b7.webp,"Ayano takes her studies and her role as Vice President very seriously. As a hardworking student, she constantly sees herself as a rival to Kyōko Toshinō who always manages to beat her in tests without actually giving much of an effort, much to Ayano's dismay. She also has a tendency for making puns involving foreign words (usually based around famous locations), which tend to make Yui Funami laugh and she is known to be a deretsun .",tsundere
2165fd7c34332fa2,Suguru Koshigaya,kuudere/2165fd7c34332fa2.webp,"Suguru is a very quiet and smart person who mostly keeps to himself and doesn't share his thoughts with others. While he doesn't use his voice, he speaks through gestures and facial expressions. He's very talented in art, showing him being able to create a cat sculpture out of clay and being able to play the electric guitar as well as the Piano (SS2 ep1). His artistic talent goes as far as to enable him to bend a wooden plank into the shape of a bowl before securing it with nails. He can run fast and has good grades. He also can spin a pencil really fast to show he is excited.",kuudere
8b1e8a40d28e35ab,Nene Yashiro,deredere/8b1e8a40d28e35ab.webp,"I wouldn't have said this before, but I was really underestimating you . I thought you were lovesick and brainless, and never learned from your mistakes. I always wondered why Ao-chan would pick someone like you as her best friend. But...We've been through a lot now, and you are DEFINITELY lovesick and brainless. But I've learned that you're kind, and have the guts to be strong when it counts. That kindness is something I don't have. On Amane Yugi 's Fourth Birthday...If anyone is going to tamper with Honorable No.7 's past, I can't think of a better person for the job. Yashiro Nene is a very outgoing and earnest girl who seems to greatly desire the approval of her peers. She is generally kind to others, sometimes to the point of naiveté. She genuinely wants to help those around her, and is even willing to risk the dangers of associating with supernaturals in order to do so. Because she is often reliant on Hanako to protect her from dangerous supernaturals and developed a habit of calling his name when she is in need of help, Nene wants to find a way to protect Hanako and her other friends. However, Nene is also rather insecure, particularly about her ankles and whether or not people actually like her.",deredere
f483f1dc0c74d784,Chitose Kaginoji,tsundere/f483f1dc0c74d784.webp,"Chitose has a personality that quickly bends from being strong to whining and she's extremely gullible and believe anything Tsukasa says no matter how ridiculous or outlandish it might be. She considers Tsukasa like a sister, and refers to Tsukasa with the more formal ""Nee-sama"" honorific. Chitose is extremely boisterous at times and the complete opposite personality from her mother, who can come off as an airhead.",tsundere
ebc16d93cfb7ffae,Phosphophyllite (post winter arc),kuudere/ebc16d93cfb7ffae.webp,"Phosphophyllite displays a change of personality over the course of the series, mainly due to maturing, trauma, and outside influences. This is mainly due to the fact that the Gems are not equipped to deal with trauma. Initially, Phos is a young overconfident, clumsy and naïve Gem, who is the only one capable of getting away with talking back to Sensei. Many gems describe them as “lazy” and “useless” due to their fragility and incompetence, although Phos does display a drive to help Sensei and the others that’s only held back by their low hardness. Once gaining new legs, they become more capable, but not as much as they wished. There is an underlying way of how Phos acts and speaks about themself that hints at them taking the “useless” and “lazy” comments to heart, and impacting their self-esteem (which is generally what the ice floes repeat back to them). These facts indicate that Phos may have something of an inferiority complex. They settle with what they can do and constantly state that they will try better next time. Their drive becomes self destructive in its own sense, leading to them losing their arms and eventually mental stability. Upon witnessing Antarcticite’s abduction, this marks a clear point in change for Phos.",kuudere
25c264145ca5f787,Rinslet Walker,tsundere/25c264145ca5f787.webp,"Rinslet is a flirtatious and sly woman, but she also takes her work very seriously. She is very proud of being one of the best, most resourceful thieves in the world. Rinslet will help others or even destroy what she is hired to steal if the item is dangerous to humanity. She dislikes mentioning her age. She likes jewels and shopping, but dislikes stealing anything that she cannot carry on person. Rinslet cares about Jenos Hazard , although she pretends to be put off by his flirting. In the manga, Rinslet initially has a small crush on Train Heartnet , although it hasn't become anything more than that. She constantly argues and fights with Train, but the two are actually friends. Rinslet is usually level-headed, but easily angered when provoked. She cares deeply for her comrades and would do anything to keep them out of trouble.",tsundere
2782e022f4c75261,Kazuho Miyauchi,kuudere/2782e022f4c75261.webp,"Kazuho is shown to be a quite lazy and irresponsible person who is seen sleeping or trying to get out of work throughout the series. Due to the great variety of grades among the students at school, the kids are expected to do a lot of self-studying, with Kazuho dealing mostly with correcting their tests. Being the adult with the most free-time in their town, she usually ends up being the supervisor for the kids. When she was in middle school and Hikage was a first grader It could be seen that although Kazuho was sleping in class, she still seemed to hold some authority over her sister as if punishing her for her bad behavior with Kaede and currently she seems to maintain that authority like scolding Hikage for begging for money for the new year although that was minimized possibly due to tiredness",kuudere
c3bba4f96b077e40,Hikari Horaki,tsundere/c3bba4f96b077e40.webp,"She takes her role as the ""class representative"" seriously, and although she frequently bickers with Tōji , when Asuka asks her about her feelings for him, she tells Asuka that she is in love with him, but she is unable to confess that. Because a major part of her job is to make sure the class follows proper protocol, Hikari first appears to be slightly aggressive, hot-blooded, and rigid. Despite being a bossy and quick-tempered tomboy, she might believe that herself, as she apparently thinks that her skill in cooking might be unexpected when she tells Toji about it (presuming that something so feminine would be at odds with her strong promotion of the rules). She also appears to be Asuka's only and best friend. Hikari is an accomplished cook who appears to take care of her two sisters. Like presumably every one of Shinji 's classmates, Hikari's mother is dead. However, no references were ever made as to whether her father is, either. Her given name, and that of her unseen younger sister, Nozomi, and elder sister, Kodama, is also in reference to the names of the trains of the Tokaido Shinkansen line. She is also featured in a live action deleted scene in The End of Evangelion .",tsundere
c1f1624088ce0761,Homura Akemi,kuudere/c1f1624088ce0761.png,"Since her arrival at Mitakihara Middle School, she is immediately depicted as being very intelligent, athletic, distant, and cold. It is revealed in episode 4 that she is only like this because she has seen so much suffering during her tenure as a magical girl. Because of this, she does not want Madoka Kaname to become a magical girl and tries to do anything in order to stop her from making a wish with Kyubey , going as far as to attempting to injure the cat-like creature. Despite her cold attitude towards others, she still very much cares about her friends. Specially Madoka, who considers her best friend, because it is her sole objective to protect her due to the countless amount blood, sweat, and tears she has shed over her jumps in time. In the original timeline where her journey began, however, Homura is portrayed as meek, shy, timid, clumsy and is known around the school for her lack of confidence. She was also known for her physical incapability of performing in P.E. class; she would get dizzy upon doing even the simplest of warm-up exercises. This had the unfortunate result of her being a target of bullying, as heard on Drama CD 1 . Overwhelmed by her perceived uselessness, she begins questioning her existence and considered herself to be useless and worthless.",kuudere
5e78ce578ffe9e79,Kuromi,tsundere/5e78ce578ffe9e79.webp,"Despite being tomboyish, Kuromi is known to have a girly side similar to her rival Although Kuromi may look and act tough and punk, she is actually very girly and is attracted to good-looking guys. Kuromi enjoys writing in her diary and is hooked on romantic short stories. Her favorite colors are black and hot pink. As seen in some media, her favorite foods are shallots, all kinds of meat, and in recent Kuromi merchandise, cherries have been shown. Therefore, Kuromi is mostly into food and even cooks. She can be called a rowdy free spirit. Despite being a villain (in Onegai My Melody ) and is normally impish, when in a good mood, Kuromi can be just as friendly or cheerful as My Melody, suggesting she still has a kind heart. Kuromi is the ""punk"" tomboy counterpart to My Melody. Although My Melody can get along with Kuromi, the latter's feelings are more inclined to rivalry in order to appear tough.",tsundere
1f8167a57b81398b,Kobayashi,kuudere/1f8167a57b81398b.webp,"Even though Kobayashi maintains a cool demeanor, she has been regarded as kind-hearted and reliable among her friends and colleagues. Level-headed and pragmatic, she stands as the source of reason when dealing with her dragon friends. Kobayashi usually tends to show little emotion, and acts very lazy when she gets to stay at home. However, when she is intoxicated, Kobayashi tends to become rowdy and aggressive, especially in her interests in maids and is not above subjecting Tohru to her drunken whims.",kuudere
3a4381507923aee5,Mayuko Nise,kuudere/3a4381507923aee5.webp,"Mayuko was bullied and neglected by classmates and family alike. Thus, she learned to not trust anyone and this behavior reached extreme heights when she reached this world, turning her into a seemingly cold-blooded killer, that is, until she met Yuri Honjo . Mayuko is a closed off, nonchalant, and serious, who has a realistic view on the world she's trapped in. She's easily blushes, when receiving any physical affection from Yuri. She develops a close relationship with Yuri Honjo . She puts up a tougher persona, but she later lowers her guard around Yuri. in S1 EP 4, she tells Rika Honjo ""Don't worry, Yuri will be under my protection."" Mayuko also develops jealousy surrounding Yuri, when she feels Yuri will be taken from her by other people, or just has other friends. She becomes extremely protective of Yuri, stating she will ""kill all of them"" if something bad happens to Yuri.",kuudere
6ad3deafe861c629,Izumi Sena,tsundere/6ad3deafe861c629.webp,"Izumi is very much an otaku that he owns his own otaku club at college and a fascination with the story-within-a-story, Lala-Lulu . He wants to be a mangaka with all his heart, though he rarely seems to notice that he lacks the skill for it. Izumi is shy and kind, rarely speaking unless spoken to first. He seems to hide under his otaku ways to not let people see his true feelings. Izumi also gets easily embarrassed by his older brother, Shougo Sena , and his personality seems as innocent as his appearance looks. Izumi was never famous until he started dating famous actor Ryouma Ichijou , despite the fact that his family is in show biz. In the anime, he seems timid and shy, usually keeping quiet and not speaking to anyone while he does his drawings. He doesn't know how to show his feelings when he comes across Ryouma at first, but then soon realizes that he wouldn't be anywhere without Ryouma. He felt a little uncomfortable about having ""Boys' Love"" at first, but then realizes that he loves Ryoma, or as he thinks, more than love, as he says: ""Love is not enough"". He begins to believe that he is okay if he is not heterosexual, which is true. In the anime, Izumi is very happy to be back with Ryoma once the two start to become very close.",tsundere
42e86b54d8043689,Kiyotaka Ayanokouji,kuudere/42e86b54d8043689.webp,"Kiyotaka is an inconspicuous and unobtrusive student, and while his grades are average (on purpose), he possesses a sagacious ability to read the emotions of people around him with pinpoint accuracy and either helps or destroys them. Despite his apparent laziness and lack of interest in everything and everyone, Kiyotaka is actually a highly intelligent individual, often pulling the strings behind the scenes. He is well-versed in history as he has quoted many historical figures who are all well known for their intelligence. He tends to come up with ingenious and imaginative plans such as using the school rules so that he could obtain old test questions from an older D-Class student by paying him 15,000 points. He also used the rules and the purpose of points to bribe his teacher into stopping the expulsion of Ken Sudō . In fact, it is hinted by a select few that he could have easily been placed in a higher class like A-Class if he actually applied himself. He is somewhat socially awkward, as he is terrible at communicating with people and fails at correctly associating with them. As a result, he speaks in a very monotonous way (in the anime) and tends to isolate himself from his peers, not getting involved with social activities.",kuudere
6d02eaeaaf7a5b5c,Mosco Versa-0,deredere/6d02eaeaaf7a5b5c.webp,"Mosco's love of small cute things Mosco was programmed for service purposes and is shown to be extremely loyal to anyone he follows. After returning to Sister, Mosco shows a more gentle nature and is fiercely loyal to his mistress. He is deeply masochistic and submissive towards Sister, taking her insulting comments to him as compliments. Despite this, Mosco does show emotions such as excitement, happiness, and showing he has a crush on Couchpo and sadness when he cried profusely after learning about the death of Valkyrie, and witnessing Witch's death. Mosco also has a habit of saying ""Moscoy"" at times. When transformed into Cosmo, Mosco's personality effectively flips, with him becoming vastly more serious, refined, and focused compared to his normal persona. He also exhibits a very domineering side, quickly tying up Sister not unlike what she did to him and Rebecca prior and subjecting her to similar BDSM torture, all while maintaining a completely serious facade. However, Cosmo does retains Mosco's verbal tic as his sole similarity to his normal persona.",deredere
bf56d588b7b4864d,Tenka Kumo,deredere/bf56d588b7b4864d.webp,"The eldest and strongest brother, Tenka lives at the Kumo family's Cloud Shrine with his two younger brothers, Soramaru Kumo and Chuutarou Kumo. Tenka has long, black hair with tinted red tips that is tied in a messy ponytail, and black eyes. He wears a casual white kimono with a red and black cloud motif along with a black haori with the kanji letters ""Kumo"" on his back. Tenka wears red fishnet mesh around his neck, wrists, and ankles along with round red and yellow earrings. He is sometimes seen with his fan that shows the symbol of the Kumo clan on it. Tenka is very popular with many groups, and his carefree attitude draws many members of his community to respect him. Although he has many concerns, generally about his two younger brothers, he rarely drops his happy facade. One of his personal ideals is the thought of always smiling.",deredere
412f17af7054147c,Chiyu Tamade / CHU²,tsundere/412f17af7054147c.webp,"Chiyu is very professional, confident, and stubborn about her band and ideas, and likes calling herself a ""kind, generous producer"". She tends to be quite arrogant and aggressive towards the other bands, as well as her own band members at times; however, she refrains from being rude. While she sometimes has outbursts and yells at her band members, she has admitted to having trouble with controlling her emotions and finding the right words, and tends to get depressed after realizing what she'd done. She also used to be lonely before forming the band, and despite frequently denying it, Chiyu enjoys trying out new things and going to different places with her bandmates. Chiyu dreams of changing the world with the strongest music, and sees Yukina as her rival, due to Yukina turning down her offer of producing Roselia 's music. However, Yukina didn't share this sentiment of rivalry. As a result, she wanted to crush Roselia and prove that her band is better than them; she later adds Poppin'Party to this list as well. After BanG Dream! 3rd Season , she makes peace with both bands and they have mutual respect for each other.",tsundere
9d09071f2497d04b,Haruna,tsundere/9d09071f2497d04b.webp,"Haruna seems to be obsessed with fried eggs and is very good at making them. As shown when she made a whole bento with only fried eggs ('Rolled omelettes' in the English dub) and nothing else. She likes to call herself a 'genius', even though most of the things she does don't turn out right. She always treats Eucliwood as a little sister and is shown to be very childish (beating up Ayumu and getting upset over typical things). Despite being a self-proclaimed genius, she has trouble remembering people's names or important details of assignments, since she only remembers what she deems interesting and forgets everything else. However, Ayumu's name is an exception to this, suggesting that she cares about him. It appears that she has feelings for Ayumu as shown in episode 9 when Haruna beats up Ayumu for kissing Tomonori (although by accident and Haruna's fault) and not her as well as turning their date into a group activity. She also expressed concern for Ayumu in episode 11. When Haruna arrives at Nagaleria's place, she sees her on top of him and runs back home, sobbing and believing that Ayumu has become a sexual predator.",tsundere
17a564280012303e,Mokona Modoki,deredere/17a564280012303e.webp,"White Mokona is the manju-bun -like creature from Clamp’s Tsubasa Chronicle that possess several astonishing abilities, such as traveling to different worlds, teleporting objects from one world to another, and sensing strong auras. Mokona was what Yûko gave Syaoran and the others in return for the prices they paid, enabling them to go to different worlds in the search for Sakura’s feathers, and as we later find out, without Mokona they wouldn’t be able to communicate (except for Syaoran and Sakura, as they are from the same world) because they all come from different worlds and speak different languages. With the help of Black Mokona, White Mokona is able to stay in contact with Yûko, and in the manga there is an illustration showing Mokona talking to Black Mokona in the background. Mokona is also responsible for locating Sakura’s feathers, and whenever one is around it goes ‘mekkyon’ (scary face) for an instant, which alerts the others. Mokona is a very cheerful, optimistic and energetic being, and loves to tease Kurogane, who occasionally uses violence to get back at him. Similar to Larg, Soel has a strong fondness for alcoholic drinks.",deredere
4ac00507981f1095,Hibana,tsundere/4ac00507981f1095.webp,"Hibana's descent into darkness. Hibana's initially portrayed as a deceptive and somewhat sadistic person, having a twisted personality, and she enjoys inflicting pain upon Infernals she captures for research. She takes her rank as Captain seriously, and she doesn't hesitate to remind lower-ranked members of their place. She also has a sovereign-like complex, which she typically expresses towards men under her command. She manipulates people using her charm and beauty to get her way, while she's also being a dominant and controlling person who thinks of others as insignificant; by going as far as using her own comrades as stepping-stones from her throne. Hibana's highly ambitious, she wishes to gather as much data on Infernals as she can, and unravel their secrets, but she also recognizes its value as leverage, using it to gain her current position, and improve her standing. In her own words, she saw the evils of the world and thought that in order to combat them effectively, she needed to become that evil she was fighting. Hibana does have a good heart, though, experience turned her into more of a cynic. As a girl, Hibana was a young sister of the Holy Sol Temple , but she didn't share the faith and devotion of her sisters, and she was casual about showing off her abilities.",tsundere
3487590ff14126f5,Satome Murano,deredere/3487590ff14126f5.webp,"Satomi is depicted to be a very average, thoughtful and tender-hearted young girl with a overall cheerful attitude and she is shown to have interest in Shinichi Izumi at the beginning of the show as she has a rather obvious crush on Shinichi, to which her friends tease her with. She even describes Shinichi's change as ""cool"" and notes this change to Shinichi himself, though later begins to question why he changed, disliking his colder, more forceful personality. She is shown to greatly care about both her friends and Shinichi, as shown when Satomi often goes to Shinichi's house to check on him when he's missed school or when he's seen lost in thought. She is also perceptive, noticing that there is something slightly off about Shinichi's right hand. Despite being traumatized by the death of many of her classmates during Hideo 's last stand , she doesn't talk much about it. She does suffer nightmares and become distressed when Shinichi continues being involved in parasite-related events. However, despite her demure personality, she shows strength when a serial killer threatens her, and staunchly defends Shinichi from his insinuations.",deredere
4f42a69cc3cab6af,Anju Maaka,kuudere/4f42a69cc3cab6af.webp,"Anju is a gloomy, grim, reserved, glacial, and pensive girl, who for the most part, displays very little expression and has an acerbic, biting wit. She is shown to deeply care about her family, more specifically, Karin. One notable trait of hers is her loyalty and care for her big sister, as she is always shown to be concerned of Karin's well being and would be willing to sacrifice her own happiness in exchange for her sister's. Because of Kenta's romance with Karin, Anju takes looking after them seriously. After she awoke as a real vampire, Anju sensed Kenta's loneliness and offered to drink his blood; reason being loneliness can lead to misery, which made Karin's blood increase. She was also the one who suggested and planned Kenta's involvement in their family secret as she fears that she won't be able to stay with Karin when she grows to be a full vampire and no one would be able to watch out for Karin during daylight. She is quiet, very mature, and is not afraid to stand up to anyone, including her older brother. Anju prefers to wear Gothic Lolita clothing, and a black bow to tie her hair with. Anju has a hobby of collecting dolls, but her favorite doll is Boogie (called ""Boogie-kun"" by Anju), which contains the soul of a serial killer known as the ""Striped Shirt Slasher"".",kuudere
1e57eee45913ff1f,Kabae / Hippatrica,deredere/1e57eee45913ff1f.webp,"Kabae has a very bubbly personality, loves to talk about her family, and is quick to spread rumors. Despite her tendency to leave a path of destruction with her rumor spreading, she is a genuinely good person who even went as far as going to Retsuko 's house to care for her while she had a cold. Furthermore, behind that joking attitude, Kabae is a very effecient worker and hire trainer, respected among her peers. She is also seen to care for her coworkers as when she was asked to resign, she was worried that if she declines, they will ask some of her coworkers to resign.",deredere
e8d7ad978628a649,Lenalee Lee,deredere/e8d7ad978628a649.webp,"Lenalee is a kind, caring and friendly young woman who treasures her friends and those she comes to think of as ""family"" more than anything else in the world; in fact, Lenalee's view of the ""world"" is comprised completely of those around her, and when someone dies, she sees it as a piece of her ""world"" getting destroyed. Because of this view, Lenalee can be quick to anger especially when her friends and family take what she feels to be unnecessary risks. Because of this, people tend to try to avoid upsetting her. Having suffered a traumatizing childhood, Lenalee tends to break quickly when confronted by those who were part of her dark past, and she hates some of her superiors and their ideals so fervently she once declared that she hated the Innocence and even God. It is noted by Cross Marian that she used to bottle up all her emotions inside but is much better currently at letting them out. Lenalee is so frightened of losing those around her that she suffers recurring nightmares of the Order being destroyed and everyone around her disappearing. One of Lenalee's biggest regrets is the time she left Allen behind to save a girl when Allen told her to, and not being able to be at Allen's side when he was fighting Suman and was ""killed"" by Tyki Mikk .",deredere
c86a0500687f88c8,Elizabeth Joestar / Lisa Lisa,kuudere/c86a0500687f88c8.webp,"Lisa Lisa is like any Ripple master, a dignified and courageous woman, facing the Pillar Men without fear, and confidently confronts any challenge she encounters, especially in regards to fighting someone. Lisa Lisa takes some pride in her fighting ability and tells Joseph that she doesn't need a youngster like him to win. Lisa Lisa is constantly portrayed as a brave woman, being able to bluff Kars into sparing her and Joseph when they are surrounded by vampires without letting any emotion transpire and in the past, immediately killed the zombie who murdered her husband George II , forcing her to hide in Europe. ""Climb the pillar with just your hands, that's the only exit. If you can't climb out then you'll stay here until you die. As the master of Caesar and Joseph, she skillfully employs harsh and apparently life-threatening training for her students and is severe to Joseph, whose antics she doesn't tolerate during his training. Being the de facto leader of the Ripple Users, she is an authoritative leader and reminds everyone that their emotions are secondary to their goal of defeating the Pillar Men. After Caesar 's death, Lisa Lisa tries to maintain an insensitive facade, telling Joseph to immediately focus on the fight.",kuudere
bc0c24e9efee3371,Anna Yamada,deredere/bc0c24e9efee3371.webp,"Yamada on the surface has a very infectious and positive outlook on the world. She appears to be at the center of most of the social circles she is in, and is often the topic of discussion amongst her friend circle. Despite this, she seems to sometimes find that her relative fame and mature looks attracts shallow actors to her, such as Nanjou and Adachi . She has a mild case of androphobia because of this, and attempts to avoid contact with most men, such as when she refused to get powdered sugar on her cocoa bread when a boy was distributing it. Her friends seem aware of this, going out of their way to block men from coming in contact with her by forming a human wall around her. Her sometimes flighty personality also causes her to abandon her personal projects and ambitions. She has internalized this as a fear of her own abandonment, compounded by her dread of having shallow interactions with others. She is a self-admitted crybaby, sometimes shedding tears over fairly minor things, though this doesn't usually last long. Given her immaturity, she can be, albeit unintentionally, somewhat physically possessive or domineering of people, especially those who are much smaller than her like Kobayashi and Ichikawa , though this is mostly played for comedy.",deredere
f907e344ae9f1c84,Momo Chiyoda,kuudere/f907e344ae9f1c84.webp,"On the surface Momo acts calm and stoic, however her true self is quite emotional, though she only shows it to those close to her. She is socially awkward, lazy, easily embarrassed and upset, and rather petty: holding long grudges and taking criticism to heart. However, she is still a kindhearted and loyal person, seeking to help others and caring deeply for her friends. Throughout the series, Momo enjoys helping Shamiko become stronger in all aspects despite Shamiko's goal of defeating her. She has a strong passion for cute things (like cats and Tamasakura-chan ) though she never admits it and avoid or derails any subject regarding herself. She is a huge muscle-training enthusiast, placing great value in physical strength, though this passion led her to become quite hotheaded, believing all problems can be solved through force alone. Until she met Shamiko, Momo had shown signs of depression and avoided transforming into a Magical Girl due to personal reasons and lack of motivation, but the time she's spent with Shamiko and the rest of the cast has helped her move on and open up.",kuudere
25e2c121ae58da1a,Zack,kuudere/25e2c121ae58da1a.webp,"Zack is a strong fighter. He is athletic, great with weapons and at escaping, and as so, he never flinches when staring death in the face. This is why he is dubbed the most experienced veteran among the Goldy Pond children, and it's always he who risks his neck during hunts. He has saved Nigel and the other kids' lives countless times, demonstrating his selflessness and loyalty. He also knows the dangers of Goldy Pond and does not hesitate to take the most difficult tasks for the sake of his comrades, as evidenced by the scene where he volunteered to take charge of Bayon despite the danger. He didn't want someone else to die in his place and felt like he was the only one who could handle Bayon. He also has full confidence in Oliver , as shown by the fact that he deliberately changed the plan and handled Bayon alone while Pepe took charge of bringing the gun to Oliver.",kuudere
80e6654332c8ed9d,Isuzu Sohma,tsundere/80e6654332c8ed9d.webp,"Prior to the start of Fruits Basket, Rin was noted to be a sweet and kind girl at a young age. Although it's worth noting that she had a relatively happy home growing up, things eventually began to take a turn when she began to suffer from a multitude of abuse and abandonment from her parents, constantly. As such, her self-worth and trust in people (aside from Haru, the latter of which she became close with growing up) were destroyed badly. Despite blaming herself for her own misfortunes, followed by the circumstances of believing that her parents wouldn’t have hated and abandoned her if she wasn't viewed as a “bad” child in their eyes, she grew majorly depressed, as a result. And while her parents would never show her an ounce of love or kindness, it's thanks to Haru, that Rin was able to retain her sweet and kind personality as before. At the point when Rin and Haru began a relationship, and that she decided to come clean to Akito about it, as a means of having to protect him from any harm that could potentially be inflicted upon him, she knew she'd find herself facing the latter's wrath soon after.",tsundere
1fce67032a223e73,Natsume Hyuuga,tsundere/1fce67032a223e73.webp,"Natsume comes off as cold and easily angered, but his attitude is mostly a facade. He wishes to get involved with no one and vice versa. However, Natsume has followers who admire him for his rebellious attitude against the school, such as Mochiage; who also regulary skips class. He also has admirers, like Sumire who likes Natsume for his looks and ""coolness"". On the other hand, Natsume has people who fear him for being the Dangerous Ability Class and call him a murderer, like Sumire's brother. Natsume brushes off these accusations, but it is clear how he feels about this. Natsume seems to suffer from PTSD, as he frequently has nightmares and anxiety episodes due to the abuse inflicted on him. As a result of the abuse and the dangerous missions he is forced to do, he began to lose hope in life and in his future. According to Ruka, before Mikan arrived, Natsume threw his life away and was on the road to failure, but upon her arrival, Natsume changed for the better and became stronger. Ruka and later Mikan are some of the few who knew about his kind side and his motives behind his behavior. Natsume is protective of his friends and family and he is willing to suffer for them and sacrifice his life and freedom so that they won't get hurt.",tsundere
2584a1b0c2e4c27b,Misuzu Kusakabe,tsundere/2584a1b0c2e4c27b.webp,"Before Kakeru Satsuki 's power awakened, Misuzu was the main strength of the gang. She is rational, knowledgeable and has good leadership, which leads the gang to victory on numerous occasions, even though she has a bit cold and condescending attitude toward others people. She is also very independent, as she lives in a mansion deep in the mountain, but does everything by herself instead of hiring maids or butlers. However, being so rigid about traditional ways of Japanese, Misuzu is actually very naive about modern ways of doing things, to the point that she even considered ordering rice balls in a cafe . At the beginning, she didn't get along with Yukiko Hirohara , Shiori Momono and Takahisa Tajima but later warmed up to them (she has a better relationship with them in the anime). On the other hand, while being strong on the surface, Misuzu is the weakest mind of the group. She was traumatized when Misao Kusakabe revealed the truth about the ""fragments"". For a short few days when Misao give the group's remainders time to think over whether they decide to continue to be her and Avaritia's opponent or to commit suicide by themselves, Misuzu thought of killing herself and was snapped back by Kakeru.",tsundere
1d90ac5cca61c80b,Pony Tsunotori,deredere/1d90ac5cca61c80b.webp,"Pony is a born-and-bred American of Japanese descent, and is not completely fluent in the Japanese language. She is shown to be friendly, and also somewhat naïve and innocent in personality, as shown when Neito Monoma tricked Pony into threatening Class 1-A because she didn’t understand what Neito told her to say. ""Jeez, don't keep us in the dark like that!"" As shown during the Joint Training Arc, Pony is a thoughtful and diligent person. Being very determined and observant in combat, she was willing to draw out the time and settle for a tie upon realizing that she couldn't secure her team's victory and did not want to be the reason they would lose. Despite often being friendly, she did make some unkind comments towards Mezo Shoji in their battle, calling him an ""octopus"" and saying she doesn't like looking at him. When Pony gets angry or is thrown off by something, she starts speaking in her native English. Pony and Manga Fukidashi bonded over their love of anime and manga, and Pony started an anime viewing in the dorms. The rest of Class 1-B know a lot about anime and manga thanks to her.",deredere
98d4c46daa50ad18,Machi Kuragi,kuudere/98d4c46daa50ad18.webp,"Machi is depicted as a very quiet, standoffish, and emotionally detached girl who is considered to be a lone wolf and has little desire to put in any effort into meaningless disciplines or activities, and only does what she is required to do. She also has great difficulty with expressing herself and communicating with people in general, and rarely speaks up for her own wishes. This sometimes leads to her older half-brother, Kakeru, making decisions for her, and fellow student-council member, Kimi Toudou , dragging her around. At the same time, Machi is incredibly perceptive, as she is easily able to pick up on things that no one else does, though she never expresses her thoughts verbally. She is also shown to be secretive, as there are things about her that she doesn’t want people around her to learn, and she rarely ever explains her actions to others. Because of this, this tends to make her come across as mysterious, strange, or even frightening to others around her. The reason behind her behavior likely stems from the fact that she'd constantly get pressured into being “perfect” for her mother’s sake during her childhood, that is, up until when she was eventually thrown aside by the very person that she worked so hard for.",kuudere
479e49defad09978,Goemon Ishikawa XIII,kuudere/479e49defad09978.webp,"Goemon has an extreme sense of pride in his abilities, and when he cannot accomplish a task, he usually feels extreme shame and remorse. Breaking Zantetsuken, as he did in a battle with Flinch from Mystery of Mamo , is a common cause of shame. He will also show chagrin when he succumbs to his weaknesses, as when a woman ran off with his sword in Tokyo Crisis . On many of these occasions, Goemon will leave to meditate or further train to rid himself of his weak points. Goemon's most oft-seen way to pass the time is meditation; during inactive moments, even with potential danger near, he is usually seated on the floor with legs crossed, eyes closed. So deep is his trance that's he's virtually unmovable from this posture. Goemon shows allegiance to Japanese culture as strictly as his traveling and unique lifestyle can allow, always seen dressed in his traditional Japanese clothing. His preferred food is Japanese cuisine, which is one of his two great weaknesses, as cops & a few enemies have used his favorite foods to lure him into traps. He has also been bribed into doing things he doesn't want in exchange for Japanese food. He is a firm believer in Buddhism and Shinto . Although he may toast with champagne, his drink of choice is sake .",kuudere
4879047c88c0c10c,Chitoge Kirisaki,tsundere/4879047c88c0c10c.webp,"During her first two weeks at Bonyari High School , she is also depicted as aloof and prone to lashing out even at strangers, as noticed by Raku during their first date together which was supervised by their clans. Due to the overprotective Claude , she had trouble making friends wherever she went to school in the past, and as a result, had to write about her classmates in an attempt to get closer to them. After (unwarranted) advice from Raku regarding approaching people, Chitoge makes friends with ease and becomes a bright and cheerful girl; despite still harboring ill-feeling towards Raku, she also becomes more helpful towards others. Chitoge is somewhat oblivious when it comes to love and others' love interests, for example, how she didn't know what Seishirō Tsugumi ’s ""symptoms"" were, which were actually love. She is also very athletic as she can easily jump over the school's walls and swim the length of the school pool in a couple of seconds. Chitoge is very attached to the red ribbon she wears on her hair, such that she becomes very emotional and sad when she isn't able to wear it. It should be noted that she treasured the ribbon for two key reasons: because her mother gave it to her, and secondly because Raku told her when they were young that it would look good on her.",tsundere
21a2713be70e55d4,Unicorn,tsundere/21a2713be70e55d4.webp,"Unicorn thinks very highly of Falulu and is somewhat overprotective. She seemed somewhat like Usagi, except that she acted more arrogant and cold. However, she did it with reason - to keep Falulu from getting too close to others. After this failed, she was full of grief and became hostile towards the other idols. After Falulu was reborn she became more friendly and generous, as well as more tolerant since she has to take care of Falulu and thousands of Vocal Dolls. She tends to add ""-dechu"" to the end of her sentences.",tsundere
4897ed6db2f17b2f,Eris,deredere/4897ed6db2f17b2f.webp,"Eris has cheerful and bubbly personality and is shown smiling in most situations She easily befriended many people, and regular cats she has met on Earth. She develops feelings for Kio after she found out he risked his life to save her when she was captured. When Aoi admitted that she was jealous of her closeness to Kio, she did not bear any ill will towards her and is happy that somebody else shares the same feelings as she does.",deredere
51065d5c761157db,Issei Todoroki,tsundere/51065d5c761157db.webp,"Issei has always been a troublesome child, and even now he still tends to hang out with bad guys. He doesn't like being alone, and so he is often seen with Futami Akabane and Takamichi Sanzenin , who have been together since high school. He usually lets his guard down when he's with Futami and Takamichi, but toward other people he acts quite menacingly. Because of the inseparable relationship between him and the producer, Issei talks to her with a greater sense of gentleness and lightness.",tsundere
8213c07b1310125d,Kirino Kousaka,tsundere/8213c07b1310125d.webp,"Kirino is known for having a go-getter attitude. She shows a keen focus on anything she deems interesting, whether it is studying and athletics, or hobby-related activities. This attitude of hers when it comes to school activities has rewarded her with above-average marks, even as she enters the career of modeling. She developed a sort of perfectionist attitude due to becoming an overachiever, which eventually made her more prone to struggling when the odds are against her. When these moments come, however, she displays a more passive side. Although she maintains this attitude, she slowly tries to open up to her brother at times, reluctantly expressing gratitude for things that Kyousuke has done for her. It is later clarified that she does care for Kyousuke, although she chooses indirect methods, sometimes laced with her sharp tongue, to show her sisterly affection for him. She has a strong ""little sister"" fetish and owns many adult games with older brother/little sister themes, which is funded by her salary from her modeling job. Despite this, she insists that she does not know why she started liking it, though it is suggested that Kirino has a brother complex and is using the games as a surrogate to this.",tsundere
3f6a073f19cba442,Alice Kisaragi,kuudere/3f6a073f19cba442.webp,"As an android, Alice is usually stoic, pragmatic, and cold-blooded, and since she was made by evil organization, Alice is also scheming and calculating, manipulating people around her by faking innocence or being authoritarian, as well as a bad deeds inciter. However, although Alice is a soulless machine, she isn't deprived from emotions, enjoying nicknames, compliments, and good treatment like winning gifts and being treated as a person. Alice is also a diligent and versatile leader, doing paperwork, holding diplomatic meetings, leading Kisaragi agents both in the field and at the workplace, handling weaponry and machinery, and formulating strategies to combat. However, she tends to be heartless, sarcastic and disrespectful with her underlings and even her superiors, insulting them by not mince words while making her point of view about them known. Furthermore, as a prideful fruit of science, Alice can't stand magic, questioning stubbornly the magic events that surround her while giving them scientific explanations, since she has absolute faith in science. Alice is also very friendly with her fellow robots.",kuudere
86f4a9a6153032c3,Cathy,tsundere/86f4a9a6153032c3.webp,"She accompanies him when he sets off to follow of Ann on the bloody road. She seems very attached to Jonas but treats Ann with less respect, which sometimes earns her to be snubbed by her master. When some of Ann 's silver sugar is stolen, she blames Mythrill Rid Pod , claiming to have seen him do it. However, it is revealed soon after that she is the thief. She acted on orders from Jonas , so that he could steal Ann 's creation and present it as his own in Lewiston.",tsundere
cbb00e08b2d0e49e,Kallen Stadtfeld,tsundere/cbb00e08b2d0e49e.webp,"Kallen's general personality is that of a strong willed, determined, loyal and brave individual, who can also be quite short tempered and impulsive at times; She is also compassionate, quite sensitive and truly gentle to those she cares about, and has a strong sense of justice. While being presented as a cheerful kid through past pictures within her house, she doesn't show much of this side of her anymore within the show, being fully focused on the rebellion and her determination to take back what Britannia took from her and her people. In her Stadtfeld persona, Kallen is a demure, shy and well behaved young lady, having a fair share of friends despite being almost never present at school, even though she doesn't like playing this part and holds some prejudice against Britannians in general. While being both Japanese and Britannian, Kallen had the ability to live a normal life. However, she refused to fully accept her Britannian side as it would mean abandoning her Japanese friends, people, and self; Thus making her one of the few selfless characters in all the series, selflessness which will culminate at the end of the anime when she will have to face the one she loves for the sake of the world.",tsundere
75e34d59f55cb4a0,Hinata Tachibana,deredere/75e34d59f55cb4a0.webp,"Hinata has a very outgoing and upbeat personality who is highly optimistic and always finds ways to make undesirable situations better. Even when others become demoralized or despair, Hinata remains strong in order to push them forward. She is an incredibly strong-willed and determined teenager, willing to take drastic measures in order to protect those she cares about. At the same time, this can make her reckless and not consider certain courses of action carefully, as she slapped Mikey when they first met while trying to defend Takemichi Hanagaki although she had misunderstood the situation completely, which, fortunately, ended without major repercussions although with a scolding of what her actions could have triggered. Hinata is deep down a very kind individual who can befriend others rather easily and looks out for others constantly. Her bright nature brings comfort and solace to others who rely on her for support. Hinata can nonetheless be fairly terrifying when angered.",deredere
18cd450d6276ac55,Benimaru Shinmon,tsundere/18cd450d6276ac55.webp,"Benimaru smiling uncontrollably while intoxicated. Benimaru is short-tempered, would rather work alone or solely with his brigade, and can be somewhat disrespectful to many of his seniors. Despite this, he has a lot of faith in himself and in his brigade. He doesn't concern himself with any part of Tokyo other than Asakusa, not caring about the rules that the emperor has created, and proudly acts on his own agenda along with his brigade. He is an honest man, though sometimes honest to the point where he is rude to others. Although Benimaru destroys buildings and houses in Asakusa when facing an Infernal, he is seen as a hero and benevolent by the citizens. He seems to care about Asakusa and the people who reside in it and is upset by having to put an end to the life of someone he once knew and becoming extremely angered when misinformed as shown by the cause of death of Kantarō angering him to the point of fighting the entire 8th Brigade. Generally, he is very calm and nonchalant, even while purifying Infernals, but when angered, fights recklessly. He also has a hot-blooded side that takes pride in his skills and yearns for opponents to give him a fight worth his time.",tsundere
c20d83b6355636df,Shin,tsundere/c20d83b6355636df.webp,"Shin is a reserved and mysterious person. Sometimes he affectionately calls the Heroine ""idiot"", but he deeply cares and loves her in his route the Heart World, and he has been good friends with Toma since childhood. He carries a heavy emotional burden of his father having killed someone by accident. Due to social stigma that resulted from that accident, he wasn't able to make friends which made him a social outcast. Only his childhood friends, the Heroine and Toma, stayed by his side because they cared and tried to help him. He blames himself for the injuries the Heroine got in the incident on Shinano trip.",tsundere
cc379437d7c47633,Ryuuko Matoi,tsundere/cc379437d7c47633.webp,"Ryūko has a relatively simple personality: fierce and stubborn. She fears little - she directly and disrespectfully addresses Satsuki Kiryūin , demanding that her questions be answered, and when she fights Takaharu Fukuroda even though she is clearly overpowered. Later on, she is shown to be quite embarrassed when forced to fight in Senketsu's very revealing alternate form, though she overcomes her embarrassment in Episode 3 . Whilst she is not afraid of fighting to her death, she is somewhat self-conscious. Ryūko is generally confident once she adjusts to using Senketsu. She's willing to try all sorts of unconventional and inventive methods to defeat opponents, seen in her battles with the Elite Four. Her confidence does occasionally backfire, as shown when she underestimates Uzu shortly after his eyes are sewn shut. Even though most of the time she is seen stubborn and fierce, sometimes she can be calm, polite, content and warmly flattered. This is mostly seen when eating with the Mankanshoku family and Episode 7 . She admires the way Mako's mother makes food and has kind manners. She later tells Senketsu how fun dinner was with them because of how her mother died when she was young and her dad sent her to a boarding school, never knowing how a family dinner was like.",tsundere
b1cd24836441ff3a,Lala Satalin Deviluke,deredere/b1cd24836441ff3a.webp,"She is incredibly enthusiastic about the smallest things and has a very bubbly and slightly childish nature, which is most likely the result of being raised as the first princess of Deviluke. Although she can also be a bit of an air-head and a scatterbrain most of the time, she is known for her genius-level intellect as seen in her amazing array of inventions; her planet even wanted to use her for weapons research and engineering. She is very caring and generous and appears to have a need to make everyone she cares about happy, even those of which she doesn't have any real relationship with, such as her teacher. This trait, along with her vast intellect, is obviously one she inherited from her mother. She is very naive about earth culture and will often make highly dangerous mistakes by either accident or serious miscommunication. Despite her naturally cheerful and somewhat childish nature, Lala is not as emotionally immature as she would appear. She has, on rare occasions, become upset and angry at other characters, even Rito, over serious issues. One incident in particular involved her spending the night with Haruna because Rito had yelled at her, which made her doubt if her affections would ever be reciprocated ( Chapter 31 ).",deredere
d015e3c718ae7cde,Chuuya Nakahara,tsundere/d015e3c718ae7cde.webp,"Chūya showing his temperament on seeing Dazai. On the surface, Chūya is a temperamental and rather arrogant, blunt man. He revels in fighting, happy to show off his combative ability, and taking great pride in his reputation as the mafia's strongest martial artist. Taunting remarks pair with his pride, as he isn't above ridiculing his opponents in the middle of a fight. Befitting of an Executive, he has no qualms eliminating the Port Mafia's enemies by any means necessary, including murder, however, isn't nearly as homicidal in his tactics as members such as Ryunosuke Akutagawa and the members of Black Lizard tend to be. For as hot-headed as he may seem, Chūya isn't impossible to reason with. In fact, he's rather reasonable when no one is pushing his buttons. While his skills and presence signal an inherent threat, he's reliable enough for Mori to assign him the task of confronting the Armed Detective Agency during the three-way conflict involving the Guild . It's true he didn't hesitate to retaliate and fight back against Akiko Yosano and Kenji Miyazawa (in fact, he takes great pleasure fighting against people that put up a good fight), but as soon as Yukichi Fukuzawa addresses him for more information, Chūya disengages from the battle.",tsundere
914fe9608aff41f3,Mitsuhiko Tsuburaya,deredere/914fe9608aff41f3.webp,"Mitsuhiko enjoys reading science books and takes a scientific approach to problem-solving. He is a smart and well-read first-grader who believes that technology can solve most problems. Due to his strict and formal upbringing by his parents, he tends to be very formal towards his elders, addressing them (in Japanese) with the formal suffix ""-san"" without regard to the intimacy of their relationship.",deredere
3689bdee85ba9d97,Kongou Daijihishou Jizou Bosatsu / Adamant,kuudere/3689bdee85ba9d97.webp,"Normally, he is very quiet and stoic. When he speaks, he is straightforward and concise. He only rarely displays emotions, but this is rumored to be because he is deliberately hiding them and that his face would be very easy to read otherwise. On the rare occasions where he shows humor, he is still as deadpan as ever. His composure usually only falters under two conditions: first, when Gems put themselves in harm's way carelessly, second, when he is confronted by matters from his past, such as the subject of humans. These cause him great alarm. When he is angered, he is capable of tremendous unintentional destruction, shattering weak Gems with the force of his voice alone or cracking stone floors by walking over them. These emotional expressions never last long and he very quickly reverts to his relatively expressionless face. Otherwise, he is nonchalant and tolerant. He allows Gems without critical duties to do work on their own times, and is blasé about them prying into his past or secrets. Kongō seems cautious using his power as to not shatter the Gems, unless he decides to scold them for making trouble or putting themselves in danger. He cares for the Gems considerably and blames himself when they are injured or taken away by the Lunarians.",kuudere
dec5ec099fc4d5af,Belgium,deredere/dec5ec099fc4d5af.webp,"It was revealed in Christmas Rampage '07 that she is the younger sister of Netherlands and the older sister of Luxembourg . It is said that although she is mature and has a cheerful personality, she doesn't stand out much due to the flashy people she is surrounded by. She loves making waffles. A note in a later character chart by Himaruya indicates that she speaks in a Shiga dialect. Earlier notes on the character describe her as a tsukkomi (""straight man"") type, and state that she is often pushed around by her siblings. In her profile in the third manga volume, she is described as being "" a diligent, kind, meddlesome and friendly older sister! Although her features stand out, her clothes are simple and not very conspicuous! "". And that she "" Loves Gourmet and tasty snacks! "" Also, in a separate translation it is stated that she is "" a cheerful, good-natured, but slightly nosy older sister. And scary when she's mad! "" It appears that she is quite willing to help complete strangers, not even pausing to consider their intentions.",deredere
d3f6bcca27749d98,Nizihamu-kun / Prince Bo,tsundere/d3f6bcca27749d98.webp,"At first, Prince Bo was snooty and a bit rude towards Hamtaro and his friends. But after Hamtaro saves him from Howdy 's manic crowd of hamsters, he starts to loosen up. He is agile, cunning, and cares for his friends and the people of his kingdom. Bo is known to be looked after by ""the Queen"", a large, angel-like human entity. Given her name, it is possible that the Queen is intended to be Bo's mother, though this is not entirely clear. At one point, Bo didn't like the fact that he was heir to the Rainbowland throne, but eventually accepted his position and took pride in his heritage. In the game Hamtaro: Rainbow Rescue however, Prince Bo is honest, brave and friendly and he's grateful for Hamtaro and his friends' help to get the colors back on his umbrella. However, he does have a bit of a sensitive side, as shown when he cries for his parents. In the Hamtaro: Ham-Ham Games video game, Prince Bo has a fierce and competitive side, but he's still friendly towards Hamtaro as well as congratulating him for his skills too.",tsundere
ea32e426f5de2311,Rei Hoomaru,kuudere/ea32e426f5de2311.webp,"Rei always shows a very serious and professional front, though at times she seems comfortable making personal remarks about Ragyō, even as her underling. She also shows no objection to her boss's questionable character, due to the fact that she was saved and given a name by her. Rei's loyalty to Ragyō is unwavering, leading her to unhesitatingly put herself at risk to protect her superior. She is even willing to offer herself as the final sacrifice to Shinra-Koketsu , allowing Ragyō to unleash the full power of the ultimate Kamui . After her boss' death, she decides to take revenge, changing her calm and collected self into a rage-filled radical. However, despite all she did, she wasn't a heartless person. In the end, she proved herself capable of redemption by accepting Satsuki Kiryūin 's offer.",kuudere
d69225c491bda205,Alph Hingley / Kat,tsundere/d69225c491bda205.webp,"Catt is a Silver Sugar master who resides in the town of Lewiston with his labor fairy Benjamin . When his sugar confection order is destroyed in a robbery attempt, he falsely assumes Anne is responsible and has her work for him temporarily. Despite his harsh and tough demeanor, he respects Anne's hard work and skills and is willing to admit to his own mistakes, apologizing when she proves her innocence. He does not like people of high society or tolerate those who treat others unfairly, refusing to sell to customers he dislikes or petty artisans who harass Anne. Catt’s real name is Alph Hingley and he dislikes his nickname. He is also acquainted with Hugh Mercury and Keith Powell. He comes to Anne's aid throughout the story, defending her character whenever she is accused of cheating or taking shortcuts.",tsundere
57893550834693c2,Isuzu Sento,kuudere/57893550834693c2.webp,"Isuzu has a stoic personality. She is very quick to use her magical gun . Her face is usually expressionless and having no emotion. She finds it hard to smile and is not good at understanding jokes. If she thinks too much, she gets confused with what to say. She comes across as cold and blunt but behind that she is also very sensitive. She also has trouble expressing her concerns such as Kanie wanting more staff which made her worry over her own position. The rare times she has another facial expression is when she is either nervous, embarrassed or completely surprised by the things around her. Isuzu's violent temper She appears to be very violent but that is because she is unaware of the ""proper"" ways to approach and ask help from humans. She has little experience with social interactions with normal humans or just does not have good socializing skills. However, Isuzu has a monstrous temper as whenever she gets angry, her eyes become empty, her expression becomes blank and a red aura appears around her body. During these times, she is fully aware that she is violent, but continues with what she is doing because the people who caused her rage (usually Macaron or Tiramy) did something that rightfully caused her to get angry.",kuudere
9d64c06b60ef86b2,Ozen,kuudere/9d64c06b60ef86b2.webp,"Coldness dominates her personality. She can often be cruel, cynical, and apathetic. Even after discovering Reg 's high durability, during their fight, she continued to hit him anyway, citing that ""after a while she just got too into it."" She despises lying to children and rarely does so, even if it means telling them brutal truths. Ozen has absolute control over her facial expressions, making her actual feelings (or lack thereof) ambiguous. However, she is not completely devoid of warmth. She privately and dearly cares for Lyza and even accepted her request to be her apprentice. When Riko and Reg leave the Seeker Camp , Ozen reflects to herself that she would have preferred that they stayed longer so that she could continue to reminisce about Lyza. She also treats her newest apprentice, Marulk , (for the most part) kindly. Fostering him at the Seeker Camp and also protecting him from having to suffer from a sensitivity to surface light.",kuudere
f4894bee30ee60a9,Ashe Talton,kuudere/f4894bee30ee60a9.webp,"Bel Teinburen ( ベル・ティンブレン , Beru Tinburen ) is a member of the Knights of the Hospital of St. Bénézet, a group of sword-wielding monks who provide aid and medical care to sick or injured pilgrims. He was an orphan raised by the monastery and chose to become part of the knights due to his only ability to wield a sword. Many of the villagers are disgusted and wary of his appearance due to the obvious bloodstains on his white clothing. He is rather kind, showing pain when the ladies are executed painfully as witches. Bel is a teenage boy of average height and build with short and messy black hair with light-colored eyes. He bears a burn scar on his right arm from when he cuts Ashe's hair to help her. In the illusion caused by the Tarantera, his face is greatly aged and branded with a 5-pointed star on his left cheek as a mark of a renegade and exile. His hair has grown wilder and he has a light stubble on his face. Ashe Talton ( アーシェ・タルトン , Āshe Taruton ) is a young woman who works at the clinic in Brokken Brook, assisting the local doctor Johan Talton in treating patients and making medicine, and is treated as his foster daughter. She previously used to live in another village in the South but she was persecuted there for her abilities and eventually left.",kuudere
1ff9a5c912c5e646,Rana Linchen,deredere/1ff9a5c912c5e646.webp,"Rana is generally a ""happy-go-lucky girl"" who enjoys being with Kazuya, whom she claims to be her ""soul-mate"". Though free spirited and teasing, she also tends to be very competitive against Satella, mostly over Kazuya. Perhaps because of her rural upbringing, Rana has little modesty or shyness and is not afraid to get close to Kazuya, often rubbing up on him. When the thugs in her introduction told her to strip, she did not show the same mortification as Hiiragi; she was simply infuriated at the thugs' behavior. Her playfulness is shown when she sneaks into Satella's room when Satella was planning to baptise Kazuya, tying him up in the dark and impersonating his voice to get Satella to embarrass herself before turning on the lights and revealing herself. This shows that despite her original naiveté and great strength Rana is really a free spirited, teasing, and mischievous girl at heart. Rana possess strong will and determination and would not back down from something she set her mind on. This is seen in her attempt to pair with her ""soul-mate"" and her rivalry with Satella. Another example is seen during the 13th Nova clash arc when she used the Valkyries equipment and despite going through great pain she didn't give in.",deredere
32e6a85f2afb0558,Rider,tsundere/32e6a85f2afb0558.webp,"Rider was originally depicted as a very negative and serious player who very much hates teamwork. He has said things such as, ""If you work as a team, someone is bound to mess up"", and, ""You only need one good player to win a turf war"". After Rider learned about teamwork and friendship, he started to be more caring of others (including his teammates), despite still having his serious attitude. He trains with many weapons to learn about their performance.",tsundere
e836dfca09ec3cd2,Yuu Koito,tsundere/e836dfca09ec3cd2.webp,"Yuu seems to have an unrealistic and romanticized view of love, drawn from songs and shoujo manga. She expects that feelings of love should be perfect and overwhelming, and when she does not experience this, she comes to the conclusion that she is incapable of falling in love with anyone. Even as things progress further with Touko, Yuu continues to deny to herself that her own developing feelings are those of love. Many of the people who know her well, such as her sister , comment that Yuu has a problem of being very indecisive. She has a lot of trouble deciding what to do with her future and seems to lack any particularly strong drive or interests, although she does seem to have some talent at athletics. However, when she does finally make a decision – usually at the request or suggestion of someone else – she gives it her all. But even in these cases, although she is reliable and works hard, she doesn't seem to be very emotionally invested in anything she does. Usually, she is laid back, relaxed and unbothered by things, even when they go wrong. However, one of the exceptions to this is her relationship to Touko, which is one of the only things that can cause her to get worked up.",tsundere
ab2d3f01f793206f,Komachi Hikigaya,deredere/ab2d3f01f793206f.webp,"Unlike her brother Hachiman Hikigaya , Komachi has a cheerful, lively and somewhat airheaded and forgetful personality, which was shown when she revealed she ate the sweets her brother was meant to get from Yui Yuigahama and not telling him about it. Hachiman considers his sister to be an idiot and fool, at least when it comes to education, though she's indeed very intelligent and socially skilled. Komachi often borrows from his old projects and asks him to help her study. She enjoys teasing her brother as she often tries to set up reasons to get him alone with Yui or Yukino Yukinoshita . She is sly in handling things like setting her brother up in a date like situations or tries to get things in her favor. Unknown to her, Hachiman is actually well aware of her tactics and tries to go around it as Komachi gets frustrated with him, thinking he is unaware or because of his lack interest in it. According to Hachiman, she's got the Big Three: cuteness, prettiness and good looks. Komachi is known for her charming personality which seems to attract everyone. Because of this, she mentioned to be a popular girl in her school despite the fact that Hachiman is her older brother (who was unpopular and not very well-known).",deredere
b179f4b551342317,Kenji Ban,kuudere/b179f4b551342317.webp,"Due to Kenji's intimidating appearance and ""delinquent"" aura, the majority of Myoudou Academy's student body was terrified of him. But in reality, Kenji is very gentle and caring. He dreams of being a mangaka, but is worried about his mother not supporting his dream, so he kept his work a secret. He also feels guilty when he has lies to someone he cares about, such as his mother. However, after his mother tells him that she supports his dream, Kenji becomes more open with his love of manga, and is also friendlier towards other people.",kuudere
6440fd972b450648,Shinsuke Takasugi,tsundere/6440fd972b450648.webp,"Takasugi is defined by his tenacity and unfeigned ambition to destroy the world. He is a charismatic individual, and all of his soldiers willingly trust and assist him in his desire. In spite of his certitude from his men, Takasugi is indicated to be slightly deranged and unstable, and is aware of this. He is driven by anger and guilt that is seen through every action he takes. Takasugi rejects the change of the world and refuses to see anything other than the path of total destruction, prepared to kill his subordinates if they defy him or get in his way even by accident. His cold nature is widely feared by those who are conscious of him. Most of his bitterness originates from the loss of his mentor Yoshida Shouyou, as Takasugi refuses the idea of living in a world that stole what he lived for. The idea to take revenge for his teacher's death pollutes his mind, and it's what drives him to be antagonistic towards Gintoki and the Bakufu, for it was during the Kansei Purge that his teacher was killed. He blames himself for being too weak to save Shouyou and for making Gintoki carry the burden of killing him. It's unknown how he gets along with Sakamoto now, but he was fond of him during the war. Generally, though, Takasugi is quiet and more of a listener than a speaker.",tsundere
a9f04416715c9949,Kyoko Asechi,tsundere/a9f04416715c9949.webp,"As the manager of Pretty Top, Kyoko is a strict woman with her proteges, often chastising them if they fail to meet her standards or abide by the rules. She also happens to be a very thrifty person who is reluctant to spend more money than necessary. In reality, Kyoko is an honorable person who would never resort to dirty tricks to defeat her opponents, which was the main reason she got angry after discovering Sonata's outfit had been sabotaged. She also can be a bit boorish at times, which unfortunately causes many potential suitors to decline to marry her.",tsundere
2fe15a04a84957a6,Milfeulle Sakuraba,deredere/2fe15a04a84957a6.webp,"Even without her luck swaying things in her favor, Milfie's attitude remained constantly cheerful and optimistic. With an ever-present smile, Milfie's infectious happiness provides the source of the Angel Wing's abilities as her presence lightened the gravity of any situation. Embodying the features of the ""girly girl"" image, Milfie loves the color pink, flowers, and generally anything cute and fluffy. She herself is very bubbly and her expressive nature is accompanied by an exaggerated style speech and active body language. She is the most social of the Angel Wing and arguably the most approachable as she is very trusting of others, as shown when she was the only member of the Angel Wing completely confident in Tact's abilities from the start. This helpful trait also comes into play in other routes as she never hesitated in helping to clear up any problems between Tact and his chosen Angel. With her faithful and optimistic attitude, Milfie is naturally naive when it comes to the negative spectrum of human emotion. She is extremely slow to anger and has never been actually shown to get angry at others, only mildly upset or disappointed.",deredere
b06ac262eb6fc579,Ayshe,kuudere/b06ac262eb6fc579.webp,"Ayshe was initially depicted as a very quiet, withdrawn, and competent person who refrained from social contact and interacting with others. She apparently couldn't understand the human language, though she understands the demons' language and will occasionally murmur words to herself and her dogs. Ayshe is also a highly intelligent, intuitive, and capable fighter, often carrying a level-headed attitude and never losing her cool under dangerous and stressful situations. It is later seen that Ayshe can in fact speak and had been refraining to do so because she didn't want to talk with Norman and his group out of hatred. She is shown to be determined in her own way, has a deep sense of responsibility, and shows much detachment to her surroundings because she just wants to survive the situation she was put into after losing her family. Despite appearing more aloof than the others, she displays a normal range of emotions and is actually quite talkative, caring, and kind.",kuudere
e050c34423239dfb,Mafuyu Kirisu,tsundere/e050c34423239dfb.webp,"Mafuyu is a messy person and often needs to have her room cleaned. She is also very clumsy, often committing ""blunders"" that put her in undesirable situations and oftentimes hurting herself in the process. She thinks that people should follow their talent and that they shouldn't be swayed by emotions, which put her in conflict with Nariyuki Yuiga in the series-opening chapters. Mafuyu is always seen with a scowl even when seeing a cockroach.",tsundere
a31ef9a0511c0bb3,Maria Totsuka,deredere/a31ef9a0511c0bb3.webp,"Maria is a submissive young lady who highly disapproves of dodgy acts and hates being mistreated, whether the actions are abusive or lewd in nature. She acknowledges Leviathan's hatred towards her that stems from Lucifer's preference not sitting with the minor demon lord of Envy; even so, Maria feels sorry for her. When it comes to the other demon lords, Maria serves as the perfect bait. Her gentle and understanding nature is used to delve deeper into a person's motives, and thus Lucifer abuses this trait in order to lower the guard of her enemies.",deredere
1d9bd14a3f46557b,Rihan Nura,kuudere/1d9bd14a3f46557b.webp,"Rihan has shown to be carefree man in a state of peace, but he can be aggressive and protective as seen when defending Yamabuki Otome from the Manba Centipede in a rage, and in the OVA, when Setsura reveals what happened to Yamabuki, he responds by screaming, and trying to choke her to death, before finally calming down and crying. He is also slightly perverted as shown when he asked Kubinashi, ""How're Kino's boobs doing?"" instead of a simple greeting. Rihan chokes Setsura, after she tells him what happened to Yamabuki Otome, in the OVA.",kuudere
6bf2aff4787a0599,Ann Fukuhara,deredere/6bf2aff4787a0599.webp,"Ann arguing with her father Ann is a cheerful and upbeat girl who will not give in to anyone. Her passionate spirit allows her to do the things that she wants to do and she will help people out when they're in trouble like Naru. Because of this, Ann is always fighting with her father because he already has something decided for her future, but she can tell deep down when he accepts what she wants and is too embarrassed to admit it. She always gets bored making senbei and prefers to make sweets, but she still likes senbei very much. Ann and her father love mysterious things like aliens. Ann teaching Prism Dance to an underclassmen As the girl with the leader-like personality, she can be very persuasive such as when she made Ito give them permission to call her by her first name and when she made Naru and Ito immediately start their training program in order to become better Prism Stars. She also uses this side of her as a class representative in order to get permission from teachers, siding as the ally of justice among the students. Ann had also known to have had this leader personality for a long time such as when she was younger, she convinced Wakana to join the Prism Show club.",deredere
2b639b7a9955459f,Sara Midorikawa,deredere/2b639b7a9955459f.webp,"A tomboyish cool girl with a rock and roll like style to her. She tends to keep herself hidden in the shadows, making sure to stop others from escaping anything. Girls naturally flock to her charming behavior and when she plays her guitar. Contrasting to her cool atmosphere, she finds it difficult to maintain her own weakness whenever she comes across something cute, and when she can't hold it back, she loses herself in complete adoration.",deredere
ebf6566d98aedaa9,Kyoko Sakura,tsundere/ebf6566d98aedaa9.png,"""Ever hear of something called the food chain? Didn’t they teach you it in school? The witches go and eat weak humans. And then we hunt them down and eat the witches. It’s the natural way of things. The weak have to give up to the strong."" - Kyoko Sakura, Episode 5 . Kyoko first appeared as a magical girl who came from another town to take over Mami's turf after hearing of her death. According to the Drama CD ""Farewell Story"" , Kyoko is from the neighboring city of Kazamino . She was initially introduced as a callous, arrogant magical girl who simply has supernatural powers and had abandoned the premise of justice and benevolence. In short, she didn't hesitate in any sense in using her magic powers for her own selfish benefit and did not mind sacrificing humans to familiars if it meant obtaining a Grief Seed. Kyoko was the elder daughter of a preacher. Her father started to deviate from regular doctrine and was excommunicated for it - Kyoko used her wish to get her father more followers; however, upon finding this out, her father went insane and killed the entire family except Kyoko, (in Madoka Portable, Kyoko is gone when her father kills her family) then committed suicide by hanging himself from the church ceiling.",tsundere
fada3b990a8e3d06,Mei Aihara,kuudere/fada3b990a8e3d06.webp,"On the outside, Mei appears to have a cold and ruthless attitude towards her peers. She's obtained a stern and short-tempered personality from her father's abandonment of her. She is unable to communicate with Yuzu normally and struggles to convey her feelings properly, this results in her often making frequent sexual advances towards Yuzu. Despite her behavior, on the inside, she is sensitive, lonely, and hides a heart that can be easily hurt. Her usually hard personality contrasts her emotional side, which manifests often. Mei struggles to understand Yuzu's optimistic and impulsive nature, as it harshly mirrors her pessimistic and measured one. As the series progresses, she slowly changes, becoming less-cold to Yuzu, and a bit more caring towards her. She still has a hard time being honest and understanding what she's feeling. She sometimes does childish things and likes teddy bears. She's more confident than Yuzu knowing the fact that not everyone will approve of their relationship. After dating Yuzu then later being engaged to her, Mei start to open up more being gentle and warm, while still keeping her calm and strict demeanor.",kuudere
9b4de9cacd6f8eb4,Mamori Tokonome,deredere/9b4de9cacd6f8eb4.webp,"Mamori is a good-natured and gentle girl with a trait of speaking politely. She has an instinctive trust for her Liberator, even before understanding what is happening to her. Although she lacks the physical strength and endurance that Mirei has, Mamori makes up for in bravery and selflessness. She will speak up against what she believes in wrong and and will engage in action if need be. In Episode 3, Mirei was willing to take the blame for the theft. However, Mamori ran to her aid and initiated her weapon transformation instead of Mirei triggering it. In Episode 5, Mamori transformed just for the sake of cutting fabric for Nimi Minimi 's clothes due to the latter's enlargement. Also, to keep Mirei and Kasumi Shigure from fighting any longer (as Mirei would suffer future repercussions and Haruko Hibiki was used for ransom), Mamori ran up to the balcony where Adel was and pushed Ange . This caused both Hibiki and herself to fall off the balcony. Although Ange was able to grab hold of Mamori, Hibiki was able to reunite with Kasumi. This shows that Mamori would put herself in danger for the sake of someone else, even if she never formally met them. After Episode 8 where Mirei enhanced her abilities, Mamori didn't question her out of respect for her privacy.",deredere
007573c11b7feb82,Natsumi Onitsuka,deredere/007573c11b7feb82.webp,"Natsumi has a friendly demeanour, but can also be rather manipulative and selfish; she initially gets involved with Liella! to take advantage of their growing popularity to obtain money and internet fame through ad revenue as a social media influencer. Somewhat similarly to Sumire, Natsumi also spent her childhood trying to break into different fields of entertainment before eventually giving up, albeit with the sole intention of making money. After spending enough time with the group and enjoying a weekend at the Sakurakoji family's cabin in Hokkaido, she took a genuine liking to the charm of school idols. When it comes to Tomari, Natsumi constantly praises her when she gets the chance to. Natsumi frequently ends her sentences with ""~desu no"". Her catchphrase is ""OniNatsu!""",deredere
7ce45a16fe0b8201,Yuki Takeya,deredere/7ce45a16fe0b8201.webp,"Yuki is a very energetic girl who can sometimes be overly optimistic and positive, as she always tries to see the best in people and things. She tries her best at everything, as the word ""lose"" doesn't exist in her dictionary. She is very bright and cheerful and is usually seen with a smile on her face. She is also childish, naive and an airhead, to which she often relies on others to help her. Due to this attitude, she has developed a very carefree and innocent personality and can often easily accept other people's faults, and Kurumi has stated that she almost never worries, as Yuki herself has said that it would be fine if they had manga even if their food ran out, but in a comically sense. Yuki has a very understanding personality despite her naivety, and she is also a very caring person who will try to help others, often listening to their problems and comfort them. Her presence, is also enough for others (particularly Kurumi), to feel safe. She never doubts her friends: always believing in them and never leaving them alone, caring for them deeply. Yuki also often performs silly actions, something that Kurumi comments it being Yuki's ""adult-like"" act; though Yuki denies this.",deredere
25e3763d1cb80ffc,Gwendal von Voltaire,kuudere/25e3763d1cb80ffc.webp,"He is a no-nonsense type of person that considers the well being of the country among everything else. He is usually seen with a stern face, but he actually likes adorable things and does knitting as a hobby. Gwendal worrying for Wolfram. He is also shown to have a soft spot to his relatives, of as shown when he decides to send away his cousin, Gegenhuber , to find the Mateki instead of executing him for his heavy sin. While he does not outwardly show much affection towards his brothers, he shows in times of great stress that he does care. Gwendal is a tough guy except when it comes to his childhood friend, Anissina , and arguably his family. He is afraid of Anissina and often hides from her so he can prevent being used in one of her crazy experiments. He is even seen sweating in panic at the thought of her. In the manga, he is portrayed to be more heartless and sharp-tongued, especially during the early chapters. When Yuuri first came, Gwendal was quick to voice out his disapproval once he heard that Yuuri ""never wanted to be king"". Despite that, he remained faithful to Shinou's wishes and accepted Yuuri as Maou when he finally took on the position. He was eager enough to protect the Maou, especially during their journey in Svelera .",kuudere
187f83b9ef460b10,Sylphiette,deredere/187f83b9ef460b10.webp,"Due to being constantly bullied, Sylphiette was very shy and meek when she was a child. She was very dependent on Rudeus and she break down crying when Rudeus tells her that he plans to leave to study. After Rudeus was forcefully sent away to act as Eris ' home tutor, she resolved herself to learn and train in order to support Rudeus in the future. When posing as Fitts, she put up a front as a cold knight in public, appearing silent, serious, and intimidating. She appears to be helpful, reliable and knowledgeable to Rudeus, which in turn made it easier for him to ask her for advice. However, deep down she was still very insecure, too afraid to confess her true identity to Rudeus. After getting married, she is demure, supportive and accommodating towards Rudeus. As the story progresses, she gradually becomes more confident and assertive. She is deeply loyal towards her friends, but her utmost loyalty lies with Rudeus and the family. She is known as the 'housewife' in the Greyrat household. Despite being gentle and accommodating towards Rudeus, she is very prone to jealousy towards other women that get close to him, even though she doesn't actively act on it. However, she would readily accept women that truly love and loved by Rudeus into the family.",deredere
c65cb733ebf2d8ba,Kouko Kaga,deredere/c65cb733ebf2d8ba.webp,"Kouko's personality is one that changes depending on who she's with. Due to being raised in a wealthy household, she has formal and strict ways of expression that make her talk and act differently compared to those around her. She interacts with strangers with formality and kindness, but her true nature comes out more around love interests like Mitsuo Yanagisawa and later Banri Tada . She is extremely devoted to the object of her affection, pursuing them single-mindedly and being clingy to the level of stalking. While she is aware that this side of her seems to bother people - including the ones she likes - she can't change herself. She also has a harder time controlling her emotions around the person she loves. For example, when she discovers that Mitsuo transferred to a new college, she buys him a bouquet of red roses to congratulate him, only to lose her cool and hit him with the bouquet when she sees him. She also can't stand seeing other girls around the person she loves, becoming hostile and rude in those scenarios. Despite being ditzy and happy on the outside, Kouko admits early on that she is truly very lonely at college. Most students are so intimidated by her wealth and good looks that they refuse to try befriending her.",deredere
5f37ca13561d27f5,Toushirou Hijikata,tsundere/5f37ca13561d27f5.webp,"Due to having to endure being hated by his other family members for being an illegitimate son, being indebted to his older brother, and having no place to belong, Hijikata was an outsider. Despite this, he never stopped moving forward and aimed to become stronger because of the deep regret stemming from his being unable to save his brother and protect the ones he loves. Feared by both his enemies and his underlings, Hijikata, typically known as the Demonic Vice-Commander (鬼の副長, Oni no Fukucho ) is very strict and dedicated to his work. He formulated the Kyokuchuu Hatto (局中法度, Kyokuchū Hatto ), the 45 Regulations that form the disciplinary framework for all Shinsengumi members, and he implements them firmly. He is also fiercely loyal to the Commander of the Shinsengumi, Kondou Isao , as seen in the Shinsengumi Mutiny Arc when he (with help from the Yorozuya ) went to save Kondou from Itou Kamotarou . Hijikata has a strong sense of pride, as seen in the Yagyuu Arc , when he claimed that his injuries (received from his fight with Kitaooji Itsuki ) were actually from getting caught in an automatic door at the Marui Department Store.",tsundere
54e5a46b12d828cd,Yuuna Takashima,deredere/54e5a46b12d828cd.webp,"Yuuna is a bright and energetic girl and can be thought of as the ""mood maker of the team."" She thinks friends and family are two of the most important things, and she is sensitive to other's feelings. Yuuna is also selfless and will throw herself into battle for her friends, even to her own detriment. However, she has a habit of hiding her own emotions, and she secretly fears to die and leaving her friends behind.",deredere
4a1c06b1245d8db1,Retoree,tsundere/4a1c06b1245d8db1.webp,"Retoree often comes across as reserved and distant, largely due to her shy and introverted nature, which makes it difficult for her to approach and communicate with others. She is frequently described as a ""net geek"" and is the most technologically savvy member of the group. Her room is shown to be filled with multiple computer monitors, reflecting both her reclusive tendencies and her advanced technical skills. She uses technology extensively to keep up with other bands and developments in the music scene, and has been shown to be capable of hacking into systems when necessary. Although she is generally quiet and withdrawn, when it comes to subjects she is passionate about, she becomes noticeably more talkative and energetic. Retoree tends to avoid highly social environments and expresses discomfort toward people she perceives as overly outgoing, whom she refers to as ""normies."" Despite this, she harbors a strong infatuation with Cyan , whom she finds particularly cute and endearing. She is often seen carrying her cellphone and discreetly taking photos of Cyan, believing herself to be uniquely capable of capturing Cyan's appeal and preserving it in her personal collection.",tsundere
7c436c936766397e,Toru Hagakure,deredere/7c436c936766397e.webp,"Toru is a bubbly, cheery, and easygoing girl who does most things with an upbeat attitude, even when manipulated, such as when she encouraged the other Class 1-A girls to cheerlead during the U.A. Sports Festival due to having the spare time. She is very socially eager and likes shopping, and her room suggests that she likes plushies and other cute things. Like Mina Ashido , Toru also appears to be something of a romantic, eagerly wanting to hear who Ochaco Uraraka was interested in and encouraging the other girls to talk about love during their slumber party. Toru showing embarrassment at ""undressing"" in front of Mashirao. She believes that taking off her clothes during battle is a tactical advantage, much to the awkwardness of those around her. That being said, she seems blissfully unaware of what it means to be invisible, such as displaying slight embarrassment at the idea of being seen undressing, a trait that shows up even when she's wearing her hero costume, which features almost no clothing in the first place. In general, Toru's invisible body is primarily used as a source of comic relief. Despite this, Toru is by no means a pushover.",deredere
71f2f7d74aa3435d,Beatrice,tsundere/71f2f7d74aa3435d.webp,"Beatrice has a tendency to look down on those around her, to the point that she would come off as a haughty person to people she meets. As such, this makes her rather bad at dealing with people who try to get close to her, like when she first met both Ryuzu Meyer and Subaru. She usually speaks, in the third person, referring to herself as Betty. She is also prideful of her vast knowledge of yin magic, disliking when someone disrespects it, and she also displays pride at being Echidna's daughter, though this would at times lead her into spats with others Echidna had taken a liking to. She has also shown a mischievous side of herself; when she messed around with Ryuzu, she cast a yin magic looping spell to pull a prank on her, and she did the same to Subaru when she found herself somewhat annoyed by the commotion his presence initially caused for her. That said, when a prank is done back to her or someone sees through it, she becomes annoyed quite quickly. That said, she is softhearted beyond her perceived stubbornness. She also has a distinct way of speaking, adding "" I suppose "" (かしら, kashira ) and "" in fact "" (のよ, no yo ) at the end of most of her sentences.",tsundere
0c9e0e91be59b99e,Kurumi Haraga,tsundere/0c9e0e91be59b99e.webp,"Kurumi's personality is best described as ""emotionally hangry"". Due to her extremely fast metabolism, she always feels hungry, and is usually irritable and bad-tempered as a result. At times, she can get especially cranky if she develops a craving for certain foods, due to seeing or hearing certain things in her environment or watching certain media (for example, craving fried eggs on toast after watching Castle in the Sky ). On the flip side, Kurumi has a sweet side when enjoying her food. Her mood drastically improves while she is eating, and she becomes more sociable and courteous towards others. She also has good table manners, and will give thanks properly before and after her meals.",tsundere
d4a12d4418d8ae49,Chizuru Ichinose / Mizuhara,tsundere/d4a12d4418d8ae49.webp,"At first glance, Chizuru comes across as very kind and considerate, which positively surprises anyone who considers renting, and makes them give high ratings to her. While her kindness is genuine, she is still prideful of her reputation, and can be a little irritable and brash when her ratings go down. She shows this side of her to people she dislikes or has to put up with, such as Kazuya Kinoshita . Chizuru is described to be an ""iron lady,"" who has surrounded herself with an emotional wall that is almost impenetrable. Although she has friends before meeting Kazuya, and at first glance she easily comes across as outgoing and cheerful, she kept her personal life at a distance. She is hard to read and many people misinterpret this as her being cold and even callous. Her defense mechanism is so strong, even she fails to understand her own emotions. Because of this, she often acts realistic yet pessimistic, refusing to let anyone get too close to her. She keeps her distance from others and responds to many life situations realistically and pragmatically, which makes her very stubborn when people confront her guarded attitude. Underneath all her pragmatic and professional attitude, though, Chizuru is a genuinely kind-hearted person.",tsundere
afcc2826b412d177,Morgiana,kuudere/afcc2826b412d177.webp,"Morgiana is a quiet girl who rarely talks. She likes strange things. Instead of choosing jewelry for her Household Vessel , she considered two devilish looking manifers (though possibly only because Alibaba recommended them). When mad, she usually puffs up her cheeks or stomps her feet, breaking the ground. Even though she is physically and emotionally tough, she does have moments when she acts vulnerable. This usually happens when anything regarding Alibaba takes place. It is hinted that she has feelings for him and this is proven when she rejects Hakuryuu's proposal. Eventually, he realizes that she refused to marry him and go to the Kou Empire because she is too attached to Alibaba and very concerned for Aladdin. She is secretly very insecure because she always deems herself to be useless compared to the others. Her biggest wish is to be useful to Aladdin and Alibaba, most likely because she wants to repay their kindness towards her. She is flattered but frightened by Hakuryuu's feelings for her, and she stated that becoming Empress was impossible since she used to be a slave, showing aspects of her inferiority complex.",kuudere
cb744127d3fb2967,Kuroyukihime,kuudere/cb744127d3fb2967.webp,"Kuroyukihime has virtuous tranquility and patience. Like any human, however, Kuroyukihime can sometimes be rude, angry, or even jealous — especially when other girls flirt with Haruyuki. She is also shown to be somewhat impatient, having created an app that maps the shortest path through a supermarket to get all the required items, even considering adding an automatic payment function so users can walk right out of the supermarket. She also has a habit with hypnotizing wordplay, which others find to be an annoyance. She shows wisdom and experience, being deeply knowledgeable about Brain Burst due to her time as the ""Black King"". Brain Burst is not her only area of expertise, however, showing proficiency with the infrastructure of networks and deducting information, even knowing the steps undertaken by the networks that have been used. Unsurprisingly, she is also a good strategist. Kuroyukihime boasts of herself, confident in her nature. During her time as the ""Black King"", she killed the previous ""Red King"" and also tried to kill the other members of the ""The Six Kings of Pure Color"" in order to reach level 10 and find out who the creator of the Brain Burst game is.",kuudere
19054e0e2c32de03,Doremi Harukaze,deredere/19054e0e2c32de03.webp,"Doremi is a childish and clumsy girl described as ""troublesome"" by others. She can be selfish and impulsive, so she gets into trouble a lot. This has led to self-loathing on her part, and Doremi struggles to find anything that she can do well. She gets jealous of others over trivial things, but she moves on fairly quick. She doesn't linger on things that bother her very long, unless she was truly offended. Throughout the series, Doremi would proclaim herself to be ""the unluckiest pretty girl in the whole world"" whenever bad things happen to her. However, one of Doremi's best qualities is her kind heart, doing whatever she can even if she doesn't necessarily like the person. Although it makes her appear nosy, Doremi has also gained several friends because of her tenacity and well-meaning gestures. Others tend to misunderstand Doremi, which frustrates her a lot when she gets teased as a result. She's a big eater and loves romantic things. She frequently gets crushes on boys and shows her determination in her attempts to get closer to them. Even to the point of picking up their hobbies to try to have something in common with them.",deredere
d417ff16dd1f3881,Eris Boreas Greyrat,tsundere/d417ff16dd1f3881.webp,"Upon meeting Rudeus, Eris was contemptuous, impulsive, defiant, and condescending; she is also short tempered and prone to violent outbursts. It's implied that her attitude is a direct influence of her grandfather, Sauros . During her time with Rudeus, she still maintains her violent tendencies but has greatly changed after her tenth birthday and will resort to violence to anyone who holds negative emotions and/or intentions against Rudeus. However, despite the outer aggressiveness, Eris also has a high level of shyness, often hitting Rudeus for touching her suddenly even though she does the same to him. She and Rudeus have a mutual inferiority complex where both would assume the other is more wonderful than themselves, easily leading to misunderstandings which also causes her to leave Rudeus to go train in the Holy Land of Swords to be on equal standing with Rudeus. During her time on the Holy Land of Swords, Eris became taciturn and uncaring as she obsessively trains to become stronger while recalling the memories of her defeat from Orsted and the sight of Rudeus in a near dead state. She also does not interact nor talk with with almost anyone unless its a topic about Rudeus until she trains together with Nina and Isolte Cruel .",tsundere
a042ee89a4b0aacb,Belarus,tsundere/a042ee89a4b0aacb.webp,"Belarus is an intimidating and harsh young woman who can be very hostile and violent at times, exhibiting some mental instability. She has a very strong heart and an equally strong will, but those often manifest in negative ways. She is noted to be vulgar, and she will say things like ""penis"" and ""shit"" in a calm way. She is very smart and is able to remember a lot of ""useless trivia"", such as the name of Paris Hilton 's dog and that rodents can be taught to use tools, however, she says not to use that knowledge for crime, before mentioning that ""the degu rodent is kind of cute..."". She enjoys prank calling Lithuania and ""silent calling"" (calling, but then not speaking once the phone's been picked up) Poland, indicating that she is also rather mischievous. Belarus has also said she likes to watch the sun rise, and she calls 8 AM ""torture"" and 4 PM ""the devil"". Though she often comes across as harsh and hostile, Belarus is also shown to be quite thoughtful and melancholic, and she does not seem to think highly of herself. She thinks that ""humans are a series of misfortunes and hardships"" and they're constantly filled with misfortune and make others suffer without realizing it by constantly striving for eternal happiness.",tsundere
e0ecea970edcb1c4,Sora Kasugano,tsundere/e0ecea970edcb1c4.webp,"The most asocial character of Yosuga no Sora . Fraternal twin sister to Haruka Kasugano . Beneath Sora's angelic, doll-like appearance lies a troublesome personality that is prone to withdrawn laziness and a rather severe lack of social graces. She is also incredibly moody and selfish and tends to complain a lot. In Episode 10 and onwards, she becomes more considerate and caring towards Haruka after she decided to not trouble him too much, and tries her best to take care of him. She seems to be very lonely when Haruka is not with her. She is also very jealous when she sees him with other girls. In the manga, she tends to be more helpful and caring towards Haruka, like cooking when he can not, and she does not seem to spend too much time on the internet. Besides Haruka, she seems friendly towards Akira Amatsume .",tsundere
dfecd74ea11a00e3,Chisa Yukizome,deredere/dfecd74ea11a00e3.webp,"Chisa is a very friendly woman with a cheerful disposition. Her friendliness extends to everyone, even those deemed ""lesser"" by others, such as Hajime Hinata, a Reserve Course student. She is generally very lively and confident, always working hard with a smile on her face and facing new challenges with a positive attitude, such as when she goes around collecting her students that didn't show up for the class after becoming their homeroom teacher through various, often comically over-the-top, means. Despite her perceived quirky nature, Chisa is quite competent as a teacher. She is able to adjust her personality to best communicate with each of her students, such as being kind to Mikan Tsumiki and abrasive with Fuyuhiko Kuzuryu . Chisa is devoted to the people she cares about, whether that be her friends Juzo Sakakura and Kyosuke Munakata or her students. She states she does not regret following Kyosuke's orders and is willing to lay down her life for him and his beliefs. Despite this, she does cry at the fact when Kyosuke reminds her she will eventually be leaving her students, as she had become truly attached to them.",deredere
06f579cf4134b057,Tomoe Koga,deredere/06f579cf4134b057.webp,"Tomoe has a strong desire to fit in and avoid being shunned, which is why she bears unease over her past and why she cares about her social life and status; the latter is why she is usually seen on her phone and why she was unable to respond to Yosuke Maezawa 's advances. After her experience with Sakuta, she was able to learn not to focus so much on what others think of her and thanked him for helping her grow as a person. She seems to have a somewhat odd sense of ethics, as immediately after she realized her mistake for kicking Sakuta, she ordered him to kick her in return so that they would be even. Nevertheless, she is all in all a very positive, kind and cheerful girl, with a pleasant personality. However, her young age shows: she can be overly people-oriented, dependent and somewhat self-entitled, as seen when she creates the time loop as she fell in love with Sakuta. In the end, though, she agrees to be just friends with him. Tomoe's Fukuoka accent sometimes slips out when she's excited or embarrassed.",deredere
d2b026881e7223c9,Loco,kuudere/d2b026881e7223c9.webp,"Loco is one of MÄR's most mysterious figures. Acting emotionless at all times, except for the rare show of surprise, Loco finds little importance out of the happenings around her, and prefers to do anything that is seemingly the most successful path to take at the time. Loco's dark personality can also make her cruel at times. Unlike most other Chess Pieces, Loco does not wear her mask on her face (except at Phantom's revival), keeping it on her head's side instead. Loco is intelligent and wise, often being able to deduce problems quickly others find difficult or simply unsolvable. Loco also apparently doesn't enjoy sitting in the background doing nothing when given the chance to fight. Despite constantly being under her Darkness ÄRMs' curse, Loco sees little significance of her reversed aging, instead taking more concern with outside matters. Despite her young appearance and rather emotionless cover, inside she is still a mature woman. Loco also has a crush on the high-ranking Knight Halloween , keeping with her a small doll of the powerful Knight, as seen in the anime. Loco is also a friend of the Bishop Chaton . Chaton is a loyal friend to Loco and is willing to do anything to help Loco. Despite this, Chaton's perkiness is quick to annoy Loco.",kuudere
558850c3632c1de8,Vincent,kuudere/558850c3632c1de8.webp,"Vincent has an easy-going nature, especially around the kids; he is always happy whenever he is around them. He is shown to be extremely intelligent and particularly fond of science and medicine. Despite his demeanor around the kids, it is shown that Vincent can be mature and serious when needed. He knows when and how to ask the right questions. When performing a task under Norman 's orders, he is generally calm, collected, and determined to a fault. However, under stressful circumstances his calm facade can break, but he never forgets his goal.",kuudere
22921ddb02ab57fe,Germany,tsundere/22921ddb02ab57fe.webp,"General: Germany is known for being very serious and straightforward majority of the time. He usually does not joke around, usually being all business, and is very efficient in his everyday life. Although he comes off as intimidating to others, Germany has been shown to be helpful to others. Training: Germany can often be seen doing different forms of physical training and mental strategizing. He takes his physical training seriously, anything from cardio to weight lifting, and has used these same principals on others, such as Italy and Japan, with mixed results. When thinking of strategies, Germany will look into a variety of things that will help him formulate the best course of action; taking into consideration others personalities, ways of thinking, previous battle history, current military/country strength and power, and other things. Germany especially takes his weapons training seriously. Being skilled in firearms, he knows his weapons well and the proper way to use and maintain them. He has even instructed Italy how to use a grenade, but the other country did things the opposite of how instructed.",tsundere
905a1e478f080ff4,Taki Shiina,kuudere/905a1e478f080ff4.webp,"In contrast to Taki's cool appearance, she is very serious, reactive, and prefers to be alone. She comes off as unfriendly due to her blunt personality and short temper, though beneath her harsh exterior, is a deeply caring and highly observant person. She seems the happiest and most at peace when performing onstage. Taki suffers from a severe inferiority complex and believes herself to be much less skilled, capable, and of good character than in reality, and compares herself to other people she deems superior, namely her older sister Maki, and her ex-bandmate Sakiko. It is common for her to become depressed over her perceived lower status, and to overexert herself in order to make up for her faults, such as how she often forgets to eat and sleep when composing music, consequently leading her to either fall asleep in class or to skip school entirely. Taki devotes herself endlessly to Tomori , because Tomori's lyrics are what led her to the realization that ""It's all right for me to be alive"".",kuudere
0e1bcf34f7bdd26d,Veldora Tempest,tsundere/0e1bcf34f7bdd26d.webp,"Veldora is generally boisterous, excitable, but also fairly easy going. Despite his reputation as a rampaging idiot, Veldora is largely only dangerous if he doesn't get to unwind once in a while or if his loved ones are threatened. He is also quite energetic, prideful, and has no reservation in showing off his strength. Veldora is rather shy and socially awkward but hides it behind boasts of how ""great"" he is. He also has no social tact, seeming to not understand that a simple request from him is enough to intimidate anyone into compliance regardless of their own personal feelings. Aside from his childish nature, he is quite knowledgeable about many things and has an unquenchable curiosity at his core. Veldora tends to act meek if things don't go his way, resulting in people wondering if Veldora is really as terrifying as the legends say. After meeting Rimuru and reading the manga stored in his memories, which he refers to as ""sacred texts"", he began to reconsider some of his more destructive previous behavior. His time spent in Rimuru's Stomach with Charys and his time spent living in Tempest resulted in Veldora developing a somewhat more patient, analytical, and less impulsive personality.",tsundere
1bdd90e447c87823,Rabbily,deredere/1bdd90e447c87823.webp,"When she was without a master, she would always get flustered and run away whenever she was caught doing master-related searching. She would be saddened at how she didn't have a master while the other mascots did. She is withdrawn but also kind with a sense of right, as shown when she led Anna and the others to the troubled Melpan in episode 114 . After becoming Ring Marry's mascot, she's shown to have a brighter attitude. She is very mindful of other people's situations and puts their priorities first before hers, even if it makes her sad, as she was prepared for Ring Marry to leave her for Broadway after Suzu's brother's wedding.",deredere
bcaa0edbf261cbdd,Matataki Raimon,tsundere/bcaa0edbf261cbdd.webp,"At the beginning of the story, Matataki is a high school student and an excellent mechanic enough to make robots, she is aggressive and a lone wolf to the extent that she keeps people away, claiming that she is only interested in what she is interested in, so she didn't go to school. Although she didn't study normally, her grades were good in junior high school, especially in science. In a plastic bottle rocket competition with Umika, she used a model rocket powered by gunpowder (solid fuel) with a plastic bottle attached to it to win against Umika and her team, who used a standard water rocket powered by water and compressed air. After that, she became a leader in the production of model rockets for Umika and others. In addition to holding a level three model rocket license, she also holds an instructor's license and helped Umika and others obtain their model rocket licenses.",tsundere
cb76648c5c923c2d,Ruki Mukami,kuudere/cb76648c5c923c2d.webp,"He always has an intimidating smirk on his face matched with a calm tone, but also has a sense of brutality that can be felt in his spoken words. Without dirtying his own hands, he interacts with others as a cruel-hearted military do-S (extreme sadist). Ayato tends to mock him for his sometimes forced intellectual manners. Ruki likes to view and treat Yui like livestock, not only because she is a human and he a sadistic vampire, but also because in his past he was treated that way by the stronger grown-ups in the orphanage he lived in. It is also due to his trust issues towards women after he was abandoned by his mother.",kuudere
30a26381b3013555,Yukishiro Tomoe,kuudere/30a26381b3013555.webp,"The initial image of Tomoe as she is introduced into the series is blank and quite apathetic. This could be due to the death of her fiancé, Kiyosato Akira, who is killed before Tomoe appears in Kenshin's flashback. She says that she's always had trouble expressing herself, not even smiling when Kiyosato proposed to her despite her joy. As such, she partially blames herself for his death. Though when interacting with her brother, Yukishiro Enishi , she becomes affectionate and shows more of her emotional side. After spending time with Kenshin, Tomoe begins to open up to him and even cries in his arms after confessing how she had tried to hate Kenshin for the murder of Akira. After Kenshin promises to protect the happiness that he has given her, Tomoe finally smiles at him. ""This man stole my happiness from me...and gave me a new happiness. Farewell... my second love..."" These are her parting words to Kenshin.",kuudere
01594796768e1ea3,Laura,tsundere/01594796768e1ea3.webp,"Laura is very confident in herself, and is the type of person who will honestly say whatever is on her mind. She wants to become the next queen of Grand Ocean. She also loves to sing. She tends to have a short temper, usually when things don't go her way or someone claims mermaids don't exist. Before becoming a human, she would feel left out when the rest of the Tropical Club did their activities. She can't keep secrets.",tsundere
6ae2bacc5fda4a31,Monspeet,kuudere/6ae2bacc5fda4a31.webp,"Monspeet is a gentleman of sorts for a demon and hates rude and ill-mannered people. He acts as an attendant of sorts to Derieri , always being by her side and catering to her needs. He would translate her quick and crude phrases with detail and shows a deep care by staying by her whenever he can. He is not one for immediate violence and would prefer for most to surrender rather than fight even if he was to crush the enemy. There is an exception in Meliodas' case however as he had his Purgatory Flame Bird home in on him upon merely sensing the latter's presence. The only other instances he resorts to violence is when Derieri is in danger. He likes to watch and think rather than act, often making comments to himself. He has a slight preference for seeing Derieri in a cute dress and seems to enjoy styling her, though the feeling is not mutual.",kuudere
9f363491539b90d9,Tanya Degurechaff,tsundere/9f363491539b90d9.webp,"Tanya is a very complex character. In her past life, Tanya described herself as someone with many complexes and that he was twisted. She has both superiority and inferiority complexes, which is shown by how she compared herself to real geniuses she couldn't compete with, while also desired to be above others. Tanya has a lot of sociopathic traits; cold, calculating, and often sees others as objects she can use to her advantage. This allowed her to rise rapidly through the ranks of her careers in both lives. Tanya places her faith in numbers, following the Chicago School of Economy , which states that everything has a price. This could be seen from how effectively she picks and raises her subordinates to be a valuable human resource she can use. This also allows her to become a very efficient commander as she is both a decisive strategist and cunning tactician who is not hindered by her emotions. Tanya also sees herself as a profitable human resource, doing everything to raise her value in the eyes of her superiors, which drives her to put up a front of the perfect soldier since her recruitment. This impresses and also unnerves her comrades, particularly Erich von Rerugen , who considers her a psychopath for her ruthlessness.",tsundere
150eff57d7037ab8,Satellizer L. Bridget,kuudere/150eff57d7037ab8.webp,"When Satellizer is first introduced, she was described as a cold, mean, and ruthless person. After her first meeting with Kazuya Aoi , she becomes concerned over Kazuya's safety and gradually begins to recognize others as comrades and friends for whom she cares deeply; which was demonstrated when Satellizer relinquished all control and turned herself into a Nova Form Pandora when she saw Ganessa Roland ""die"" right before her eyes. Throughout the series, she is shown to have a much more shy and sensitive side, in sharp contrast to her reputedly cold nature; her softer side dawns primarily when she is around Kazuya. She has demonstrated a much more girly side when he's near her. It is easily noticeable by her furious blushing when around him, as she holds strong feelings for Kazuya, although she refuses to admit it. However, when her rivalry with Rana Linchen over Kazuya develops, she is shown to get jealous whenever she sees Rana try to get intimate with him. When Kazuya snaps at her to stay away from him for a time, she becomes intensely depressed and withdrawn, and willingly throws aside her pride in order to find a solution in reconciling with Kazuya.",kuudere
448e174717f1be14,Risa Koizumi,tsundere/448e174717f1be14.webp,"Throughout the series, Risa is portrayed as a loud, strong, and impulsive person who is easily embarrassed by “adult” subjects such as dating, kissing, and sex. Though she is extremely confident on the outside, she struggles with her height and general lack of a girly demeanor. Her height had always bothered her, but it didn't pose an issue until her then-crush Suzuki stated that he doesn't see her as a girl simply because of her height. Risa boasts an overly cheerful and happy front in the face of anyone that hurts her feelings. Notably when Ōtani rejects her during their class trip to Hokkaido where she smacks him hard on the back of the head and laughs the situation off before running away. Risa feels an intense sense of obligation to help her friends, best seen when she feels guilty for not being able to console Nobu after overhearing Nakao crying about her moving away. Risa is not a particularly intelligent person and does badly in school, being the last of her friends to decide on a future plan. She is absolutely clueless when it comes to love, often commenting on how she had never really put much thought into being in a relationship. Despite that, she falls hard and fast when she actually finds someone she likes.",tsundere
cf2e6098ab819cc8,Eri Shiina,kuudere/cf2e6098ab819cc8.webp,"Shiina usually puts up a tough and quiet front, but she is extremely fond of cute things, especially stuffed animals, even though it may be a set-up or a trap of the enemy. It also seems that she is overprotective of the stuffed animals she has, and she often mistakes them for real animals which leads her easily into traps. Shiina's concentrating skills. She is able to sense when danger is coming. She is good when it comes to concentrating and is very strict in her training and would continue with her training even when she is needed to do something else. Shiina's training mostly consist of balancing objects such as broomsticks, scissors, and mops on her fingertip, sometimes balancing one on each of her fingers simultaneously while doing something else. She also says in the later episodes that Yuzuru Otonashi should consider the fact that when she's fighting or in battle with them she makes the team seem like it's 100 men stronger. She also usually says the phrase ""how shallow-minded"" (あさはかなり, asahaka nari ) when she remarks on her colleagues' actions. But in the English Dubbed version her phrase has been translated as ""this is so stupid"" instead. An embarrassed Shiina. In the Anti-Angel Headquarters , Shiina is often seen at the corner of the room covered by the room's shadows.",kuudere
23fdc9668441a43e,Shizuku Murasaki,kuudere/23fdc9668441a43e.webp,"Shizuku brutally murdering Baise Shizuku is very calm. She did not emote even when announcing that, according to her fortune, she would die the following week. She is characterized as aloof, callous, and soulless. Her blunt, cold statements frequently offend those around her and create resentment. She is forgetful to the point of short-term memory loss; sometimes, she forgets people's names or believes she has never met them before. She can be air-headed, which often causes opponents to underestimate her combat abilities. Shizuku is extremely loyal to her fellow Spiders, believing in the Troupe's rules set forth by Chrollo, being strongly against members fighting one another. When she arm-wrestled Gon , Shizuku politely cooperated with his extending his right hand and extends her own, despite it disadvantaging her and causing her to ultimately lose. Shizuku checking on Pakunoda's body Shizuku is friendly with other members of the Troupe, as seen when she frequently teams up with Franklin in combat, was visibly distraught over Pakunoda 's death, casually played chess with Kortopi , and was on Nobunaga 's side in the conflict of whether to pursue Pakunoda or not, but ultimately respecting Spider's rules.",kuudere
1c511d25209e6b07,Momiji Sohma,deredere/1c511d25209e6b07.webp,"Momiji is an extremely bubbly, cheerful, and fun-loving boy who is always seen with a smile. He sometimes acts like a wild child since he has no real adult supervision aside from Hatori . But he is also shown to be a nice, caring, and helpful person who easily gets along with others. He is very affectionate, loves hugging people, and has little sense of personal space, especially towards Tohru, as his excitement at meeting a female outside of the zodiac has led him to hug her in public places, carefree to the fact that people might see his transformation. At the same time, Momiji possesses great empathy and intuition about others. He is emotionally strong and wise beyond his years, evidenced when he told the story of the foolish traveler and about his family situation to Tohru. He occasionally displays seriousness, though it is usually quickly followed with childish antics. It is implied that he is more mature and somber than he looks, and puts on a cheerful, childish facade to hide the emotional turmoil he has over his mother rejecting him and his father essentially abandoning him in favor of his sister. He is also shown to be courageous and able to stand up for the people he loves.",deredere
12d94f7150a227fd,Nozomi Kaminashi,deredere/12d94f7150a227fd.webp,"Nozomi is a very energetic and lively girl with a deep love for Keijo, her friends and her family. While she seems somewhat greedy and dim, she mainly wants to become a rich Keijo player to get her family out of poverty and is actually quite clever, observant and creative, enabling her to figure out her opponent's technique's and counter them. She is also somewhat eccentric as she does silly things from time to time but in a Keijo match she is fiercely determined and does not back down no matter what. Nozomi is also sociable to people she first met and supportive of her friends. She tries to help them out however she can, despite annoying them from time to time. Born in Kobe, Nozomi speaks in Kansai dialect, referring to herself as ""uchi"" (うち), instead of the formal standard ""watashi"" (わたし). Due to her poverty, Nozomi shows unusual tendencies when it comes to saving money. For example, Nozomi will negotiate with sellers in order to get the best price. Nozomi often does shameless things: such as showing her pantsu to others, stripped herself naked without explaining anything in front of her friend.",deredere
aefee0ff1615033a,Yori Asanagi,kuudere/aefee0ff1615033a.webp,"Yori appears stoic and cool to others, making her popular. However, she is reserved and awkward often overthinking her interactions with Himari. Despite her cool demeanor, she is actually quite anxious and gets flustered very easily. She is also somewhat naive and dense when it comes to other people, remaining completely oblivious to Aki's feelings towards her, and believing that Shiho was trying to advance on Himari, needing to be told outright that Shiho had feelings for Aki instead. However, despite her reserved and stoic disposition, she's a genuinely kind and pleasant individual, and she's very caring and romantic as seen in her interactions with Himari. As she starts dating Himari, she becomes easily jealous, but she tends to hide her feelings.",kuudere
0d800842e90538e7,Aika Tenkubashi,tsundere/0d800842e90538e7.webp,"Aika is childish, naïve, and shy about talking to others. This distances her from them even though she wishes to be popular among her peers. Aika is strongly fascinated of the outside world; things like the PSP, ramen, and manga are but a few of her interests. Aika is also very air headed and cheerful. When she first met Kimito, she wasn't shy at all and was willing to kiss him so her wish would be granted. Her wish was to become one of the popular persons in the school, like Reiko . According to Kimito, she is very pure, to an unbelievable degree. She easily believes idiotic lies and yet cannot tell lies herself, and she is afraid of being hated or feeling a bad vibe. Aika is practically incapable of telling lies, and often says what is on her mind, regardless of how others might react. For this reason she has distanced herself from her classmates. She is also very gullible, causing her to be easily tricked by the mischievous Kimito. She hides her true feelings for Kimito, but never admits it, although her feelings are very obvious, and because of this, she can get quite mad when she is wrong or when it comes to romance. But inside, she has a soft and cute personality.",tsundere
bdb92779bdec313d,Koto Yumeno,deredere/bdb92779bdec313d.webp,"Koto is a happy, cheerful, and outgoing girl who loves to play games. Sometimes, she is sad and emotional when not getting what she wants or when her loved ones are in danger, like when she wanted to see her mother in person or to go to the beach. She sometimes bickers with Uta, which sometimes annoys Kanade, as shown in the first season. When Masahiko Yumeno was tired, she wanted to give her father a boost by giving him a hug called Koto Charge in order to boost his work. She disliked Jun Hiiragi at first, but as the series progress, they became good friends.",deredere
d7f20252670c0386,Nanashi,deredere/d7f20252670c0386.webp,"Nanashi speaks with a Kansai dialect, a trait not found throughout MÄR Heaven. Much like Ginta Toramizu , Nanashi is ever happy and optimistic, and is rarely ever seen without a smile on his face. He believes that things will eventually work out, despite however bad things seem. Nanashi is also very playful, and commonly teases other members of Team MÄR , particularly Alviss for his dark and unhappy views. Nanashi can find fun out of anything if he tries, as seen in the anime fillers. Despite his happy and go-getter point of view, Nanashi is at times very serious and almost dark. He refuses to forgive anyone who hurts his friends or other Luberian members. In battle, Nanashi is shown as a serious and strong-minded fighter, rarely letting his emotions get in the way of his battle, or rather, at least with male enemies. Nanashi, however, can still find enjoyment out of fighting, as seen with his optimism during his fight with Aqua . Nanashi has a weakness for cute girls; he often cracks flippant jokes in an attempt to catch their attention, though this sometimes only serves to leave them dumbfounded. When he first met Snow and Dorothy , he asked the two out on a date at once and called them ""hotties"".",deredere
6babb88c17804733,Majo Rika,tsundere/6babb88c17804733.webp,"Majo Rika has a choleric temperament and is usually grumpy and cantankerous. She can't tolerate people who mess around or cause problems if they hinder her efforts, and won't hold back from bluntly criticizing others. She is easily set off and often bickers with others, but is quick to suck up to those who can be influential or provide her with something good. Calculating and self-serving, she adores money and showing off more than anything. She is prone to impulsive attempts to think up a quick plan to increase sales for a quick buck, but can also be frivolous and egotistical at times. Due to her pride, Majo Rika struggles when it comes to honestly talking about how she feels or when she has been hurt by someone else and doesn't handle being talked down to very well. She also refuses to admit her wrong-doings, and she is often thought to be heartless and mean. Deep down, Majo Rika thinks highly of her apprentices and she sees them as her daughters, even though they do often test her patience. She is willing to comfort them if one is truly hurt or in need of advice, and she is quick to compliment them for doing well or when they make progress. She also loves the MAHO-Dou dearly and became depressed at the idea of being separated from it.",tsundere
1fccd107b9cfe30c,Videl,tsundere/1fccd107b9cfe30c.webp,"Videl yelling at Gohan during flying lessons. Initially, Videl is a headstrong, independent, fierce, tough, and tomboyish girl who was raised with fame all around her where she is also feisty and stubborn, much like Chi-Chi . Videl is quite perceptive as she had doubts about her father's claims of defeating Cell and correctly deduced that Gohan was both the mysterious "" Golden Fighter "" and Great Saiyaman , as well as ultimately coming to suspect that Gohan was the boy who fought in the Cell Games . Videl was also crafty enough to get Gohan to accidentally reveal he was Great Saiyaman, which she uses to blackmail him. She is also a competitive fighter as she blackmailed Gohan in order to get him to enter the tournament as she wanted to fight him after seeing his abilities and deduced he was the son of the 23rd World Martial Arts Tournament champion due to sharing the same surname, though she also demanded he teach her how to fly to ensure it would be a fair fight, which also shows she was not fooled by her father's claims that such techniques were simple tricks. After blackmailing Gohan to enter the tournament and teach her how to fly , she gradually starts to fall in love with him for his kind and honest heart.",tsundere
87b686d19086f8db,Aroma Kurosu,tsundere/87b686d19086f8db.webp,"Aroma is a troubling girl who acts like a devil. She is also portrayed as an evil person who will do anything to achieve her goals, including petty tricks and sabotage if it suits the situation. She is portrayed as blunt and somewhat cruel, but she also cares for Mikan very much and values her friendship, even when she doesn't act like it. This stems from the fact that they have been together since they were really little and Mikan's presence is part of the reason why Aroma is the way she is today. It was later revealed that Aroma acts this way to overcome her original personality - that of a shy and quiet young girl. By acting like a devil, she has been able to become more confident. However she is prone to breaking out of character, in which she abandons her archaic manner of speaking and speaks normally; only to get flustered after someone catches onto it.",tsundere
473e17cceec2f801,N-Pacer,kuudere/473e17cceec2f801.webp,"N-Pacer, being dubbed “the female knight” and wielding the Splatterscope, is vigilant. She is known for watching the back of her teammates to compensate for their short-ranged weapons. Her vigilance and attentiveness can explain her curt responses and quietness overall. She actually prefers listening, as she is said to drink black tea while hearing her teammates converse on casual days. Coupled with her quiet and analytical nature, she is quite levelheaded and has faith in her teammates, such as during the fight against the Yellow-green team , when she knew Emperor would remain unscathed against Rider .",kuudere
b399612d18ab0fb0,Xochitl,tsundere/b399612d18ab0fb0.webp,"According to Etzali, Xochitl is a girl who is not used to hurting people and hesitated in using deadly weapons. This is because of her background in dealing with the dead. Because her job was to read the residual information from the dead she knew full well the terror what weapons could do. However, that does not mean she will not do it, as shown with the mercenaries hired by Block who dared cross her, dying by their own weapons through her magic . However, there is still kind side to her, as is the reason why she disobeyed commands by her superiors during their attack in Liberal Arts City, as well as help Saten Ruiko escape Kouzaku Mitori . It is implied however that the grimoire that was merged with her influenced her will. It is unknown how much Xochitl did on her own accord.",tsundere
17d41259b00ec041,Kouyou Akizuki,tsundere/17d41259b00ec041.webp,"Kōyō is one of the more level-headed workers at Stile and he cares about his co-workers, even if he is often annoyed by their more wacky and irresponsible antics. Even he has comical moments and hidden wants, such as when he admitted to being an otaku and his love of Yuri ; as well as his desire to see female customers being friendly to each other so he can imagine it. Kōyō is slightly embarrassed by the fact that he doesn't have a girlfriend after Dino (the manager) asked him to bring her as he sadly stated he didn't have one.",tsundere
c9a1b06cd8f8763d,Kureha Suminoya,tsundere/c9a1b06cd8f8763d.webp,"Ever since she became an orphan, Kureha has been focused on working especially hard, so as to not fall behind anyone else. Thus, she takes military duty very seriously. However, because of the 1121st's remote and insignificant position, she struggles to cope with the absence of professionality. She is convinced that she needs to appear skilled and tough and always nervous others may take her for less than she is. Her hostility mainly originates from her childish worry, Filicia and Rio could love her less because of the new member. That's because the two older platoon members frequently serve as almost motherly figures for the younger ones, who in turn look up to them. Despite her outward hostility, Kureha quickly befriends Kanata. Apart from Filicia and Rio, Kureha has another idol, Klaus , whom she mistakes for the famous war-hero ""Miracle Klaus"".",tsundere
d7863a4f262d011e,Mamimi Samejima,kuudere/d7863a4f262d011e.webp,"Mamimi is Tasuku's ex-girlfriend, though she has seemingly begun some sort of relationship with Naota since his brother left Japan. A truant, smoking, pyromaniacal 17-year-old high school student, she spends most of her time loitering under Mabase 's largest bridge. She is often seen with a camera, photography being her principal hobby and greatest talent, and near-constantly smokes cigarettes with the words ""Never Knows Best"" written on them. In the third episode , it is hinted that her parents are separated or gone, suggesting that she is either homeless or leaves her home to get away from something. She gets bullied by her peers and doesn't appear to have any friends. It is also heavily implied that she's poor as she had asked for day-old bread from the Nandaba Bakery in the first episode. At the end of the sixth episode , it is explained by Naota through an epilogue that she left Mabase to become a photographer, and this is shown through the picture she took of Naota at the end of the climax, briefly being shown in a magazine.",kuudere
d9c9ae5169afa969,Naota Nandaba,kuudere/d9c9ae5169afa969.webp,"Naota Nandaba, at age 12, is the main character of the first season of FLCL . His name is derived from the Japanese word for ""honesty"" (素直, sunao ) and his father named him Naota because of that, as stated in episode 1 . Unbeknownst to him, he has the ""right kind of head"" to be used as an N.O. channel . In the novel, he mentions that his mother had apparently died when he was kindergarten, though the rest of the family told the young boy that she was not dead, but her whereabouts were unknown.",kuudere
ed4f8dfedad7c335,Shi Yoon,deredere/ed4f8dfedad7c335.webp,"As the eldest member in PURETTY, Shi yoon is naturally seen by her fellow unit members as a big sister to them all, and she relishes in that role. Usually, Shi yoon is very kind and docile, but she is actually extremely scary when angered; to the point where she can emit a terrifying aura while still smiling that can instantly cause her bickering teammates to instantly stop quarreling and cower in fear.",deredere
4e6f9bac54f039c0,Arcueid Brunestud,deredere/4e6f9bac54f039c0.webp,"Arcueid's first encounter with Kischur Zelretch Schweinorg . Arcueid Brunestud is the White Princess of the True Ancestors . The title of Brunestud was given to those True Ancestors capable of manifesting the Millennium Castle Brunestud , and has been likened to be the vampire royal family, although this is not strictly true. The True Ancestors were a race of beings copied from Type-Moon, the ultimate being of the moon, also known as the Crimson Moon . Long ago the will of the planet had no defense mechanism against humanity, nothing to keep them in check. Thus the Crimson Moon came down and offered to help the planet make a race of ultimate beings to rule over humanity, thus resulting in them being the ""consciousness of the planet"". True Ancestors are alike to occurrences such as earthquakes and typhoons rather than individuals as their actions, while evil and without justification, would come as naturally to her (Arcueid and other True Ancestors) as breathing. However the race was fundamentally flawed, they had a desire to drink blood that their original, the Crimson Moon, had.",deredere
8599f7d6a73d4e4a,Natsumi Mizuki,deredere/8599f7d6a73d4e4a.webp,"Natsumi is often seen with a cheerful and youthful personality almost to the point of naivety sometimes; her interaction with the rest of the characters in the series are often comedic. She is a responsible worker at the Honky Tonk cafe, and her relationships with her boss Paul Wan, and the GetBackers are amicable. As she works for Paul Wan at the cafe, she often happily takes part in retrieving the GetBackers' debt owed to Paul Wan. Despite this, she always is welcomed to join the food celebration with the GetBackers when they manage to get some money from their jobs. Because of her youthful personality and age, she is often unfamiliar but very excited with the outside world.",deredere
5c2764dcbf78352f,Rin Tohsaka,tsundere/5c2764dcbf78352f.webp,"Two centuries ago, the Tohsaka House, in collaboration with the estates of Makiri and Einzbern , helped found the Fuyuki Holy Grail Wars. The land of Fuyuki City, which possessed the second greatest spiritual power in all Japan, was owned by Rin's ancestor, Nagato Tohsaka ; at the behest of the Einzberns, he provided his property as battleground for present and future wars. Nagato was a kirishitan , as well as a pupil of Zelretch ; these titles gave him considerable influence in both the Mage's Association and the Holy Church , allowing the Tohsaka family to participate in the Holy Grail Wars, free from harassment by either organization. Rin was brought up as the successor to her family's magecraft , and was instructed by her father to prioritize magecraft over her own interests. Ten years ago, Tokiomi Tohsaka was selected as a Master in the 4th Holy Grail War, and Rin was entrusted to take care of the Tohsaka estate until his return. Her mother, Aoi Tohsaka , was left in a debilitated state from the war, so her care was left to her guardian, Kirei Kotomine . After her father was killed, Rin continued to improve her sorcery with some guidance from Kirei Kotomine.",tsundere
7e26ff7377bc3998,Daisuke Jigen,kuudere/7e26ff7377bc3998.webp,"In the manga, Jigen is introduced as a cynical, backstabbing, lazy, henchman, with whom Lupin never gets along. He evolved into an easily amused, loyal, & jolly best friend & partner-in-crime, who occasionally brawls with Lupin over petty things. He was never a famous marksman, quickdraw, or sniper - in fact, Fujiko & Lupin could draw faster than him. He rarely hit on women, but when he did, it was sleazy, with a keen interest in girls who play hard-to-get. Unlike Lupin, though, he never scored and was often beaten up by girls. The main remnants of his original personality that carried over to the anime were his cynicism, dry wit, caution and disgust for Lupin's tireless pursuit of women. In the anime series, Jigen is extremely loyal to Lupin and he shares a 50/50 partnership with him for any given mission. At best, he's also sensible, professional, perspicacious and analytical. At worst, he's grumpy, rude and sullen, but that's mainly out of concern for Lupin's safety or for a job going well. He became Lupin's regular partner much the way Grognard did in the 1971 French live action series. Despite Jigen's gruff facade, he has an ironic sense of humor and genuinely enjoys taking part in each caper with Lupin and Goemon.",kuudere
105846cad926384f,Mirei Minami,tsundere/105846cad926384f.webp,"Mirei is a smart and studious girl who happens to be very good at puzzles. She is very serious and can be strict with rules, even if they don't make much sense to others. Her catchphrases are "" Keisandouri "" ( 計算どおり , "" Keisandouri "" ) , meaning ""Just as calculated,"" and "" Keisangai "" ( 計算外 , "" Keisangai "" ) , meaning ""miscalculated."" Due to her analytical and stern personality, she is the captain of Paprika Private Academy's disciplinary committee. She appears to have a great admiration for things ""pop"". As her idol character, she usually ends her sentences with ""-pri"", and her idol catchphrase is ""Pop, step, getcchu!"". She is easy-going and perky here, but still shows a bossy personality when things don't go right.",tsundere
ae0bd4159e6f6b81,Fran,kuudere/ae0bd4159e6f6b81.webp,"Fran is normally stoic and expressionless, but she also displays great amounts of enthusiasm for activities such as eating (especially when curry is involved) and fighting strong opponents. Anyone who insults her sword, Teacher , his curry or mocks her for being a Black Cat will face her wrath. Fran is overall a caring and kind person, and her warm heart gained her many invaluable friends and comrades ranging from merchants, sailors, nobles, royals, and adventurers despite her unsocial and verbally reticent nature. Fran is also shown to be quite humble, as she almost never flaunts her fame and influence through her personality. However her fame as the legendary Black Lightning Princess is something she takes pride in, for being able to prove that her tribe, the Black Cats , which were looked upon as inferior in social status for being weak, could give rise to someone as famous and as powerful as her. In a sense, she redeemed the pride and honor of her fellow tribesmen. Her multiple achievements and power were also a result of her mental fortitude, self-discipline, and conviction to achieve her goal of achieving Evolution ; these traits also served as motivation through her arduous life as a slave and her stressful yet thorny journey as an adventurer.",kuudere
fc03112018d3fbe6,Raku Ichijou,tsundere/fc03112018d3fbe6.webp,"Raku Ichijō presents himself to be quite civilized and highly artistic, except when he encounters a person with a lack of respect or regard for him or others around him. As a child, as evidenced in flashbacks, Raku would go as far as to put himself in difficult situations for others' benefits. He is kind and considerate as said by most girls in the and it is also what gets them to fall in love with him. He is easy to get along with and is highly motivated by past actions. He is highly skilled at rough/hard work and is happy to do so, as evidenced in his cooking for his Yakuza clan. He can also be highly oblivious of academic faculties and is highly unaware, at times, of certain conversations that he can easily misinterpret, either because of the vagueness of the circumstance, or the fact that he is lost in thought about Chitoge or Onodera. He is dull as he is oblivious to the romantic feelings of the girls around him, especially Chitoge's and Onodera's. Because of that, he was very surprised when Yui Kanakura , Kosaki, and Chitoge confessed to him and he had to process their time together while realizing it was true. He is well-educated and is slow to anger, but will respond with the same emotions or tone, most of the time, if he is addressed as a bean sprout by Chitoge.",tsundere
6db46c6c8b47a869,Rin Kujou,kuudere/6db46c6c8b47a869.webp,"Rin is generally expressionless and formal, but she can get really angry when it comes to Yūki Rito 's clumsiness towards her, Fujisaki Aya , and most of all, Tenjōin Saki , who she is very loyal to. Although she has shown to smile practically once to Rito as a sign of understanding, it didn't last long due to another one of his mishaps. She thinks his sister is more reliable than he is. However, Rin began developing feelings with Rito in Darkness Chapter 33 when he saved her, and became more patient and grateful with him.",kuudere
ccb6c46b53f6b090,Kaname Kuran,kuudere/ccb6c46b53f6b090.webp,"Kaname is generally a calm, elegant, stoic and authoritative individual. However, he becomes a completely different person with Yuki Cross ; to her, Kaname is very gentle and warm due to her being the only surviving member of his family and, unfortunately, her technical fiance. Kaname expresses jealousy towards Zero Kiryu because of Yuki's connection to him and he is not afraid to show this to Yuki. Kaname and Zero Kiryu meet face to face. He is very strict and often imposes discipline in a fierce way as the Dorm President, yet he is indulgent and kinder towards Yuki. Kaname has acknowledged to Rido Kuran that he has a contradictory nature, which leads him to both desiring to lock Yuki up and keep her to himself, but alternatively to watch her protectively while encouraging her to be herself. Kaname never hides the fact that he is not interested in anything else but Yuki's welfare. Every action he makes is towards one goal, and that is Yuki's safety; his greatest fear is losing her. In the Vampire Knight Fanbook , his personality section says he is capable of using cold-blooded measures to protect Yuki, who is more important to him than anyone else. He is very determined to have Yuki live for all of eternity by his side and deeply fears losing her.",kuudere
cd522b7e079a608e,Hiro Hayami,deredere/cd522b7e079a608e.webp,"At the beginning of Rainbow Live, he is self-centered and wears a mask and says sweet words towards girls which are covered in lies. He will do anything to achieve his goals, including stealing and trickery. He has a near-obsession with Kouji, and almost debuted alongside him. Bell is one of the only people who understand his twisted personality. He used to be a kind-hearted and pleasant guy but was influenced and controlled by Jin's principles of absolute perfection. However, Hiro is most known for his dedication and love towards his fans. Pleasing his fans is often his first priority and he is always thinking of ways to make them happy. At the end of Rainbow Live, he decides to tell the truth to his fans and expose the secrets of Jin. He reconciles with Kouji and together along with Kazuki they form the Prism Unit, Over The Rainbow .",deredere
2a7c9e84e781cda5,Hakkekkyuu / U-1146,kuudere/2a7c9e84e781cda5.webp,"White Blood Cell is a rather reserved Cell bearing an aloof disposition at most times. Like other White Blood Cells, his personality drastically changes during combat, becoming much more aggressive and brutal as he violently eliminates any invading Germs in his path. Despite appearing cold and ruthless, he is in fact very kind and selfless, and is willing to put his life on the line to protect his fellow cells. He has managed to maintain good relationships with other Cells and he doesn't seem to judge them by their rank or type. Though his job requires him to kill off any invading Germs with no remorse, he's still capable of empathizing with his enemy, such as paying respect to any infected cells he had to kill and even listening to Cancer Cell's final words before ending his life. He also has a soft spot for a Normal Cell , who he often calls affectionally ""Cell Boy"", and Good Bacteria . He can be unintentionally comedic, as when he was in the middle of killing a germ, White Blood Cell divided his attention to say hello to Red Blood Cell and even give advice to her trainee, all the while still doing his job. In Cells at Work! WHITE, his personality is slightly expanded on, such as his "" big brother"" role with his team co-existing with his emo subculture-esque self presentation.",kuudere
9f8e67378d4de50f,Gaito Kurouzu,tsundere/9f8e67378d4de50f.webp,"Gaito is commonly seen as rough and antisocial, and treats other people rather coldly. Even when those like Bal and Gao act kindly and approach with good intentions, he attempts to push them away. Gaito takes Buddyfight very seriously and has zero tolerance for those who use dirty tactics or mistreat cards. This goes as far as a severe obsession with winning and proving himself as the strongest, even claiming it as his 'destiny' to win every time. The fact that he has won every Buddyfight since becoming buddies with Abygale reinforces this belief. As such, when he experiences his first loss against Gao Mikado in the WBC Cup, he breaks down and punishes himself very harshly. Gaito seems to be misunderstood and mistaken as a bad person often, but does not seem to care. He does what he feels the need to be done, in both in his own ambitions to be the Buddy Champion, and when it comes to helping others. He may have a soft spot for kids as he helps out Bal and the younger kids at Aibo often, probably because they don't see him as a bad person right away. Gaito has Ailurophobia, due to his fear of cats. In D Episode 42 , it is revealed that Gaito doesn't deal well with social situations and crowds. He tends to hide from them every once in a while.",tsundere
fa115cfa1be91b11,Seika Ijichi,tsundere/fa115cfa1be91b11.webp,"Seika used to be part of a band - a guitarist herself, and her ability was such that the label talked about scouts. She sometimes hits Nijika and the members of Kessoku Band in her mouth, but in reality, she thinks of Kessoku Band more than anyone else. Although she didn't know that Bocchi was ""guitarhero"", she was quick to realize her talent as a guitarist. For example, Nijika claimed that Seika opened Starry for her, even though Seika will never admit that. Also, it was known that she always saved a spot, wanting Kessoku Band to play even though she pretended she did not want them to. She also sleeps with her soft toys despite her age. Despite this, she is ultimately a kind person who has good intentions, and in the end her strict and aloof nature is, in her opinion, the way to make the band do the best they can.",tsundere
0bc4a0138253f5ff,Xenovia Quarta,kuudere/0bc4a0138253f5ff.webp,"When Xenovia was first introduced, she was shown to have a calm, quiet, and serious demeanor, putting her mission first and only speaking when necessary. She was also very cold, bordering on heartless, as she called Asia a witch for becoming a Devil (even though she became one unwillingly so she could be with Issei) and even went so far as to try and kill her. She later threatened to do the same to Kiba when he was technically a Stray. After being reborn as a Devil, however, she gains a very close relationship with Asia, being touched by her kindness and apologizes for calling her a witch when they first met. In battle, Xenovia appears to be a bit arrogant, stubborn, and rarely uses her head in attempting to overwhelm her opponents with pure power and strength instead of being subtle or using skills. According to Issei , her fighting style is comparable to that of a Rook despite being a Knight, referring to her as a ""Power idiot"". As Xenovia was raised in the Church, she lacks common knowledge on the life of a normal person, evident when she brought a box of condoms to school as well as wanting to give birth to strong children, and has chosen Issei as her mate.",kuudere
9b40b417055c5703,Cinnabar,kuudere/9b40b417055c5703.webp,"Cinnabar is gloomy and hates themself for dirtying the things around them with their poison, though they are outwardly aggressive and dispassionate towards others. According to Kongō , Cinnabar is far too wise and too kind to be content with simply living for its own sake. Although they try not to show it, they have a tiny sliver of hope that Phos will be able to fulfill their promise. They are depicted as being intelligent and mindful of things, able to provide Phos with some information they needed for their encyclopedia. Cinnabar also seems to have a form of social anxiety, as in Chapter 65, they have a hard time talking to Kongō as well as their fellow gems. When encountering Phos each time, they seem doubtful of their words and outwardly annoyed with them, even going so far as to run away at one point. But they are the only gem they regularly speak to, with even Diamond only coming by sporadically. After the 220-year time skip, Cinnabar is shown to be much happier and returned to live at the school, though they still find it difficult to talk with others. They seem to have a close bond with Bort.",kuudere
0eaa9fa1e8a0ebcb,Éléonore de La Vallière,tsundere/0eaa9fa1e8a0ebcb.webp,"Obviously, Éléonore can be rather rough on Louise, and is very intimidating, as seen when she has her ‘evil,’ expression on. She's kind of strict to Louise, usually shouting at her, calling her ""Chibi Louise"", and pinching her cheek. Despite all of that, she actually cares for her. She is easily upset (even making Louise afraid of her) and she's very bossy. Louise seems to get her violence from Éléonore, as seen when Éléonore whipped Saito after he accidentally snuck into her room, and again later when he looked at her chest for a stamp marking that she was a thief. She does not approve Louise's feelings for Saito, since he is a peasant. Éléonore's evil expression Although Éléonore is rather intimidating, she means well. For instance, when Saito informed Éléonore that Louise planned on going to war, Éléonore locked her up and told her she wouldn't let her out until she changed her mind. This may seem rather harsh, though she did it to ensure her sister's safety. Also, when the school had been invaded, and hostages were taken, she volunteered to be a hostage instead, if all the other hostages were set free.",tsundere
7208b5eb039b926e,Homare Onishima,kuudere/7208b5eb039b926e.webp,"Homare is a generally stoic girl who generally has trouble socializing with others, since she lacks the common sense of what normal high school girls share. However, after the accident when she was first beaten with more girls of the same age, she tries to be more friendly and understanding. Homare is mature and very wise thanks to the experiences lived with her Father, she is also very brave when facing challenges that could kill her, sincere since she is never afraid to tell the absolute and gentle truth. Although her main goal is always to survive, Homare can also abandon her cold attitude to try to make Shion Kujo , Asuka Suzumori and Mutsu Amatani feel more comfortable on the island. Despite admitting that Asuka, Shion and Mutsu sometimes annoy her with their constant complaints, she really enjoys their company and appreciates their friendship. With the person with whom she is most affectionate, that is undoubtedly her father , whom she loves and respects more than anyone.",kuudere
be44e7c049bcf75f,Touya Kinomoto,tsundere/be44e7c049bcf75f.webp,"Touya is similar to his father who is also good at cooking, kind, athletic and helps with house work. Like Yukito, he is also very popular with the girls. Touya holds the belief that as Sakura's older brother, he is the only person entitled to make fun of her, a belief that his best friend Yukito refers to as a ""sister complex."" However, he is also caring of her, which leads him to feel suspicious of Syaoran Li . Though Syaoran and Sakura eventually stop fighting, Touya continues to dislike Syaoran when he becomes Sakura's friend, knowing that Syaoran will eventually take Sakura away from him. However he begins to like Syaoran because he is always helping Sakura. Which he reveals when he states that if there was anyone that Sakura wanted to be with to be by her side he wanted it to be Syaoran. He is a perceptive young man and knows what Sakura has been up to despite Sakura's attempts to keep it a secret, though he pretends not to. Sakura thinks it's impossible that he knows already because he would tease her about it. Touya seems to be a loner in personality. His only two friends appear to be Kaho Mizuki and Yukito and he is normally only seen socializing with the latter.",tsundere
47960ad5fed6f5a3,Hakari Hanazono,deredere/47960ad5fed6f5a3.webp,"Hakari is a typical high school girl who really, really, really, really, really loves her boyfriend. Hakari is also kind and caring, and helps some of the other members of the Rentarou Family with worries related to their femininity and perceived attractiveness. She carries herself with the mannerisms of a proper young lady in front of her schoolmates. Beneath the surface, Hakari is extremely perverted, and frequently fantasizes about being in erotic situations with Rentarou. She often comes up with ways to initiate physical contact with him or seduce him, and actively encourages him to touch her intimately. Hakari does have limits to her perverseness, and does get embarrassed when her mother behaves inappropriately.",deredere
6ced040a41880f7f,Kiyoomi Sakusa,kuudere/6ced040a41880f7f.webp,"Sakusa appears to be calm and collected, but very competitive and proud at the same time. He doesn't react much even when he scores the final point for a match, but when he finds a player whom he deems a threat to himself, he focuses intensely on the player. He was also quite irritated when Kageyama said he seemed average despite his reputation as one of the top aces. Sakusa is described as a very cautious player, who will analyze a toss before spiking, a trait manifests itself in his daily habits as well. He claims to be a realist, which explains why he asks so many questions so he can assess situations. Komori has stated Sakusa dislikes leaving things unfinished, as such, when he starts practicing or playing, he will never stop until finished. He will work for hours and practice any shortcomings he has, such as when he worked on his receiving after first losing to Ushijima . Once he becomes absorbed into a task, he sets high standards for himself, as shown when he was young and would repeatedly spike a ball off the ground into a wall corner or when he tried to do one thousand overhand sets in a row, reaching to at least 378.",kuudere
a9fe99e75325d24b,Yoyoko Ohtsuki,tsundere/a9fe99e75325d24b.webp,"Yoyoko, despite her external appearance, has been very insecure and has a lousy communication style that makes it difficult for others to deal with her. While she already gained fame since being in SIDEROS that she can perform her own solo live, she still compares other people's achievements against her, feeling that she didn't do enough to surpass them. She likes to go karaoke alone, afraid that people would see and judge her singing. She also tends to measure people's followers by way of venue capacity to determine their popularity, for example, equating Kita 's Isosta has 15,000 followers as equivalent to a Budokan. In addition to the above, Yoyoko is considered to be ""behind the times"" in the social media world which stems from her incapabilities to understand the modern day trends. This is shown when she stays in bed for a few days whenever her ""cool"" videos lack views despite them being incredibly boring and lackluster. Despite that, she also has been a considerate person, especially towards her sworn rival, Kessoku Band , she is willing to give tips for them to improve and succeed in Mikakunin Riot .",tsundere
24db4f8711d29558,Seiri Fukiyose,tsundere/24db4f8711d29558.webp,"Seiri dislikes people (namely Touma) who give up on their life and blame it on bad luck. It is hinted that she has feelings for Touma. She is mentioned as the girl who is ""pretty but lacks sex appeal."" Her nickname is ""The iron wall girl"". She is a health-product freak and is frequently ordering different health products from television shopping channels. Touma is the only one who knows about her being a health product fan. It should be noted that even though she gets interested in health products and such, she herself stated that she loses interest in them after using them a couple of times. She is said to prefer taking on multiple jobs for short periods of time, such as the Daihaseisai and Ichihanaransai , as such she had little interest in being a class representative or student council officer. Moreover, she says that she had little for her to improve there.",tsundere
9443b9ee1d3ce522,Mikoto Mikoshiba,tsundere/9443b9ee1d3ce522.webp,"Mikoto attracts the attention of many girls and he is admired by boys as well. He is popular and seems to have a charismatic, flirtatious personality. While outwardly he flirts with girls shamelessly and confidently, he cringes and becomes embarrassed at his own actions afterwards. Despite his own incompetence in romantic situations, he is perceptive when it comes to his friends' love lives. He can accurately infer when they are in need of assistance and is always willing to help. It is discovered that his personality is actually the inspiration for Mamiko , the heroine of Let's Fall in Love . While some characters have figured this out and constantly make references to it, Mikoto seems to be completely oblivious.",tsundere
45c9fb99dfdec385,Seishirou Tsugumi,tsundere/45c9fb99dfdec385.webp,"Tsugumi is exhibited as masculine and aggressive. As a sworn member of the Beehive Gangsters, Tsugumi is very loyal towards the organization, especially to Chitoge Kirisaki , as with all its members. Tsugumi is mostly portrayed as serious, focused and somewhat mild-mannered. However, after befriending Raku Ichijō and co., Tsugumi reveals a more feminine and emotional side. Furthermore, Tsugumi is a shy individual and becomes greatly flustered and embarrassed as shown when her mistress would resort her to wear more feminine clothing or when confronted by praise or compliments (especially Raku's). Tsugumi is also rather frank and direct, never hesitating to speak her mind. Tsugumi can also be playful and cheerful at times, proving that she can be sociable. Tsugumi is dumbfounded by the concept of love, which is shown when she is oblivious of what a love letter is and has no knowledge towards the celebration of Valentine's Day. On the contrary, Tsugumi is quite knowledgeable in how to confront her emotions and how to act accordingly with it which was evidenced when Raku would usually come to Tsugumi for ""love advice"". Despite Tsugumi's masculinity, she is usually the target of being groped by her female friends due to her buxom physique, leading Tsugumi to develop a breast complex.",tsundere
ccb8a547d859271b,Sei Handa,tsundere/ccb8a547d859271b.webp,"Seishuu is a stubborn man who is easily irked or frightened. However, after he spends some time, and really begins to open up to a person, he can be fun to be with. He is really passionate about his work, sometimes to the point of self-seclusion and exhaustion when he is inspired for a piece. This, along with his 'city-slicker' attitude, often leads to him being taken care of by the other villagers on the island who help him by bringing him food or reminding him to relax and have fun every once in a while. Takao Kawafuji (Seishuu's friend) even describes him as a handful who needs to be looked after from the shadows. He is also extremely prideful of his work, to the point where he punched a respected art critic who criticized his work, which was what caused him to be sent to the countryside in the first place. This aspect of him is also shown when he fell into a depression after losing to Kosuke Kanzaki , an 18 year old newbie. He is also enthusiastic about calligraphy in general, taking it very seriously and lecturing those who do not take it as seriously as shown when he tried to teach Naru Kotoishi , Miwa Yamamura and Tamako Arai calligraphy so they could finish their homework.",tsundere
21729e4747352c85,Samekichi,tsundere/21729e4747352c85.webp,"Rough and blunt at first, Samekichi comes off as a harsh individual that seems as if he bears a strong hatred for everything in existence. However, this was just a ruse, as he simply wanted to maximize the chance for Wadanohara's safety in the game. He deeply cares for Wadanohara, and it's revealed in the events of the second Normal Ending of Wadanohara and the Great Blue Sea that he values her more than anything else in the sea. In the ending, it's suggested that he commits suicide in his grief over the sea witch's death. In his character bio, it also mentions that he would do anything to protect her. He grows irritated when people use Wadanohara and him for errands, but doesn't inherently dislike them, even as going as far as asking Irena what kind of present he should get for Wadanohara, and inviting Tarako to listen to Wadanohara play piano at times. He also forgave Wadanohara's other familiars for treating him poorly, where he was trying to get Wadanohara out the Blue Sea without admitting his reasons. Samekichi gets easily flustered and angry.",tsundere
c12e4e0b1f9e9c3c,Reiji Mitsurugi / Miles Edgeworth,kuudere/c12e4e0b1f9e9c3c.webp,"Edgeworth is usually calm and level-headed, but is typically seen as a snob due to his cold, ruthless, and generally aloof nature. He has a certain lack of social skills and tact, making him very insecure and awkward around others, including being rather resistant to having his picture taken. Being taught as a child to glare at people who looked at him, this habit continued as an adult, unwittingly intimidating others, even to quirky degrees such as glaring at security cameras, statues, people sleeping with their eyes open, and even his own reflection. He also has difficulties with some names, referring to the Global Studios mascot "" Mr. Monkey "" as ""Mrs. Monkey"", calling Psyche-Locks ""Psycholocks"", calling Little Thief ""Mr. Thief"", misremembering the "" Alif Red "" statue as the ""Alfred Statue"", and referring to the robot Ponco by the name ""Panko"", despite the latter's numerous attempts at correcting him. Edgeworth dislikes the limelight and often tries to credit other people or circumstances for his accomplishments, and sees no value in awards or trophies. He hates showing his weaknesses, and resists other people's attempts to get involved with his problems.",kuudere
16010d03fde7178e,Suzune Horikita,kuudere/16010d03fde7178e.webp,"Suzune unmoved by threats. Suzune is a serious, intelligent girl who rarely displays any emotion and generally seems unfazed by most things, as proven when she remained unmoved after being threatened by a boy from Class 1-C . She comes off as a rather cold and distant person to her classmates due to the lack of communication with them as well as her tendency to distance herself and look down on them. Because of this attitude, she is openly honest about many things, which is shown when she admitted having no friends as she thinks that friends would only drag her down, but this began to change as the series progressed. Suzune possesses an antisocial outlook, which has led her to hardly talk to anyone except Kiyotaka Ayanokōji upon meeting him and to not trust anyone, especially those who tried to befriend her such as Kikyō Kushida . However, unlike Kiyotaka who initially wanted to make friends, she was the opposite of him as she disregarded it, thinking that it was nothing more than a distraction and only thought of getting promoted to the Class A. It is strongly suggested by Kiyotaka and her brother that her attitude and inability to work appropriately with people or her tendencies on focusing too much on her goal was the reason she was placed in Class D.",kuudere
7ae8474aec8fa562,Wy,tsundere/7ae8474aec8fa562.webp,"Wy appears to be the most mature of the introduced micronations, admonishing both Sealand and Seborga for their behavior when they visit her garden but has been said to show her childish side as well. She has also been described as one to enjoy her freedom along with fun things to do. While she emphasizes the fact that the mayor of the surrounding township has recognized her independence, she realizes that she is not classified as better than either of her micronation peers. It is implied that both she and her King are artistically gifted.",tsundere
c283ad2dae0b98ff,Inosuke Hashibira,tsundere/c283ad2dae0b98ff.webp,"Inosuke trying to instigate a fight over a futon. Inosuke is short-tempered, confrontational, abrasive, and proud. He always likes to think he is the strongest fighter in a situation, constantly challenging most people he comes across and wanting others to respect and praise him for his skill. This often leads him into unnecessary danger since he tends to overestimate his abilities in comparison to who he is fighting and refuses to accept when he's been defeated, which can be seen when Giyu Tomioka has to tie him up after his fight with Father of the Spider Family to prevent him challenging the Hashira to a fight while still severely injured from his previous battle. This constant wanting to be the best can also cause Inosuke to be very provocative, as he often tries to goad others, most prominently Tanjiro Kamado , into fighting him, although in the case of the latter he usually fails due to Tanjiro's obliviously kind nature. Inosuke's anger towards Doma. Inosuke possesses a rather vengeful side to his personality, especially when the people he cares about get harmed. He refused to help the injured train engineer who stabbed Tanjiro and was convinced he was right in letting him die, only helping him when Tanjiro begged Inosuke to do so and forgave the man.",tsundere
72411e0eac586751,Ladonia,tsundere/72411e0eac586751.webp,"Ladonia is a Internet-Based Micronation in Sweden, who considers himself very powerful, even enough so that he could conquer Sweden . He is a bit cheeky and overall at a primary age. He is a very hot-headed person and is often shown as aggressive towards the other micronations, refusing the friendship of Sealand and claiming he hates him as soon as said friendship is offered. Despite this ""hatred"" and denial of friendship, he is later shown to have joined the Micronations. Ladonia claims to be popular worldwide, even so among Pakistanis. This is because he lives ""in the net"" and due to this reason, he won't appear in the real world if his connection is shut off, as what Molossia does by turning off Ladonia's laptop upon meeting him.",tsundere
2560113d04a9e4b5,Ginko,kuudere/2560113d04a9e4b5.webp,"10 year-old Yoki (Ginko) Ginko comes off as a rather laid-back type, but he can be serious when the need arises, such as in a situation involving Mushi. He has also been shown to be caring for both people and Mushi, as he constantly stresses that mushi are not evil, but just merely trying to survive like everyone else. Despite having no recollection of his life before the age of 10, Ginko is content with how his life has turned out. Often he is clever in tight situations, relying on his knowledge of mushi to escape otherwise fatal occurrences, or to help others. He is also seen to be clearly excited about finding new species of Mushi, being visibly upset when a situation more pressing demands his attention, such as in the Path of Thorns special. He has also shown a sense of honor, multiple times taking responsibility for mistakes in his cases, offering to do everything in his power to help out the person affected, no matter the cost, or how long it will take. Although he rarely sees anyone more than once as a result of his travels, he is shown to be very coy and joking, especially when he is around his close friend, Adashino , and friendly to those he meets who wish to hear his tales or news from beyond remote areas he is visiting.",kuudere
fbdd2eba9ed86712,Aguri Madoka / Cure Ace,tsundere/fbdd2eba9ed86712.webp,"Aguri is composed, calm, and wise beyond her young years. She can be strict and expects others to follow the rules, so she can appear to be bossy and accidentally say hurtful things. However, she has an appreciation for good food, most notably sweets; such as a peach roll and Sebastian’s cake, both of which she described in great detail, and how she was a regular of a restaurant ever since being ""drawn"" in by their anmitsu. She is known for speaking elegantly, such as saying ""bravo,"" when she eats something she thinks tastes good, and ""adieu"" when departing.",tsundere
f39fb69b59b237c3,Fiona Frost,kuudere/f39fb69b59b237c3.webp,"Fiona internally proclaims her love for Loid Fiona presents a consistently stoic, controlled demeanor, a habit reinforced by Twilight's instruction to always suppress her emotions. Internally, however, she experiences strong feelings, most notably her romantic devotion to Twilight. She regards him as the same person regardless of the identity he assumes and believes that becoming his wife would form the ideal partnership, both emotionally and operationally. Fiona views herself as the most suitable, if not the only, candidate for that role. These feelings are most apparent in her attitude toward his Operation Strix persona, Loid Forger. Her attachment often leads her to consider replacing Yor as Loid's wife, a possibility she has raised with both Loid and Sylvia Sherwood . Although Fiona sees this outcome as advantageous for both Twilight and the mission, she recognizes that acting on her desires would jeopardize Operation Strix. Rather than placing her own feelings above his work, Fiona consistently subordinates them to what she believes will best help Twilight realize his ideals, even when doing so requires suppressing her own wishes or accepting grave personal sacrifice.",kuudere
427bc2756efe376e,Evergreen,tsundere/427bc2756efe376e.webp,"Evergreen is a woman who loves fairies, and her childhood dream was to become one. She greatly admires beauty and elegance. When first introduced, she came off as a vain, shallow, and arrogant woman who had no problem with turning the people that were supposed to be her guild mates into statues, all for the sake of Laxus. She later revealed her longtime resentment of Erza Scarlet during their battle, all for Erza harboring the name Titania and not even particularly caring for the title. Evergreen apologizing to Elfman Evergreen is shown to care very, very deeply for Laxus and her teammates, and she appears quite fond of them, and they of her. She said once that they'd been together for ""a long time."" As such, they were initially the only people with whom she interacted. After Laxus' exile, she and her teammates began to open up to the guild more and more, and she's seen around the guild hall on numerous occasions. While quite vain and prideful, she is not without regret, as seen when she and Elfman were defeated, and she tearfully apologized to him, blaming the entire ordeal on herself.",tsundere
77e58095194d7b5e,Michiru Hyodo,deredere/77e58095194d7b5e.webp,"Michiru would have been a well-rounded student if not for her poor academic performance. She is fickle and naturally good at anything she does. Tomoya Aki once noted that Michiru had a lot of useless talents. She is not interested in anything but her band and music, and she enjoys playing the guitar. Michiru had a prejudice against otaku culture and wasn't happy about Tomoya being an otaku and tried to get him out of his 'nerd phase' until Tokino Himekawa , Echika Mizuhara , and Ranko Morioka told her they were all otaku. Michiru is a kind and caring girl, but she can also be childish sometimes and she also seems to be naturally cheerful as she is usually seen with a smile on her face. However, she also has shown to be serious and mature. She doesn't seem to have much modesty and seems to enjoy showing off her body, as she had no problem with Tomoya seeing her only wearing panties and a towel that only barely covered her breasts, and then walked through the house in the same outfit. She also seems to prefer wearing more revealing clothing, as her main casual outfit is a very skimpy crop top and short shorts. It is hinted that she has feelings for Tomoya, though its not completely clear due to her slightly impassive personality.",deredere
fe963bc5c6316b40,Hinatsuki Mikan,deredere/fe963bc5c6316b40.webp,"Mikan is a reliable girl. When she first meets Yuko Yoshida in Episode 8 , Mikan tells her that she can rely on Mikan like a big sister. Although, this wasn't taken nicely since Mikan thought Yuko was younger than her. If someone praises her for something, she will be flustered and she will reject the statement like ""It's not like saying that will bring you any good!"". Despite having told Momo Chiyoda to bow down to her and thank her, Mikan is very attentive about Momo, especially now that she is in a weak state. She also adores Momo, shown in Episode 8 as she is enthusiastically telling Yuko how cute it was that Momo used to do a twirling pose as she is transforming. Mikan has something of an obsession with Citrus fruits, stockpiling them, adding them to all her foods and drinks (as well as those of others), and even carrying them around at all times.",deredere
62a53e5f69f86668,Knuckles the Echidna,tsundere/62a53e5f69f86668.webp,"Personality-wise, Knuckles is serious, aloof, stubborn, and does not adapt easily. Headstrong and inflexible, Knuckles prefers to do things his own way which causes him to clash with others. Regardless, he is very strong-willed, seldom wavering in his determination. Unlike the rest of Sonic's group, Knuckles walks his very own path and is able to fight many people on his own, due to his brute strength and competence at martial arts. He also never gives up once he has a goal to accomplish, especially when its about finding the Master Emerald which is his job/duty to protect it. When on a serious mission, Knuckles is extremely self-sufficient and only says a few words. Knuckles grew up believing in honesty, and holds a strong and steadfast belief that there is good in everyone, which always lets him give people (especially Eggman) second chances. However, this makes him very naïve, quite gullible, and easily misled, which has given him a history of being tricked by Eggman. Though he is cool and determined in battle and most stressful situations, Knuckles has an extremely short temper which leads to aggression, and is difficult to talk to or reason with when he is angry.",tsundere
9584997b49737b3d,Mary Saotome,tsundere/9584997b49737b3d.webp,"Mary tormenting Ryota. Initially, Mary is portrayed as incredibly sadistic and twisted. One example of her personality is how she treats her classmate Ryota Suzui after he turned into a ""housepet"" due to his low social status within the academy. She is extremely egotistical both in and out of matches, often being confident in her victories. Mary also has a habit of taunting and mocking her opponents while laughing at them, especially when the game seems to be within her grasp. Mary after losing everything. After losing to Yumeko Jabami and experiencing the life of a housepet, Mary, having no other goal in mind, became desperate to regain her status within the academy. Soon after being humiliated, Mary eventually loses her pride after she has a mental breakdown during a match against Yuriko Nishinotouin and falls into a state of grief and shame. After regaining her status, she appears to have lost her former arrogance and cruelty. Still, she is sometimes slightly nettled by Ryota's cowardice or Yumeko's reckless behavior. However, she still shows signs of caring about them. She also developed an immense hatred towards the student council, wishing for them to pay for what they had done to housepets.",tsundere
86eec8e3d9fe3df9,Sasha Necron,tsundere/86eec8e3d9fe3df9.webp,"Sasha initially comes off as arrogant and haughty, taking pride in her lineage as a direct descendant of the Demon Emperor Ivis Necron and displaying great confidence in her power and abilities. She tends to get aggressive with those she thinks are belittling her efforts and mocking her talent, as she was initially hostile to Anos due to thinking he was looking down on her. However, despite her temper and impulsiveness, she is a very competent leader and skilled strategist, as demonstrated in her team match against Anos. During this time, her subordinates completely trusted her and even managed to perform Jio Graze despite initially having doubts. Initially, she appears to have a negative relationship with her twin sister Misha, as Sasha would often verbally abuse her by calling her a ""junk doll"" or other insults. However, it is later revealed that the two sisters were close during their childhood and that Sasha has protective feelings towards her, as she got angry when other students insulted Misha.",tsundere
710c492551644d99,Amy Rose,deredere/710c492551644d99.webp,"Amy is generally kind, optimistic and friendly. A large part of her personality is her relationship with Sonic, whom she loves madly, even though the hedgehog usually does not reciprocate. Amy sometimes reflects deeply on her relationship with Sonic. She also becomes self-conscious when she has to fight with her beloved. In her free time, Amy enjoys preparing delicious food. She is famous for her cake, the recipe for which remains a secret. Amy can also be temperamental, domineering and stubborn. She can also act out of anger, harming those around her, even if they are innocent. She also places great importance on her appearance. In anger, Amy can be unstoppable. She starts swinging her hammer around, not even paying attention to what she is doing. She can also be very bossy and starts dictating her rules to others. Refusing to fulfill her wishes can result in a painful blow from the hammer. Amy dislikes it when her plans do not go as planned and then she also becomes upset. Therefore, she is very nervous, ready to explode at any moment.",deredere
cc76458bda87c7cd,Homura Kougetsu,kuudere/cc76458bda87c7cd.webp,"Homura's habit of voicing her thoughts aloud Homura appears to be a calm individual who desires to help anyone without any reason. She has a tendency to voice her thoughts out aloud, even when she intends to keep them a secret due to Valkyrie. She also has an interest in fighting the Demon King and has a love for fighting strong opponents. Homura is capable of anger and aggression as she showed both upon seeing a replica of her master and one of the Four Shining Stars', Valkyrie Yuna, as her opponent in Xiaomei's arena within the Temple of Knowledge . Homura unable to bear the heat Homura is shown to be unable to handle hot temperatures and often sweats easily as shown while she was bathing in the Spa of Eden, even though Rebecca pointed out the bath wasn't that hot. This is due to a magic flame that was kept sealed in her body ever since she was a child. After using Warrior Maid Ultimate Secret Attack: Flame Extolling Blade , this weakness was relived from her.",kuudere
0e684d615ac57001,Rena Kariu,tsundere/0e684d615ac57001.webp,"At first, when Arata Kaizaki meets Rena, she is quite judgmental considering how on the first day he was caught with cigarettes in his bag, but she is considerate enough to lend him a pencil and eraser when he needed. She is also a very stubborn and competitive girl who is shown to be quite determined as she came to the first day of school, sick, in order to beat Chizuru Hishiro in the exams and become a student council rep for the class. Rena also has trouble expressing her feelings at times and will consider avoiding them or trying to cause others the same misery she's feeling such as when she tried to steal Chizuru's bag.",tsundere
a29e3ade297a24ae,Mayuri Shiina,deredere/a29e3ade297a24ae.webp,"Mayuri hugging an Upa plushie Mayuri possesses an extremely childish and naïve attitude for her age. While this may have something to do with her inability to accept the death of her grandmother when she was young, Okabe states at one point that she has always been a little bit different, though he never goes into any detail beyond this. Mayuri has a great fondness for cute things like Upas , and likes to give cute nicknames to familiar people, like Okarin for Okabe, being a portmanteau of his last and first names Oka be Rin taro, even referring to herself as Mayushii, being a portmanteau of Mayu ri Shii na. She also has a moral compass and becomes anxious and unhappy whenever Okabe does something ""bad"", such as hacking into SERN 's files, although she does not do much beyond chiding him for it. She often seems to forget about it after a while or when the conversation topic changes, and rarely holds grudges. Though appearing as one of the less intelligent members of the lab, according to Okabe, Mayuri is very perceptive, often being surprisingly quick to catch things no one else notices, and being good at understanding how others feel.",deredere
e2251461b20b650e,Hotaru Imai,kuudere/e2251461b20b650e.webp,"Hotaru is intelligent, logical, extremely rational, and has a foul mouth and she's also quiet when everyone in her class is so noisy. She naturally comes off as emotionally detached and serious Nonoko and Anna next to Hotaru. , and her inclination is to have little to no attachments with people in case it will slow down her from her goals. She initially succeeded with this by focusing on her inventions and exploring ways to exploit her Alice by selling her inventions to the highest bidder of foreign companies. When faced with a potential conflict, she tends to respond with irritation and dismay but will carefully analyze the situation and decide the most rational solution. Although Hotaru, by her own admission, has tried communicating with people directly and prefers to stay out of other people’s personal affairs, she has strong morals and dedication to those precious to her, which earns her the respect of her classmates and teachers. This quality is what won her Mikan’s unwavering friendship, as Hotaru is able to look past Mikan’s childish antics and naivety whereas Mikan is able to look past Hotaru’s coldness and unemotional exterior.",kuudere
c5e4d9193b7d8973,Rin Nohara,deredere/c5e4d9193b7d8973.webp,"Rin treating Obito's wound. Rin was a sweet and friendly girl who cared deeply for her comrades as well as her village. She often played the role of peacemaker during Obito and Kakashi's many spats while remaining objective. Rin was also an intellectual individual, witnessed by her ability to learn as well as use high-level medical ninjutsu at such a young age. She proved to be perceptive under stress as seen in when she thought Obito had died and after being captured by the Kiri shinobi, she concluded that she should not return to Konoha or the village would be attacked. Rin was a devoted person as seen in her unwillingness to abandon Obito even when her own life was in great peril. She had a very strong will, as even though under what seemed to be the harshest of genjutsu, she would not break. While Obito had romantic feelings for her, Rin did not share them, instead having romantic feelings for Kakashi which were revealed only shortly after Obito was incapacitated during the cave in. Nevertheless, Rin cared very deeply for Obito and was willing to always help him in almost anything, either by treating his wounds or giving him moral support.",deredere
d2b4b973ac8a6237,Miku,tsundere/d2b4b973ac8a6237.webp,"Miku is a confident, blunt, spunky, and outspoken girl who tends to lash out at others if their personal habits bother her. She is generally motivated and strives to prove herself, a trait she shares with Zorome through his immaturity often irritates her to no end. She is very prideful of her appearance and refers to herself in third person, which gives her a ""cute"" impression. Like Kokoro, she has a fondness for flowers and enjoys making flower crowns. Despite her assertiveness and brashness, Miku is compassionate and friendly with her squadmates. She has been best friends with Kokoro since their childhood and gets along better with her than the other girls. She generally dislikes Ichigo for her bossy and matter-of-fact attitude, to the point she was dismayed to learn Ichigo was promoted as the squad leader and Miku was eager to find any opportunity to start a quarrel with her. Miku even went as far as to condemn Ichigo for parading herself as the leader and ordering all of them around but then would break down when things would go wrong and had to be comforted by Goro to stop her from having a breakdown.",tsundere
1aab49e9b70fb1eb,Stocking Anarchy,kuudere/1aab49e9b70fb1eb.webp,"Stocking happily eating roll cake in "" The Diet Syndrome "". Stocking's defining trait is her love of sweet foods. Similar to her sister Panty's obsession with sex, Stocking often has a compulsive need for sweet snacks, mainly cakes and pastries. Her persistent eating habits have drawn criticism from Panty, Scanty , and Kneesocks , but Stocking usually excuses it with her claim that her fat goes to her breasts. After Diet Syndrome , Stocking doesn't fret as much over a few extra pounds, but will diet if she puts on too much, as seen in Independence Dick . Stocking hates spicy food just as much as Panty hates sweets (although the latter will still eat the former's sweets if bored enough). Stocking is typically a level-headed and reserved person, especially compared to Panty, and rarely lets her love for sweets get in the way of her Ghost -hunting duties, which is why she was allowed reentry into Heaven unlike Panty. She may be the smartest of the Anarchy sisters, something that even Panty admitted in "" Nothing to Room ,"" not that that is a high bar, though Brief makes a reference in Daten City President to her being reasonably intelligent.",kuudere
aab69bb35f6f42fb,Norman,deredere/aab69bb35f6f42fb.webp,"Norman is a calm, level-headed, kind, and gentle boy who presents himself to have figured things out because he wants to appear as a reliable person to people around him. At the same time, Norman is a complex individual due to his conflicting morality. Like the rest of his siblings, he enjoys playing games such as tag and hide-and-seek. After being exposed to the truth behind the orphanage, Norman is revealed to be similar to Ray, as in being a realist and wanting to take a limited group of people along in the escape. However, he deems himself as being selfish due to worrying about his own life, as opposed to Emma who selflessly worries about others first before herself. Norman's love for Emma inspires him to follow her idealistic ideals, and as so he becomes determined to escape with all of his siblings despite it seeming impossible. To achieve this, Norman has shown to be manipulative, ruthless and extremely rational, having no issues agreeing to the plan to kill Krone and Isabella that Ray came up with in order to escape. Norman is the most intelligent child at Grace Field House Plant 3, consistently getting perfect scores during their daily exams. He likes to apply what he learns to his day-to-day activities, even in a simple game of tag.",deredere
27c1cbce3aaba20c,Sarasa Watanabe,deredere/27c1cbce3aaba20c.webp,"Sarasa has a very bubbly personality, and she is very friendly towards people and cares deeply for her friends and family. She is often willing to help those in need, such as when Ai Narata 's ticket is blown into a tree, and when she helps out Ai's stalker. Sarasa is also shown to lack tact, as she refers to the stalker by whatever self-depricating names he gives himself. Sarasa is easily unnerved when someone criticizes her, like when Hijiri Nojima tried to get under her skin in order to make her nervous during the Sports Festival.",deredere
92b6752233415b67,Gowther,kuudere/92b6752233415b67.webp,"During the battle between a deformed Dale and Dawn Roar , Gowther first shows himself speaking in his distinctive, emotionless manner. His expression never changes, being completely blank, and his speech bubbles are uniquely square, compared to the round bubbles of everyone else. Yet despite his emotionless nature, Gowther does care about others. This is shown when he protects Pelliot from the Armor Giant's attack. He is shown to be completely unaware of others' feelings, has shown an inability to understand the meaning of friendship. He often states things factually without realizing that what he says can upset people. Gowther decides to assist Elizabeth on her journey, not because of a desire for justice, but because he felt obligated as a member of the Seven Deadly Sins. Since Gowther doesn't understand emotions he goes to great lengths to understand them better. For example, he often observes Meliodas and Ban 's friendship, and he is not beyond using his powers to experiment on others, as seen when he brainwashes Guila. Despite his title, he has been shown to not normally be lustful; even when he brainwashed Guila into loving him, it was not out of lust.",kuudere
d79b99c40bb411ed,Denmark,deredere/d79b99c40bb411ed.webp,"Denmark is said to be full of youthful vigor and humor, though he is also very stubborn and doesn't listen very well to others. As a result, he is known to be very controlling, bossy, and demanding, to the point where it is hard to get along with him. Like Sweden however, Denmark has since calmed down and now puts his energy towards social services and making furniture, though he still manages to get himself into trouble. In a follow-up question regarding his ""scary"" appearance, it was stated that his ""really wild"" behavior came from him being a sailor. Once he started to live on land, he began to calm down. It was said that, when he would finally make an appearance in the comic, he would have a frightening impression. A bio says he's a ""ruffian"" in the past. He’s optimistic and easy-going, sometimes a bit too much and gets into trouble. He appears to be minding his own business and is care-free, but he actually works hard. He declares himself to be the ""King of Scandinavia"", and speaks in an Ibaraki dialect. He is also a heavy drinker. He is said to be carefree, but he is actually a hard worker. His Volume 6 profile states he has been active in cultivating organic products.",deredere
e79968622040fbbd,Golden Darkness,kuudere/e79968622040fbbd.webp,"""I hate ecchi people."" ―Yami's view on perverted things Yami is afraid of slimy things. Though she does come off as stoic, emotionless, and withdrawn in actuality she is pretty kind, but she would attack people who talks about something that she doesn't like. She also hates perverted people and normally attacks Rito (despite knowing its not his intention), who by his clumsy nature trips into her and gropes her, or the Principal , whose perverted nature makes him come running to her in almost no clothing whenever he sees her. Other people she has attacked include Saruyama Kenichi , Kotegawa Yū , and Motemitsu Taizō . She also has a weakness towards anything slimy and with tentacles. She is a mayadere. Yami is often reading books to understand Earth's culture and learn more about emotions such as love. She had been contracted to kill Rito, but after their initial meeting she chose to 'assess' him. Since chapter 158, she has begun showing small inklings of feelings towards him for not taking advantage of her while affected by Celine's pollen. In To Love-Ru Darkness, Yami's feelings for Rito are shown quite a few times.",kuudere
82af2da3cba7be22,Tatsumaki,tsundere/82af2da3cba7be22.webp,"Tatsumaki telling Saitama to get out of her sight. Tatsumaki has a rather brash, moody, hot-headed, and impatient personality. She is disrespectful towards most people, especially to those she deems incompetent. She is completely intolerant to those she deems impertinent, as shown when she slammed Genos into a large piece of rubble for retaliating against her verbal abuse of Saitama . However, she did stop when Bang scolded her for her actions to him. Tatsumaki especially dislikes being ignored or being called things like ""brat"" and ""runt"". Despite her arrogant personality, she feels obligated to defeat monsters and considers her job as a hero to be a duty, accepting any of the Hero Association 's requests to defeat monsters. Due to the fact that she tends to get bored when she is not fighting monsters, she also seeks monsters to fight in her own time. She has a bit of a soft side towards her little sister, Fubuki , but she is also very overprotective and controlling of her. Tatsumaki is extremely confident in her strength. During the S-Class meeting for Waganma 's rescue, she claims multiple times that no monster stands a chance against her, and even takes the situation nonchalantly to a certain extent.",tsundere
eed70432cec8f2d2,Tionishia,deredere/eed70432cec8f2d2.webp,"Tio's warm, loving nature. Despite her size and strength, Tio is an incredibly gentle and warmhearted person. She cares greatly about her comrades and friends, and supports them in even the slightest accomplishments. It's partially due to this caring nature that Kimihto suspects that Tio is the ""heart"" of the M.O.N. team, and keeps them all together. Tio is apparently somewhat sensitive about being mistaken for a man, due to her size. She can also be a bit absent-minded, as she started eating some chips in the middle of a hostage situation. It's implied Tionishia may be arachnophobic as she was scared when entering a house covered with spider webs. Despite this, she has no problem subduing Rachnera when she thought she and Miia were assassins trying to kill Kimihito. While on a date, which she presumably never had before, with Kimihito, Tio proved to be very excited and interested in things such as clothes, candy, music and puppies. Tio is said to have a sweet tooth, frequently looking for the newest candies and always eating something sweet whenever she has the chance. For some reason, she eats ice cream in little bites, while she eats cake in a single bite. She is quite fond of the clothes she wears, especially ones which she deemed as pretty.",deredere
12ac3ac64d3b3f3a,Fenrys,deredere/12ac3ac64d3b3f3a.webp,"Fenrys believes in a warrior's honor; finding her husband mourning the accidental murder of her brother to be an insult to his memory (unaware that humans largely value life more). She hated humans until Flio defeated her. She followed her clan law to submit to a stronger warrior who defeats them; it was either that or seppuku. Uliminus noted Fenrys had completely changed at heart after the wedding with Flio. Indeed, while her temper more or less remained the same, Fenrys had become much more open and relaxed thanks to the love between her and Flio. Fenrys does not take other women liking her husband well, giving death glares or strained warnings; being very possessive of Flio. In fact, Fenrys had a big stupid grin on her face the morning after they made love for the first time.",deredere
0fb53ea64d331836,Rizumu Amamiya,tsundere/0fb53ea64d331836.webp,"Rizumu has a very energetic and spirited personality and she rushes into everything head-first with full determination. Passionate and hot-blooded, she gets riled up easily and often yells out in displeasure or excitement. She is shown to be a talented dancer and because of her energy, a lot of stamina. She also really likes food- especially meat and chocolate, and she claims to be knowledgeable about love due to a book she has. Although whenever Hibiki flirts with her she gets extremely flustered. However, she is also shown to be absent-minded at times and a little clueless, and she lacks Mion's maturity and Aira's gentleness, so her abrasive nature -good intention or not- tends to rub others wrongly. She doesn't appear to be very feminine and struggles with things like fashion and delicateness, but she is generally friendly though and doesn't like to see others being sad. She has trouble with school some times. This light personality is immediately erased when it comes to her mother and the Aurora Rising. She can sound selfish and coldly uncaring around others in such cases, and she becomes completely serious losing sight of everything going on around her. For her goal she will do anything, even if it means throwing away friendship and losing her heart.",tsundere
e8818f781fc8d299,Kikyo,kuudere/e8818f781fc8d299.webp,"After her resurrection, Kikyō was not always as kind as she once was. She had developed a new-found hatred that she never had when she was alive. This freedom to hate satisfied her, as she never was granted this when she was alive. At first, she wanted revenge on Inuyasha, believing him to be her murderer. However, she eventually found out the truth and turned her hatred toward Naraku . Slowly, she started to become more like her former self. Kikyō was also a very wise woman for her age, and quite deceptive. Kikyō devised cunning plans to destroy Naraku, although she went about it in strange ways. For a time, Kikyō seemed to be on Naraku's side since she handed him Kagome's Shikon Jewel shards, to which this action caused Inuyasha to accuse Kikyō of betrayal. However, she explained that she gave him the shards to cast Naraku toward death and that she would never allow him to take Inuyasha's life. She wanted revenge just as much as he did and desired to end Naraku's life. She figured out that Naraku was a half-demon and that he still possessed Onigumo's heart, whose owner still had feelings for her. Kikyō found his feelings for her ironic and ludicrous, and felt much contempt toward him.",kuudere
22de09d58595b495,Nejire Hado,deredere/22de09d58595b495.webp,"Nejire is naturally a very kind, talkative, and endlessly curious girl who shows great interest in people's unique physical features and is easily distracted by them. Due to this, Nejire can be very blunt, often asking invasive or off-putting questions. Stemming from her days in middle school, Nejire's eagerness to learn more about others drove people away from her, with them all believing that she was looking down on them due to her powerful Quirk. Because of this, she gradually grew into a cold and distant person with an anti-social personality, who kept her emotions bottled in. It wasn't until Tamaki Amajiki , and then Mirio Togata , befriended her during her early days at U.A. that she was able to open her feelings back up again, regaining her confidence. Nejire talking enthusiastically about Mirio's Quirk. Nejire is an affectionate person and a ""free spirit"" who has a genuine passion for learning new and strange things and isn't afraid to speak her mind or show how she feels. She seems to like knowing more than others, but not in a proud way, as she enjoys explaining things to people and sharing her knowledge. She is mentioned to act like a kindergartner due to her childish glee. Nejire is enthusiastic, affable, cheery, and always seen moving.",deredere
215097cc8e1df10b,Yuusuke Makishima,tsundere/215097cc8e1df10b.webp,"Yusuke is seen as creepy due to his awkward facial expressions, quiet demeanor, strange hair color and irregular dancing style. Yusuke has admitted to being bad at socializing, and he's well used to being regarded as gross, weird or creepy. Blunt and prone to cynicism, he often comes across as uncaring or harsh as a result. Contrary to perceptions, it is clearly shown that Yusuke is kind-hearted and much softer than he looks, as he cares deeply for his friends, becoming embarrassed by genuine praise, and often gives Sakamichi useful advice about cycling. He shares the similar experience of wanting to be with others rather than alone, but ends up being judged as weak and out of place. Despite this, he uses his cynicism and frustration to push himself forward, and excitedly welcomes when his cynicism is shattered by the achievements of others. Yusuke is one who does things his own way and proves his worth through being the best at what he does no matter how odd he seems doing it. However, his fashion sense is noted by other characters to be incredibly bizarre, though most of them refuse to openly question it out of fear of insulting him.",tsundere
92e4abd3573512b5,Krul Tepes,tsundere/92e4abd3573512b5.webp,"Striking down Ferid after threatened by him As with other vampires, Krul views the humans as nothing more than livestock. She does act to gather them to ensure vampires will still have a supply of blood after the world ends. Where their traits are concerned, Krul sees them as foul and endlessly greedy creatures who will do anything for their own personal gain. This view of humans was the reverse of how Krul felt when a human girl where she had fears about blood-sucking monsters. –Reflecting on her and Ashera's perspectives on what monsters are. Chapter 138 : ""Really for Real"" Page 17 Krul is proud, especially as a third progenitor that gives her the power to back up her reason to be so, further as the queen of Japan. When Third Progenitor Lest Karr challenges her position as the ruler of Japan, Krul becomes angry with his accusations and affirms she never fails, ever. She is temperamental when challenged and does not hesitate to remind her challenger of their place. When Ferid Bathory slaughters the Hyakuya Sect orphans she carefully hid in Sanguinem and kept as livestock, she becomes enraged because he fatally wounded one of the seraph and allowed another to escape. Krul hates the First Progenitor for turning her brother into a demon, a feeling that has not diminished with time.",tsundere
91a64d5c05cc2a75,Belldandy,deredere/91a64d5c05cc2a75.webp,"Belldandy is exceptionally kind-hearted, even for a goddess. She can easily sense other people's emotions and tries her best to be empathetic to all those around her, displaying a combination of serene beauty and acceptance. If someone is in trouble, especially Keiichi, she would not hesitate for a second to do anything that she could to save that person. She rarely holds a grudge and is always willing to forgive anyone who does injury to her. Even though Belldandy tries her best to be as kind as possible, occasionally she can become very insecure and sad, if confronted with an implication that involves Keiichi in one way or another. Situations (due to misunderstandings) occasionally cause her emotions to be conflicted between wanting to stay with Keiichi and thinking he does not want her to stay, and whether she should return home. At times like these, only Keiichi can bring her back to her senses by telling her that he wants her by his side forever. Though she does not deliberately aggravate Keichi, Belldandy also displays quite a bit of naive in the series, often being ignorant of the intentions of those around her who would cause her harm.",deredere
46c1ca1b87cd19f0,Saya Sasamiya,kuudere/46c1ca1b87cd19f0.webp,"Saya is a drowsy-seeming girl, but is much more sharp and intelligent than she initially appears. She has a terrible sense of direction though. She often has an expressionless face which hides her emotions, but can be quite funny (unintentionally?), as well caring and loyal towards her friends such as when she complimented Kirin and helped rescue Flora for Julis. She has alot of affection for her father, unwilling to accept any slights against his skills or work, which was a major reason she joined the Phoenix Festa after Camilla initially scorned her father's work.",kuudere
249cb184ac26dd67,Haku / Nigihayami Kohaku Nushi,kuudere/249cb184ac26dd67.webp,"Haku has multiple personalities. He can sometimes be kind-hearted and supportive, other times strict and high-strung. He is wise and is able to act accordingly to the situation. He is more than willing to stick his neck out when he cares about someone. From the beginning of the story, through to the end, he does everything within his power to keep Chihiro unharmed and to help her leave safely. His steadfast resolve helps Chihiro finally trust him, amidst contradictory information from other Spirited Away characters about him. Haku always said she could trust him. However, Lin, was not sure of Haku's true intentions and told Chihiro to not trust him. Yubaba 's twin sister, Zeniba insisted that Haku is a greedy thief, who had stolen her golden seal . In the end, Chihiro puts her faith in Haku. Later on, it is revealed that Haku is Yubaba's slave, who controlled him with a black worm in his body.",kuudere
8d39b84cdaab7ba7,Shana,tsundere/8d39b84cdaab7ba7.webp,"Initially, Shana was cold and uncaring, being concentrated solely on her duty to destroy Crimson Denizens . Although she protected humanity from the Crimson Denizens, she did not care for them and was only truly concerned with preserving the balance of the world, even willing to sacrifice human lives in order to do so. She was shown to be a nihilist, as she saw little to no meaning in even the most basic of things, not even having a name until Yūji gave her one. She insisted that Yūji was only a Torch, albeit an interesting one due to his status as a Mystes , and referred to him as only an object. She also referred to herself as only a Flame Haze. However, her low opinion of Torches was justified due to the fact that all the ones she had met before Yūji were uncompromisingly selfish and desperate to hold on to what little existence they had left. Therefore, she was very surprised and confused when Yūji decided to give up his existence to restore the damage to a classroom, when she had been planning to use the existence of one of his classmates. Her opinion of him changed once and for all when he helped her in the battle against Friagne , in which he lost nearly all of his existence to the point that he would have faded were it not for the Midnight Lost Child.",tsundere
f9a84828e0a38c89,Yuugo,tsundere/f9a84828e0a38c89.webp,"In the past, Yugo was cheerful, optimistic and valued his family who had escaped along with him above else. He had a leader-like personality and always thought of others. However, after losing them during their battle against the poachers, left all alone and unable to cope with the grief, his personality changed drastically. It is shown that Yugo became depressed and suffered from psychological aftereffects, and ever since arriving at the Shelter all alone, he lost any kind of hope, optimism or empathy for the future, especially since William Minerva never showed up and helped him and his friends. He lost all of his goals and only strived to survive. Although he has a dismissive attitude about the event when he talks about it, he is shown to have grown depressed over this and was even ready to commit suicide before Emma and the others showed up at the shelter. When Emma and the Grace Field Escapees encounter him, Yugo comes over as a person with a lot of personal problems to the children. The first thing they note is that he has terrible manners, and he seems to be a rather simple person who doesn't value having comrades around him, as he thinks of them all to be dead weight to him.",tsundere
4f249d8ef737bc22,Madara / Nyanko-sensei,tsundere/4f249d8ef737bc22.webp,"He has a somewhat condescending personality. At first, he only protects Takashi for the Book of Friends but as the series progresses, he becomes friendlier with not only Takashi, but Natori , Tanuma , and Taki . Madara hitting Natsume for his idiocy His attitude throughout the series can be described as selfish, prideful, and comedic, the way he acts and his attitude becomes the usual ""gag"" of the series. He does have an immature and playful side; Madara often drinks himself silly by consuming a lot of sake and loves to eat dango (a Japanese snack) and other sweets, making him heavier and rounder. He enjoys eating in general, often eating fish in the river or stealing Natsume's food at times. When he smells something delicious or hears of a place with good food, he insists that Natsume goes with him so they can eat there. In addition, he is particularly fond of Touko's home cooking. Despite his protests that he is not a cat, he acts exactly like one, for example, getting excited about cat toys and chasing small animals. He also likes to bully dogs and throws the occasional tantrum. He has a more caring side to him, which he tries to deny or explain away, but as the series progresses, it becomes obvious that he is attached to Takashi and is extremely protective of him.",tsundere
de2d2ba2b88f96f7,Aria Holmes Kanzaki,tsundere/de2d2ba2b88f96f7.webp,"Aria is a haughty girl who prioritizes herself most of the time. She is a very loud and outspoken person, and always expresses her opinions shamelessly. Unfortunately, this pride is one of many traits she has which prevent her from focusing properly on social interaction and human empathy, which in turn kept her from having true allies until she met Kinji. Indeed, Aria is shown frequently to be socially inept, as she doesn't seem to see anything wrong with a girl staying the night in a boy's dorm room and believes merely being kissed can cause a girl to get pregnant, though she was told the latter by her father. Aria is often very bossy and immature, such as when she more or less barged into Kinji's dorm room and declared him her slave, though it's later revealed that she was simply too proud to say ""partner."" She is incredibly short-tempered, often threatening to shoot Kinji or anyone else who annoys her. What makes her angrier than anything else, however, is whenever someone brings up relationships. Aria is a celibate (someone who has no interest in romantic or sexual relations), claiming that relationships are nothing but a waste of time, and even goes so far as to look down on people who think otherwise.",tsundere
83037c644fb4785f,Hinaichi,tsundere/83037c644fb4785f.webp,"Hinaichi is a serious girl who is credited for being a top-notch investigator and fighter who has the brightest future within the division. However, she also has a tendency to make assumptions that is prone to self-sabotage. She loves all sweets made by Draluc , especially the homemade cookies that whenever such sweets are left alone, she immediately devours it. As Draluc noticed this and personally gives Hinaichi some food to eat whenever he can, her treatment of Draluc has been more decent and caring in comparison to Ronaldo 's. Ydan Ojisan 's Y-beam has not completely wore off from her. The effects still lingers what she would say ""Wee-wee"" when crying in distress, panic, strongly upset, etc. Fortunately, because of this, she's not easily hypnotized by other vampires and have chances to negate the hypnosis done by others if they succeeded. Although, she had tried to reverse the effect with the help of Draus . Making her say ""weekend roast"" as an alternative temporarily.",tsundere
2753a29f5dac32d2,Arin Kannazuki,kuudere/2753a29f5dac32d2.webp,"Arin is quite blase, typically only having a serious or blank expression and rarely showing any other emotions. Because of this, many of her actions and expressions usually do not match. Furthermore, Arin has often been shown to be blunt and lack common sense, generally never reacting the same way most people do in many situations. For example, Arin on one occasion chose to bathe in the male bathroom because she preferred the quiet. Even when Arata discovered her naked by chance, she barely showed any reactions and acted nonchalant despite his presence. Often times, others have to correct and chide her for her behavior, which she usually finds difficult. However, despite her lack of expression, Arin is not quite a cold as she appears to be. In actuality, she can be kind and caring, even if she does not show that often. Arin gets along very well with her friends, caring for their safety and willing to fight for them. She has also been shown to be perceptive, once immediately noticing Mira's change of attitude towards Arata. Notably, prior to meeting her partner, Arin has been noted to avoid interacting with others in favor of focusing solely on her research. However, since then, others have observed that she is more expressive and social towards those around her.",kuudere
1258a3998f1122b5,Nico Yazawa,tsundere/1258a3998f1122b5.webp,"Nico's famous ""Nico Nico Nii"" catchphrase. Normally, Nico has quite an abrasive personality, but when she takes on her alternate personality, she becomes a happy, upbeat character who is always smiling, often saying her catchphrase, ""Nico Nico Nii!"" (にっこにっこにー), accompanied with a pose. She usually thinks a bit highly of herself but, despite that, she is also caring. It is later revealed in Season 2 Episode 4 that her obsession with performative, over-the-top happiness and cuteness is because of the difficulty of her home situation. Her family circumstances and the role she plays in it have led her to fixate on both making sure as many people as possible are smiling and also seeking and receiving attention and praise. This manifests in her idol obsession and subsequent persona. A common joke in the series is that she's often ignored by the other members of μ's when she claims that she is the better idol. An example of her trying to make the others believe she is the better idol is in Season 1 Episode 10 when Nico claims that she has a personal chef like Maki and has never cooked before. Kotori falls for the lie unknowingly. However, she accidentally forgot about her lie when it was dinner time, and ended up cooking for everyone to reveal the truth.",tsundere
d544f2f8250db4c8,Matsuri Hinata,deredere/d544f2f8250db4c8.png,"Matsuri is a very cheerful and optimistic girl, often thinking positively and trying to make friends with others; she also always attempts to talk things out with people rather than fight them, and often attempts to dissuade her friends from fighting with others; for example, stopping Arisa from beating up people and attempting to stop her from challenging Suzune to a duel to the death. Matsuri is also very forgiving, as seen with Suzune — who killed many magical girls to prevent the births of witches — and Kagari — who crafted a revenge gambit to make Suzune's life miserable, and was indirectly responsible for the deaths of all the magical girls Suzune killed.",deredere
42931d6fff35b966,China,tsundere/42931d6fff35b966.webp,"One of the apparent oldest nations, he happens to be extremely superstitious, but not at all religious. He tries to act as an older brother figure to some of the other Asian nations but often fails to be treated as one; possibly because those nations either know they are not related, do not see him as a brother figure, or don't acknowledge it. Somewhat like America, he likes to be in charge or have what he wants and tries to use his position as the oldest present nation to have that authority but does not get it to the level he wishes. He tends to end his sentences with the suffix ""-aru"" (a Japanese stereotype of Chinese accents), though sometimes he ends them with ""-ahen"" (opium) when conversing with England. He would only use ""aru"" when speaking Japanese. He has a companion named ""Shinatty-chan"", an old man in a Hello Kitty knockoff costume. He is shown to be a lover of cuisine and is said to nag if food has a certain pattern of tastes. On one occasion in the WWII-set strips, he winds up arriving late to a meeting and explains that he always puts his food as his first priority. Unlike Japan, he does not wish to share recipes as he states they should stay in their country of origin.",tsundere
5b9d9833a8957527,Caren,kuudere/5b9d9833a8957527.webp,"Caren was shown to be a very mysterious character, as seen when she made cameo to minor appearances for five straight episodes without her identity being revealed. Most of the time, she is calm and mature; however, she acted coldly towards the other mermaid princesses when they first met. Caren loves her twin sister, Noel, very much, long before she even met her. However, she was upset when she learned that her sister was held prisoner at the hands of Gaito. In addition, she held a grudge against Rina (who was with Noel when she was captured) after she was misinformed over Rina abandoning Noel when Gaito attacked the two mermaids. It was not until she saw how far Rina (with Lucia and Hanon's help) went to rescue her from the Black Beauty Sisters that she finally forgave and acknowledged that she had been misinformed. Despite this, she retained her cold nature somewhat, preferring to search for her sister alone. Despite her cold, hard nature, Caren is very loyal and cares very much about her friends' safety. Throughout the course of the first season, she has shown to take different kinds of action to keep her mermaid friends safe.",kuudere
449a49c0f48d9725,Hana Asakura,tsundere/449a49c0f48d9725.webp,"Hana can be described as a socially awkward teenager. Although not ostracized to the extent that Yoh was, Hana keeps to himself and is typically isolated from his normal peers, being more of a loner who feels he doesn't fit with the rest. Hana carries a lot of pent up anger as a result of his parents disappearance for the majority of his life as he has been under the care of Tamao, who is stern, but cares about him and forbids him from using his shamanic powers. This causes Hana inner turmoil as he struggles to find his place in the world, having no objectives, or drive to his life, while feeling denied. His petty fights against Ichihara Ryuji and his gang, thus serve as an outlet to his anger, allowing himself to run wild, although still retraining himself to not injure them significantly or otherwise kill them. As he's targeted by other Shamans, Hana becomes greatly confused about this set of circumstances in which he has been put without knowing the full extent of affairs, something that also irritates him deeply as he's dragged into affairs he doesn't fully comprehend.",tsundere
9d3ea21132183a71,Oyuki,kuudere/9d3ea21132183a71.webp,"Though very calm and polite, she has a frighteningly cold-hearted personality. She is a miser queen and always carries her account book with her in order to manage her finances and always manufacturing and marketing special products from Neptune, including sherbert /bird hybrids and windchimes that cool houses during the summer. She also happens to be the strongest character in the series. She has been known to flash-freeze those who anger her, something that is very difficult to do.",kuudere
357c115838eb8c7a,Tokiya Ichinose,kuudere/357c115838eb8c7a.webp,"Tokiya is a very cool person and considered a perfectionist. Ryuya Hyuga comments that his singing doesn't have 'heart', which makes him frustrated as his singing doesn't seem to improve in the least. He seems cold at the beginning of the series, which may be because he felt guilty about what he was hiding. He was slightly upset, that his acting wasn't enough to help Masato Hijirikawa overcome his embracing problem in season two, since he was considered to be better at it, than his companions. As the seasons progress, it is clear that Tokiya's cold personality at the beginning of the series is not his true self. After many trials and obstacles he develops a sweeter side, as shown in Episode 11 of season two, he takes Haruka Nanami to a festival to lift her mood as she is struggling with writing a song. In season three, it is seen that he has one of the biggest growths of all characters in the series. Along with Masato Hijirikawa , they embark on trying to write lyrics to their own music, seeing this struggle they needed moral support from the rest of their band and did overcome, Tokiya's personality grows and he is seen as a more gentle character than he was in season one. Tokiya is a perfectionist, he likes order and neatness.",kuudere
3990dd6b99695272,Hardgore Alice,kuudere/3990dd6b99695272.webp,"Hardgore Alice is very rather monotonous, to the point of appearing completely emotionless to others. In reality, however, she is just very shy. Before meeting Snow White, Alice had a very low opinion of herself due to past events, to the point of considering herself a nuisance and burden. This eventually drove her to attempt to commit suicide. However, after meeting Snow White, Alice wanted to become a Magical Girl in order to feel needed by others and to repay Snow White for her kindness. This ultimately caused her to change her opinion of herself and decide to continue living for Snow White's sake. Should someone threaten herself or Snow White, Alice has shown to have no hesitation to fight them with the full intention of killing them. Despite her magic making her almost invincible, this did not make Alice overconfident and was shown to be very cautious when testing it. Alice also knew that she had to keep her true identity a secret, as she could easily be killed in her human form.",kuudere
a37e81cf547b5751,Kosuke Inukai,tsundere/a37e81cf547b5751.webp,"Kosuke is a closet otaku who loves 2D girls. His love for 2D girls extends to the point of sleeping with body pillows of them and investing large sums of money on their games. He knows that other people would find his preferences weird, so he usually hides them by playing the role of a ladies man who's been in love with lots of women. Usually when he tells a love story or something he did with a girl, it's from the dating sim games he plays. Even though he no longer plays soccer, he still loves wearing soccer-related T-shirts.",tsundere
da1bc864d425c101,Shin-Ae Yoo,tsundere/da1bc864d425c101.webp,"At the start of the story, Shin-Ae is closed off and distrusting of others, primarily focusing on school. However, as the story goes on she opens up, as well as trying to be a better friend. Shin-Ae tends to be responsible, doing her best to help her father. She also is kind an honest, often standing up for others, and has a strong moral compass. She also has the tendency to be ill-tempered and disagreeable when upset.",tsundere
68250925abc3b411,Anna Kyouyama,kuudere/68250925abc3b411.webp,"Aggressive and decisive, Anna is a pragmatic person who appears cold and harsh. However, she has shown that she genuinely cares for those important to her, and is truly in love with Yoh. She is extremely dedicated to being "" The Ultimate Shaman Queen "" and the wife to Yoh, the first friend that she ever had. She firmly believes that Yoh is destined to become the Shaman King, and believes her duty as his fiancée is training him extensively for it. Anna loves Yoh, despite how badly she treats him - she told Oyamada Manta that, and again to Silva. She became openly upset when it seemed Yoh would be killed by Tokageroh . Anna can be extremely possessive of Yoh, beating him up once when she thought that the Oracle Bell he brought home was another woman's pager. On several occasions, Anna shows little or no concern for Yoh when Yoh is participating in a battle, the reason behind this was later revealed to be because she truly loved Yoh and trusted him to succeed. On the night before Yoh left to America for the Shaman Fight , she asked Yoh if she could sleep with him, and Yoh said yes. Only Amidamaru and Ren know about this. Also, when asked by Yohken in Hell, "" Yoh do you have children too? "" Yoh than replied, "" No...well how can I say that?",kuudere
d3ee172617e4b8b7,Koito Minase,kuudere/d3ee172617e4b8b7.webp,"Koito is girl who most of the time prefers to be alone and fight the phantoms alone. She also doesn't like to work in pairs, and she always keep her distance from others, and that's how she lived her life ever since she got her ability, since she recognizes herself as ""different"". She has a aloof personality and doesn't talk much. She doesn't open up to people and often ignore people when they talk to her, and hence, why people call her ""rude'"". However, she can get impressed by people who fight the phantoms in a good way, and she complimented Reina and Mai , however, she later took back her words. However, after Haruhiko befriended her, she is shown to have a softer and more caring side to her. She also starts spending time with Haruhiko , Reina and Mai, showing a more friendlier side of her. Koito trying to express her girly side. She also becomes more social and doesn't have any problem being with the others and feel comfortable being with them. Koito also has it quite difficult to express her feminine side, so she can be considered to be a tomboy. Arisu mentioned that Koito despises the phantoms for tearing her away from her friends and family.",kuudere
281c05f28f26b4e0,Molossia,tsundere/281c05f28f26b4e0.webp,"Described as a ""mysterious micronation located in the American state of Nevada"", he is a carefree, cheerful person when nobody is around. It is only when others approach that he becomes a loud, aggressive person with a sharp attitude. Wy sees him as weirdo, to put in account. He also has a pet that he proclaims as a dog, but some countries think of it as a different kind of creature. He likes to work in the garden whenever no one's around and has a tendency to drive people away with inappropriate behavior and reckless language. He admits in a Christmas 2011 panel that he's embarrassed when the Micronation group saw his true self and since then has tried to keep his guard up by always being in his more aggressive side but this backfired when he mistakenly snapped at America.",tsundere
de9b0eb2acb460a4,Yuka,tsundere/de9b0eb2acb460a4.webp,"Yuka is chronologically first shown with Kouta during flashbacks from when they were just children, during a summer when his family stayed in Kamakura with Yuka and her mother. Yuka's mother is never depicted in the anime, while the fate of Yuka's father is not once brought up. It is also not known if that summer marked the first time the two cousins met, or exactly how long Kouta and his family stayed. Further, neither the exact degree of relationship (first or second cousin, etc.) nor through which of their parents they were connected, is ever actually made clear or even really brought up. Dialogue evidence from the untranslated original manga places Kouta's father as being the older brother of Yuka's mother, but this is never directly confirmed. Though Yuka attempted to be kind to the young girl, she was frequently the target of jealousy by Kouta's little sister Kanae. Yuka found herself driven to distraction by the thought that Kouta was leaving Kamakura for a year till the next summer, and made him promise not to forget her. They frequented the summer-time game vendors, wherein Yuka wanted to best Kouta to impress him, though he seemed to like her already, teasing her in a friendly way to get better.",tsundere
adc1dd339d2d56e4,Reiko Yanagi,kuudere/adc1dd339d2d56e4.webp,"Reiko is a quiet and emotionless teenager who often shows an odd body posture, wherein she keeps her elbows to her side and lets her hands dangle, which somewhat resembles ancient depictions of zombies, ghosts, and other undead creatures, alluding to her Quirk . Befitting her Quirk and appearance, Reiko is shown to be a fan of horror and enjoys reading scary stories online. She also frequently hosts horror movie watch parties with her class. Despite this, though, she can come off as rather timid at times, as she seemed intimidated by Neito Monoma 's ranting towards Class 1-A and referred to him as scary. Outside of this, Reiko can also be helpful, as she served as Itsuka Kendo 's attendant during the U.A. School Festival 's Beauty Pageant, which suggests that she has a good fashion sense. She can also be quite cryptic with her wording, as she referred to Izuku Midoriya as ""spooky"", causing her classmate to clarify what she says to those not familiar with her.",kuudere
186dcebb653a412c,Megumin,tsundere/186dcebb653a412c.webp,"Megumin's most defining trait is her obsession for Explosion Magic. After being saved by an unknown stranger using the spell, Megumin instantly fell in love with the Explosion Magic's unparalleled destructive power, as well as its heat, the shock wave sensation over the body, smoke and glow, therefore she dedicated years of her life studying and saving points in order to master the spell, while disregarding its many demerits. After learning the Explosion Magic, Megumin started to come up with excuses to cast it every day, both in quests or during her daily routine, recklessly using the spell at the first opportunity, sometimes just to show herself, relieve stress or gain XP, no matter how many problems she causes, although Megumin may grow anxious in delicate situations. While she gets excited about someone else joining her in the ""Path of Explosion"", Megumin rejects any type of explosion that isn't Explosion Magic, like Kazuma's tinymites. Furthermore, Megumin, as a Crimson Demon, suffers from chūnibyō. She calls herself ""the foremost Arch Wizard and wielder of Explosion Magic"" in her self-introduction, comes up with catchphrases, and practices cringe-worthy poses, and is obsessed with looking ""cool"". Her act falls flat easily.",tsundere
f1b4c2e7b649c6b9,Hajime Aoyagi,kuudere/f1b4c2e7b649c6b9.webp,"In season 5: He admitted to being a gloomy person. He is usually silent and only speaks when necessary. Even if he rarely speaks, he thinks a lot and cares a great deal about his friends and teammates. He is particularly close to Junta Teshima and Jin Tadokoro , his mentor, but he is shown to be friendly with all the Sohoku members after his defeat in the Training Camp . He's even more friendly in his third year, where he opens up more socially. He seems to have developed a closer relationship with Shoukichi Naruko since they are both sprinters, and with his fellow third-year Kimitaka Koga . Hajime even refers to the team as a ""six-man-team"". Also, he developed a curious mentor-apprentice relationship with his rookie and first-year Issa Kaburagi which he uses messages written in a role to teach and develop on him cycling improvements based on what he learned during his three years at the club.",kuudere
863f6d9adb68afde,Ayase Aragaki,tsundere/863f6d9adb68afde.webp,"Ayase is a nice person to her classmates and Kirino Kousaka , whom she adores most as her best friend. She is usually soft-spoken and refined, but can also show a more aggressive side, especially when people lie to her, which she hates the most. Ultimately, however, she is a refined person who retains a sweet and kind personality towards those she cares for. She also appears to show a different kind of affection towards Kirino, showing a certain interest in seeing Kirino shine in whatever she is good at, to the point that Ayase displayed disbelief upon discovering Kirino's hobby. Ayase has always believed that the Kirino who excels in everything is the ""true Kirino"", only for her belief to be shattered by Kirino herself upon her revelation of how she loved anime, manga and gaming. Ayase is also shown to be very protective of Kirino and shows an extremely aggressive and scary side when Kirino is threatened. When Ayase learns the ""truth"" about Kyousuke Kousaka 's and Kirino's relationship, she immediately threatens Kyousuke to leave Kirino alone and says that she will protect her from him. Later, Ayase texts Kyousuke saying that if he were ever to harass Kirino, she would beat him to death. It is also noted that she can be irrational and act based on feelings.",tsundere
0c3955206b6e9b88,Couchpo,deredere/0c3955206b6e9b88.webp,"Couchpo is known for eating anything that looks remotely edible, including the foam bubbles used to dissolve her clothes. However, she is a nice person befriended by Rebecca. She loves food so much that she threateningly asks Jinn and Laguna in a possessive manner if the war is more dangerous than taking the food away from her even after Jinn warned her that staying in the Edens Zero is no safe place for civilians like herself.",deredere
0cf839776fe9459d,Kurita Ryokan,deredere/0cf839776fe9459d.webp,"Kurita is a kind-hearted individual, and the only thing bigger than his body is his heart. He is a gentle, kind soul, unlike his friend Hiruma. His love for football stems all the way back to when he was a child, and he devoted himself to training for his dream to go to the Christmas Bowl. Kurita has always devoted himself to American Football since middle school, but due to most middle schools not having many American Football Clubs, it was very hard for Kurita to find members. When his chance to create an American Football Club was stopped, he was devastated. However, when he met Hiruma, the two of them decided to build an American Football Club together and go to the Christmas Bowl, with Hiruma blackmailing the school faculty to allow the club to be created, making Kurita happy. Kurita is one of the three founding members of the Deimon Devil Bats along with Hiruma and Musashi. He is the first friend Sena meets after entering Deimon High School. He is somewhat dim-witted, nearly giving away Sena's identity as Eyeshield 21, but is immediately silenced by Hiruma. When playing, Kurita shouts his kiai ""Funnuraba!"" (Here I come!) when exerting extra effort. His biggest dream is to compete in the Christmas Bowl.",deredere
c2daeb4c2ec8a390,Elizabeth Midford,deredere/c2daeb4c2ec8a390.webp,"Elizabeth is mad when Ciel did not wear the ring that she bought for him. Elizabeth is a strong-willed and cheerful individual who has a fondness for anything cute, such as small animals and flowers. Divinator Blavat Sky described her as someone who moves ""to their own rhythm."" She is ""stubbornly fixed"" on her hobbies, being both extravagant and somewhat fastidious about her clothes and shoes. She tends to impose her sense of fashion and preferences upon others while doggedly refusing to take no for an answer; for instance, she insisted that Ciel refer to her by her nickname, ""Lizzie"" (リジー, Rijī ). Elizabeth shows Paula her new shoes. Elizabeth usually maintains an affectation of grace and innocence; her aunt instilled in her the notion that all ladies should act weak and endearing in front of their lords, smile often, and be surrounded by nice things, a belief which caused Elizabeth a severe emotional turmoil. Nevertheless, beneath the studied display of ladylike mannerisms, Elizabeth is a bold, fiercely talented swordswoman who wields double swords, much like her mother . She effortlessly slayed several Bizarre Dolls to protect Ciel and held her ground against Sebastian Michaelis , who deemed her strength admirable for a human.",deredere
332dd28eae74cd92,Finland,deredere/332dd28eae74cd92.webp,"Finland is described as being a gentle, simple young man with a soft and mellow appearance, which hides an unexpected strength. He is said to be exceptionally resilient, especially when faced with extreme weather ( Axis Powers Volume 2 mentions him being strangely strong in the cold, and ""World☆Stars Chapter 105"" reveals that he's so cold-resistant that General Winter does not affect him in any way). He's also quite chatty, though he might appear otherwise at first. Among the Nordic Five, he's often seen as the odd one out, due to his eccentric tastes (even described as rivaling with England's ) and more largely the fact that his language is completely different from the others'. His peculiar interests include unusual festivals that no other country had imagined, and salmiakki , which he loves the taste of. He's also known for his love of saunas, sweets, alcohol (which he sometimes overindulges in, as seen in ""The Ruler of Scandinavia and The King of Eastern Europe"" and episode of the same name ), and the Moomins . As the country of lakes and lush coniferous forests, Finland shows a strong connection to nature.",deredere
3253fb635b8e1132,Hikari Momoyama,tsundere/3253fb635b8e1132.webp,"Mature for her age, Hikari adores her family but is fairly hard on Mirai, usually expressing doubt or concern over her. She isn't intentionally mean or nasty though, and can be sweet deep down; even if she struggles to show her supportive side openly. Easily annoyed and blunt with her opinions, even towards her parents. Despite how she behaves she is still a child, so she can often be found playing or spending the day drawing. She still takes naps and gets tired fairly easy. But she also helps out at the shop.",tsundere
3e4ee1c27cdbb303,Nagase Iori,deredere/3e4ee1c27cdbb303.webp,"Iori is generally shown to be energetic, playful, and strongly opposed to negative feelings, working tirelessly to relieve tensions and keep things light-hearted. Also, due to previously having a violent abusive stepfather, she has developed a habit of altering her personality to fit the expectations of others. As a result, Iori presents herself as especially courteous when around authority figures and especially cheerful when she's around her friends. Iori enjoys making perverted jokes and tongue twisters which Taichi often finds himself roped into. After Michi Random , Iori expresses herself much more freely, embracing the good and bad parts of herself, even being violent when necessary. She is also the one that keeps everyone together, giving wise advise to the rest of the club and looking after the 1st years. In Yume Random , Iori, because she likes working with kids, decides that she will be a teacher in the future. In Precious Time , Iori decides to go to a university and major in education. She received a recommendation from Yamaboshi High, and also began doing volunteer work as a teacher for an affiliated elementary school in her free time.",deredere
47bcb14924192ca6,Switzerland,tsundere/47bcb14924192ca6.webp,"Switzerland is seemingly eternally neutral and lives his life as a hermit/recluse, surrounded by the Alps. He maintains his cool air of complete indifference. Though he appears to be peaceful, he actually is one of the biggest producers of guns in the world. He hates outsiders and, in the past, he was hired by the Vatican as a mercenary. Most likely due to past hardships, he is also very frugal and cautious of spending; often preferring to purchase cheaper or more efficient things and rarely splurging. He is shown to have quite a temper and is snippy with others but has a soft spot for Liechtenstein and is extremely protective and doting of her. He will listen to those who want to consult to him with their situation at hand but don't expect any consolation from him, if he doesn't hang up on you is considered nice enough. Due to Italy Veneziano 's habits of forgetting his pants and streaking, Switzerland becomes trigger-happy if he catches him running through his property. He is protective of his borders and is not afraid to shoot at someone who was not allowed to cross the border.",tsundere
00f1a13eb07a9f55,Ai Hoshino,deredere/00f1a13eb07a9f55.webp,"Ai's upbringing was defined by profound neglect and trauma. After her mother's arrest for theft, Ai was placed in an orphanage, having survived an abusive household where she was physically beaten and subjected to her mother's jealous cruelty. These experiences left her with a deep ""emotional void"" and a total lack of a blueprint for healthy relationships. However, this hostile environment also fostered a unique, shrewd survival instinct. Though she lacked formal education and appeared ""clumsy,"" Ai possessed an intuitive, strategic intelligence. This allowed her to navigate the cutthroat entertainment industry more effectively than the adults around her. Initially, Ai was a timid and asocial girl who viewed the world with apathetic detachment. When scouted by Ichigo Saitou, she brought up her inability to love, but she was deeply drawn to his idea that ""lying is a form of love."" This concept formed her core philosophy. Ai used pathological deceit as a scaffold to build her career, viewing her idol persona as a ""lie"" that she hoped would one day become a reality. She was also an intensely calculated professional. She meticulously refined her act, even using the genuine joy she felt for her children to ""fix"" a smile that fans had criticized as fake.",deredere
6d61680d76d96871,Rei Ryuugazaki,tsundere/6d61680d76d96871.webp,"He is an intelligent and logical individual with a penchant for beautiful things, the thought of exuding anything but beauty through his actions causing him to dramatically lose his cool. He is also quite comical when he lets his self-doubt get the better of him. He is, however, a hardworking and determined individual, as seen in his relentless drive when learning to swim despite several failed attempts. Rei has a theoretical approach when it comes to sports, as he usually calculates distance, angle, and other factors in his mind before actually making an attempt. Because of his rigid nature, he has a tendency to overlook the fun and enjoyment that comes with the activity. As Haruka told Rei, he needed to be ""free"" in order to swim properly, because he is constantly calculating and underestimating the water. He has a unique laugh that is easily identifiable.",tsundere
e1e797750c40b8f1,Shalsha Aizawa,kuudere/e1e797750c40b8f1.jpg,"A direct contrast to Falfa, Shalsha is much more reserved and introverted than her sister, unwilling to engage with unfamiliar people and speaking only when it's necessary. When she does, her speech often consists of precise, technical and verbose words and phrase. Despite her intelligence and extensive academic knowledge, Shalsha has the emotional maturity of a young child, much like her twin sister Falfa. Shalsha is also portrayed as being incredibly focused on her goal of seeking revenge against Azusa, to the point where she does not consider the consequences of her actions, as demonstrated by the 50 years of her life that she wasted when she failed to use Smite Evil within the one-hour window of opportunity. Additionally, she exhibits a high level of determination, as evidenced by her training in the ""Smiting Evil"" spell and her unwavering fixation on exacting revenge against Azusa. Despite her cold exterior, after giving up her revenge, Shalsha enjoys and appreciates the time she spends with her sister and mother Azusa.",kuudere
93ad9d9ac0706212,Hitagi Senjougahara,kuudere/93ad9d9ac0706212.webp,"Hitagi possesses a sharp tongue and can be quite blunt when speaking to others and while doing so she keeps a straight face making her seem quite frightening. This trait of hers makes interacting with her a challenging task, if not impossible, and is something that Araragi discovers first-hand. In spite of this, she is sincere in everything that she says. She claims that due to her ""high strung"" nature she is generally a light sleeper. She also seems to have an aversion to kids. She used to have a habit of threatening others, especially Araragi, by using stationary supplies as weapons when feeling endangered or jealous, although grew out of it later on in the series. After the events in Tsukihi Phoenix , she overcame all of her trauma and finally became a completely normal and cheerful girl, chuckling at small things although her sharp tongue is still present, only toned down. Hitagi further appears to be knowledgeable about astronomy, as seen during her dates with Araragi.",kuudere
272efc20297e810a,Mizuki Usami,tsundere/272efc20297e810a.webp,"Mizuki is a very responsible and well-collected student; because of this, she is seemingly the only serious member of the art club. Though she tries her best to help her fellow art club members with their work at times, little progress has been made. While being a serious student with her academic and artistic work, she has also shown that she can easily be aggressively reckless when other people tease or irritate her [In the President's case, she will use her baseball bat to hit him when he takes pictures of her and accidentally drops her painting on the spilled paint]. She is also a kind and helpful person as shown when she is willing to help a mother to find her lost daughter. In school, Mizuki is also often trusted by teachers and offered to join the student council when she was first year.",tsundere
c24ec7ee6833ff37,Rae Taylor,deredere/c24ec7ee6833ff37.webp,"Rae deliberately plays herself up as being a foolishly happy-go-lucky girl who is obsessed with gaining Claire's affection. However, in reality, this is more of a coping mechanism brought about by her early experiences with exploring her sexuality. She is actually far less open with her true feelings, often bottling them up and covering it with humor. She seeks for Claire's affection and is serious about her love. Although she openly displays her love for Claire and appears to disregard the noble's disapproval of it, she prioritizes the noble's happiness before her own's (even if it hurts her true feelings). This goes to the point where she sets aside her own feelings and encourages Claire to be with Thane Bauer , the noble's crush at the time. This mindset manifested from her past experiences and the knowledge that Claire is not interested in women. However, when Manaria Sousse transfers to the Royal Academy and becomes really close to Claire, Rae struggles to contain her own bottled up feelings due to the fact that the Manaria is a woman. Rae persists and remains thinking that if Claire is happy, she is ""happy"".",deredere
f456003d38b41f82,Yuuna Hijirisawa,deredere/f456003d38b41f82.webp,"Yuna is described as the ""Sun"" of Sunny Passion for her cheerful personality and bright smile that warms people's hearts. She's talkative, kind, and friendly, and although she describes herself to Mao as someone who ""saves her favorite foods and things for last,"" she can be impulsive and even impatient at times. In Volume 3 of From The Passion Island , she is scolded by Mao for shouting suddenly without any concern for the neighbors , and in Volume 5 she insists that her and Mao begin making costumes as soon as they get back home, even though they planned to start the next day. Despite her high energy, she can also be observant and insightful, such as when she gives advice to Chisato Arashi in Season 1 Episode 5 of the anime. Yuna's energetic personality contrasts with Mao's calm and composed demeanor, and this contrast is one of the key features of Sunny Passion. When describing her role in Sunny Passion, she describes herself as ""the funny one"" and Mao as ""the straight man"". In From The Passion Island , Mao Hiiragi describes Yuna as a straightforward person who gives her wings and that she became a school idol because Yuna was with her. Mao describes Yuna's sincere smile as one of her key traits, and says that her smile is what makes Sunny Passion shine.",deredere
e12e2a363c1c4667,Eve,kuudere/e12e2a363c1c4667.webp,"As a genetically modified clone, Eve has a robotic and straightforward personality. Originally accustomed to doing what others instruct her to, she becomes very focused when there's a good bounty. She's also competitive with Train, wishing to replace him as Sven's partner in the manga and generally wanting to be better than him in the anime. Since Eve was raised in a sterile, closed-off environment, she is initially extremely innocent and naive. She had no idea what ice cream was until Sven introduced her to the sweet treat. After joining Train and Sven, Eve becomes very interested in the world around her. With an inquisitive mind, she becomes highly knowledgeable and enjoys reading books . She also likes to observe others to learn more about them. Her favorite book is ""Heart-Pounding Survival"" (Maroon Library).",kuudere
ee5f8645cb76efc7,Takahisa Tajima,tsundere/ee5f8645cb76efc7.webp,"Often seen smoking. He is hot-headed, but also friendly on the other side. His first encounter with Kakeru was when he saw him and Yuka being bullied by two gangsters on the street. He played hero and went on saving them without any difficulties. He often teased Kakeru about how he was always surrounded by girls and called him 'Romeo'. He is also a pervert, which could have derived from Saiko. On the inside however, he is deeply troubled by the killing instinct that dwells within him, another personality which he refers to as ""the demon"". He fears that ""the demon"" will take over him whenever he is in a bad mood and cause him to kill everyone else. He has fallen in love with Yukiko and the two of them become a couple in Takahisa's route of Resona Forma. He didn't get along well with Misuzu however, often sexually harassing her and that's why she thinks him as annoying. However, he also doesn't like talking about his past. In his After Story, he decides to become serious in his relationship with Yukiko, and acts as a protective older brother for his sister Ema, becoming furious when she thanked Kakeru for his help for the festival. He has the same personality in the manga but jokingly feels betrayed when none of them help him with Saiko.",tsundere
376f57fb530dd279,Zeno,deredere/376f57fb530dd279.webp,"Zeno is an energetic, cheerful young man who enjoys the company of others. He mostly uses third-person speech (the habit he probably picked up from Kaya) and rarely calls anybody by their given names even after learning them (he calls the dragons by their titles, ex: Seiryuu or Ryokuryuu) Most of the time, he appears to be childish and rather attention-seeking, though he has his wise and mature moments, being 2000+ years old. Despite the fact that he chooses not to fight, he always stands on the front lines to protect everyone from danger. Like Jae-Ha , he can easily discern what is happening to a person and even has foresight on them, like when he tells Hak that he has ""the smell of death"" on him or how he says that Tae-Jun has changed and that he can become someone important. He also appears to know more than what he is willing to tell and may appear deceitful because of it. However, he actually waits for the right time to tell things as he can’t easily show or express it to others given his circumstances of being one of the original dragon warriors. Zeno can be very lovable, and at times he tends to try to break up Kija and Hak's arguments.",deredere
08ca408f79d62849,Shu Kurenai,kuudere/08ca408f79d62849.webp,"Described as a genius blader, Shu is a favorite in his hometown. However, he does not rely on talent alone and is very hardworking when it comes to Beyblade. He is one of the best bladers to ever play the sport, managing to surpass Valt Aoi and win his first WBBA tournament in less than a year. Shu is calm and patient, and prefers to be alone most of the time. He maintains a cool exterior in front of others, however underneath this lies a burning hot fighting spirit. He is quite standoffish towards people he doesn't know well, with Valt and Xander Shakadera being exceptions. Because of this, he is sometimes seen as aloof and even as a 'spoiled brat', as described by Rantaro Kiyama in the first episode of the anime. However, despite his usual stoic demeanor, Shu cares deeply for his friends, especially Valt (being his best friend); and will always help them out or give advice to them when they need it. In the anime, Shu is shown to be a good cook: this is because his parents are often busy and away from home, so he has to take care of himself.",kuudere
694d6f5e2f05d2f2,Nodoka Toyohama,tsundere/694d6f5e2f05d2f2.webp,"Nodoka is quite confident and competitive, but has a strong inferiority complex towards her sister. She appears to be fond of beaches, since where she normally lives, Yokohama, doesn't have them despite being near the sea itself. Unlike Mai, Nodoka doesn't clean up after herself; Sakuta notices this when visiting Mai's apartment with her permission, in order to check on Nodoka. Later on it is revealed that Nodoka is just as competent as Mai academically, unlike Sakuta.",tsundere
9c63da86ac34e965,Ban Midou,tsundere/9c63da86ac34e965.webp,"This page contains spoilers The first impression one usually gets of Ban would be that he is a rude person with a great sense of pride. With his unruly hair (he's often called ""Urchin Head or Snake Bastard"") and sunglasses, people immediately judge him poorly (it doesn't help that he gives unflattering nicknames to almost anyone he meets, e.g. ""monkey trainer"" Shido Fuyuki and ""thread spool"" Kazuki Fuuchouin ). Despite this, he is actually a kind person with a strong sense of leadership and a very talented person. He is one quarter German and the grandchild of the ""Last Witch of the 20th Century"" which might refer to his name Ban translated means final. He's also a brother-like figure to Himiko Kudo after she has gotten over her brother's death. Later, it is found that Ban is Himiko's real brother. Himiko's average fighting skills meant that she often bites off more than what she can chew. In such situations, Ban can be counted on to come to her aid (though it must be noted that she does return the favor at times). On another note, he picked up smoking from Yamato (Himiko's brother), and his favorite brand is Marlboro. In the GB duo, he's often the one who thinks of plans for their moves.",tsundere
5e5cf27f00566d0a,Mirai Momoyama,deredere/5e5cf27f00566d0a.webp,"She's a sweet and energetic ordinary girl, who is kind of clumsy as shown in the series. She's always thinking about how she can support her friends whenever they feel blue. She usually uses her strongest weapon called the ""Kira Smile"", something she inherited from her mother (although her mother's is used in anger), to make others cheer up and smile. At the start of the show, she used to be dragged into things by her more lively friend Emo, due to her desire not to be an imposition on others. As the show continued on, she has started to take the initiative as shown with the Jewel Auditions and Princess Cup . She has the ability to find traits in other people that make them shine.",deredere
9afcc73b1c408a93,Aika Tsube,tsundere/9afcc73b1c408a93.webp,"Aika has the personality of a normal high school student and she is by far the most down-to-earth member of the main cast as she is often finding herself speechless before the ridiculous antics happening around her and takes more time than anyone in the Twintail Club to accept the supernatural elements appearing in her world, leading her to become the 'straight man' of the group. She is also pretty abrasive when she feels that her position with Sōji Mitsuka is threatened when Thouars is doing something 'stupid' (sometimes both at the same time) or provoking her for her flat-chest in both civilian and tail forms, resorting to violence and threats against the perpetrator. When she was hypnotized she even had an erotic vision of being in bed with him. She is often prone to jealousy when he interacts with other girls and was even downhearted learning Sōji got engaged.",tsundere
002df71618bdb1fa,Hikari Kongo,kuudere/002df71618bdb1fa.webp,"Hikari is usually taciturn, and her expression looks flat, not smiling at all. She only smile when she around her older sister, Kanau Kongo , and in some certain moments. Hikari is also can be shy when she met Taihei Doma , which causes her to freeze at times. Hikari likes to reading book, spinning while hugging a giant globe at her room, and eating something sweets; especially melon pan and donuts. When visiting the Doma's residence, Hikari does not appear to get along with Umaru Doma at first, as both fight for Taihei's attention. As a result, Umaru and Hikari are not on good terms with each other. Hikari also finds Umaru's laziness very annoying. Same as Umaru in her indoor persona, Hikari refers herself in third-person prounouns; which is by her name.",kuudere
7c7f7fd894c60c3d,Ryuunosuke Akutagawa,tsundere/7c7f7fd894c60c3d.webp,"Akutagawa violently commands Kyoka. Akutagawa has a black and white ""survival of the fittest"" view of the world, claiming that weak people should die and give way to the stronger ones. He is not afraid of pain and defeat, if only to hear a word from a ""certain person"" . His ruthless, vicious nature makes him one of the Port Mafia's most dangerous members, feared by both ally and foe. Much of the obedience he receives from subordinates of Black Lizard largely stems from fear of his short temper and general intolerance of incompetence. Self-titled Port Mafia's ""dog"", Akutagawa depicts an acute willingness to commit violent crimes to further not only the mafia's goals but his own agenda. Merciless and blunt, Akutagawa doesn't discriminate when it comes to his targets, having no qualms killing anyone from innocent civilians, children, and enemies alike. Hostile as he is towards the weak, he dislikes meaningless torture and prefers killing in one go whenever possible. Akutagawa showing animosity. As violent as he is, Akutagawa maintains a generally composed and detached approach. Towards subordinates and superiors alike, he acts aloof, distancing himself from social interactions however possible. Nonetheless, his composure is fragile.",tsundere
4120d6c4e201023f,Nine / Arata Kokonoe,kuudere/4120d6c4e201023f.webp,"Nine is stern, aloof and stoic. He has a knack for devising ingenious criminal schemes while deftly covering up his tracks with his exceptional computing and hacking skills. He was raised in a children's institution (little information is known about the facility) with Twelve , whom he was closest to, and Five . While escaping from what appears to be a fire that broke out at the institution, he underwent a traumatic experience of leaving Five behind as he was unable to save her. Ever since, he has had recurring nightmares of the incident. His emotional instability is exposed further when he is under great stress, as exemplified in episode 5 when he has a panic attack upon realizing that Five was onto him and his plans. Twelve has described Nine as a sadistic but likewise a nice person.",kuudere
7c78aea3549220a3,Akane Tendou,tsundere/7c78aea3549220a3.webp,"Akane is compassionate, kindhearted, gentle, brave, and heroic, ready to help anyone, but she is also vulnerable and quite stubborn and occasionally prideful, characteristics she shares with Ranma. The two of them tend to clash due to their mutual stubbornness, but despite this they grow closer over time. She tends to have big outbursts of anger when she's been wronged, to the point of needing a bit to calm down in some cases. Kasumi herself notes that she can get uncontrollable and violent, but that she's a good person at her core. (Viz translates this sentence as 'violent maniac', as well as shifting Nabiki's reaction.) She is also rather conscious about her appearance and bust size to a notable degree, which Ranma didn't fully grasp at first and accidentally pressed a button more sore than he was aware of. A big trait of hers is her extreme selflessness, being ready to self-sacrifice for people in general, even those who are technical enemies, being the only character in the series who can almost match Kasumi in her ordinary mood. She consistently feels empathy towards people who had tried to make her life miserable and tends to be naive in often wishing to believe the best of everyone even when repeatedly proven to the contrary.",tsundere
de4e4e40c4416402,Ahiru,deredere/de4e4e40c4416402.webp,"Ahiru is a friendly, kind-hearted, and goofy character. Often compared to a duck, she is easily excitable, clumsy, and talkative. She can be extremely scatterbrained and uncollected when nervous. As time goes on, she gains a strong determination and is more willing to take risks for her friends. She often shows signs of self-doubt, frequently second-guessing her own actions and disparaging herself for her flaws. Despite this, however, she is always willing to do what is right, even in the face of great danger.",deredere
b68f5a5d9f66bca2,Chiya Ujimatsu,deredere/b68f5a5d9f66bca2.webp,"Chiya is a soft-spoken girl with a genteel demeanour and a penchant for formality and tradition. She is always in a spacy mood, preferring to keep things peaceful and enjoyable with a bit of mischief. Behind the ladylike veil, Chiya possesses many idiosyncracies. She finds pleasure in giving the sweets of Ama Usa An rococo names such as "" Red Jewel in a Snowy Field "" and "" Moon and Stars Reflected Upon the Sea "". She also enjoys scary stories and disturbing others at times, and she dreams of becoming a samurai. She is shown to enjoy teasing her friends once in a while.",deredere
68eea8f5fb66b974,Killua Zoldyck,tsundere/68eea8f5fb66b974.webp,"Killua's love for sweets Killua is introduced as a character similar to Gon: cheeky, cheerful, and full of mischievous ideas. However, contrasting Gon's politeness, Killua can be quite rude to others, mostly strangers and older people. He is known for having a sweet tooth; he loves everything sweet and spent almost 200 million on snacks when he was first at the Heavens Arena . His favorite snack is chocolate, specifically Chocolate Balls and Chocolate Robots. He is one of the quickest-thinking characters and often analyzes a situation with great ease and accuracy. In spite of his young age, he has an adult-like way of thinking, knowledge, and pragmatism. He is initially very confident in his own abilities, seen questioning Gon's capability during their Hunter Exam and comparing his strength with others. Over time, Killua becomes more humble and is no longer seen touting his abilities. He is not a very open person; despite his advanced knowledge and level-headed nature, he becomes very embarrassed when Gon openly calls him his best friend or compliments him about their bond.",tsundere
c74dc654c94d1e3b,Rinka Hayami,tsundere/c74dc654c94d1e3b.webp,"Hayami is a very stoic, businesslike and professional girl who has been compared to a working adult along with Ryunosuke Chiba . As a result of her serious demeanor, she can be quite straightforward and direct. In her initial appearances, Hayami was shown with a much more mild personality, conversing and even smiling with other students. Later on though, she gradually became more stoic. However, she secretly has a much softer and sweet side to her personality as shown in a picture of her cheerfully holding a kitten.",tsundere
9f55005e5764ef70,Phillip,tsundere/9f55005e5764ef70.webp,"Philip is a 14 year-old boy of petite height and scrawny figure. He has messy blonde hair with the front half usually pushed to sit on top of his forehead, the sides of his hair are styled messy. He has dim cyan eyes, and a young figure. Philip’s attire throughout the show includes a large beige-yellow, coat reaching to the length of just below his knees. The sleeves of the coat rolled to sit above his wrists and the collar of the coat in a light brown color. Beneath the coat, he wears a white collared shirt with three buttons going through the middle of it. He wears navy blue shorts with two buttons sitting along his midsection. Reaching up to just below his knees are grey socks, paired along with light brown boots with beige colored bottoms.",tsundere
4e3f98e311cf42dc,Yukiko Kanzaki,deredere/4e3f98e311cf42dc.webp,"Kanzaki is a kind, calm, graceful and refined girl who is also very diligent, reliable and ladylike with an elegant demeanor, but she has a lot of backbone where she isn't afraid to stand up for herself at the same time; retaining her usual smile while doing some intimidating things as seen when she points a mechanical pencil over Ren Sakakibara 's eyes and snipes Ryunosuke Chiba , Taiga Okajima and Sosuke Sugaya during the civil war game. She possesses a rebellious side due to the expectations her father had of her and she has also shown an interest and proficiency in arcade games. Her classmates mention that she has bad luck with men as she usually and unintentionally attracts men with her beauty and her seemingly passive personality.",deredere
1c4c9eb8f935aca1,Ray,kuudere/1c4c9eb8f935aca1.webp,"Ray appears to be aloof, introverted and snarky; often excluding himself from playing with the other orphans and prefers to read load of books instead. However, he is able to interact well with his fellow siblings, loves them all deeply and occasionally will take part in a game tag or hide-and-seek with them. Even if there are times when they do not get along, he still deeply cares about their well-being and would go to great lengths to keep them safe. An outspoken person with little patience for inconvenience and silliness (like Emma's), he frequently loses his temper or is often left dumbfounded when people such as Emma display reckless behavior and intentions, noticeably when he considered Emma as an ""airhead"" when she intended to rescue every orphan from Grace Field. Furthermore, he is very blunt and honest, as when Norman is trying to figure out a way to break it to Emma that Ray was the spy all along, Ray abruptly comes out with it before Norman has the chance. In some cases, he considers it a kindness to be blunt, rather than alleviate the truth or give people false hope. He was also motivated by cold logic and reason, and he figures the best plan for success is to take the smallest group possible, even if that group doesn't include himself.",kuudere
cc122d499712cfc9,Ichigo Momomiya,deredere/cc122d499712cfc9.webp,"Ichigo is a sweet girl who is ready for just about anything life throws at her. Though kind-hearted, compassionate, and eager to help others, she is also hot-headed and, for better or worse, tends to wear her emotions on her sleeve. She isn't afraid of confronting bullies and standing up for others who've been wronged. She is head-over-heels in love with Masaya Aoyama and often frets over his opinion of her, even having nightmares about him finding out she's a Mew Mew. In Mew Mew Power, she is noticeably snarkier and less tactful.",deredere
f0801090d74aeec3,Victorique de Blois,tsundere/f0801090d74aeec3.webp,"However, that is not all there is to her personality. Despite her sharp tongue, abusive bluntness, and eccentric attitude, she possess an odd supernatural, overwhelming charisma, and flawless eloquence. She uses these skills to manipulate people into doing what she wants with ease. Victorique often puts on a show of being harsh or sarcastic, but she has other sides to her personality. She is often depicted as being bored by normal life, and asks Kujo to bring her things to distract or entertain her. Often, he brings things to her of his own accord, and Victorique is shown as having a range of reactions, depending on the gift. These gifts range from mysteries, to candy, to a beautiful kimono from Japan. Victorique also has some rather child-like parts of her personality. She can be impetuous, stubborn, cheerful, and sweet, just like a small child might be. Another big part of her personality is that she seems to have some sort of social anxiety. This is shown in how she tends to hide in a large cubbord, or stay perfectly still so that people think she's a large doll when strangers come into the botanical gardens where she spends much of her time. She is frightened and nervous when Kujo finds her after the stranger(s) leave, but his presence calms her down quickly.",tsundere
10ae1b6eb1ade0c0,Hitoshi Shinso,kuudere/10ae1b6eb1ade0c0.webp,"Hitoshi, after spotting an opening against Izuku. Hitoshi is a stoic and straightforward person with an innate ability to spark conversation with anyone despite holding a reserved and quiet attitude most of the time. He is shown to be rather clever, knowing just the right words to manipulate others into replying to his comments, allowing him to activate his Quirk. He does not mind doing something underhanded to claim victory in a fight. Due to having his Brainwashing Quirk perceived as evil throughout his life, Hitoshi has been somewhat feared by those aware of his power and has been discriminated against solely because of the Quirk he was born with. This persecution led him to become resentful of those who had Quirks more associated with hero work, using Izuku Midoriya as an example by stating that someone ""as blessed as him"" would never understand what it's like to have an ability like his own. Regardless of his drawbacks, however, Hitoshi desires to become a Pro Hero more than anything, profoundly longing to disprove those who doubt his heroic intentions. Not only does he want to refute those who shame his abilities, but he also aspires to usurp students who walk the path towards becoming a Pro Hero, as he always wished to.",kuudere
73886000bee0bb69,Klaus Lunettes,tsundere/73886000bee0bb69.webp,"Klaus is a prideful man who tends to judge people from their social standings regardless of their individual personalities or abilities. Additionally, he can also become very arrogant and starts insulting people of lower status than his without actually having a personal issue with them. This could stem from the fact that he is of noble birth and his membership in the best Magic Knights' squad of the Clover Kingdom. In contrast, Klaus can become a very loyal person towards people of higher status than him, such as his admiration towards William Vangeance . Klaus after Luck saved him. Due to this inherit personality, Klaus became unable to easily acknowledge anyone, especially towards people whom are able to rise to his social standing regardless of their talents which lead them there. Furthermore, Klaus also finds shame over being assisted by people of lower social status than him in which can be seen from his constant denial of him being saved by a Black Bull squad member. Klaus acknowledges the orphans. However, Klaus is still a man of reason as he is still able to judge and give his acknowledgement based on what he sees with his own eyes.",tsundere
41e38858b7853d9e,Nadeshiko Kagamihara,deredere/41e38858b7853d9e.webp,"Nadeshiko is a cheerful, energetic and often ditzy girl who comes off as easily excitable. She loves food and her appetite is huge. Her active and bubbly personality is the exact opposite of her best friend, Rin . Nadeshiko tends to have careless, naive and sometimes even irresponsible behavior. Some examples being, sleeping and getting lost in the mountains, crashing against the walls or even falling asleep on the floor in the school library. All of this is to the annoyance of Rin. Her older sister, Sakura, sometimes has to correct or punish her because of her careless or carefree attitude. By Season 2 , Nadeshiko becomes a lot more responsible and even successfully undertakes a solo camp herself, despite the worry of Rin and Sakura. She also begins to look out for her friends in return. Chiaki Ōgaki nicknamed her ""Mamashiko"" after she took care of Rin when Rin was exhausted from their trip to Izu .",deredere
6a29ff3b3aaa99e0,Satsuki Kiryuin,tsundere/6a29ff3b3aaa99e0.webp,"Prideful to say the least, Satsuki is an extremely intelligent, calculating and patient young woman while simultaneously unwavering and iron-fisted. Unlike with Ryūko and Senketsu , she had no shame in wearing the Kamui Junketsu in its most revealing form; she claims that her actions in donning Junketsu are, like the Kamui's name implies, ""utterly pure"". Satsuki refers to people as ""pigs in human clothing"", and justifies that the weak and foolish must be ruled. Due to her steadfast convictions, she also possesses a natural charisma and ability to lead others. In spite of her pride, Satsuki is shown to be pragmatic and determined, willing to cast aside pride and using whatever means necessary in order to secure victory, even if it threatens her life. When fighting Ragyō Kiryūin, Satsuki noted that her willingness to fight her mother and the Life Fibers was due to revenge, noting that great causes are born from personal desires. In spite of her behavior at school, Satsuki is not heartless. While very harsh and not very willing to tolerate failures, she does care a great deal for the Elite Four ; and is as protective of them (in her own hidden ways) as they are to her.",tsundere
93951bd5bae05eba,Nicolas Brown,kuudere/93951bd5bae05eba.webp,"Nicolas is mostly quiet and aloof even to people he likes. He occasionally speaks out of irritation or when someone isn't able to understand sign language, but mostly keeps to himself as to save himself the trouble of accommodating those who can't communicate with him. Though frequently irritable, he's also capable of small acts of kindness, such as playing with Nina or steadying Alex when she's shaking too much to open her medication. He seems to find slight enjoyment in picking on people; somewhat illustrating his dark and sarcastic sense of humor. Above all however, he seem to be the most alive on the battlefield, he often is seen smiling while in combat; hinting a sadistic side which compliments his thrill for blood. Moreover, he tends to toy with opponents that are weaker than himself before finishing them off remorselessly. Despite his apparent sociopathic tendencies, Nicolas isn't without heart. Hes been shown to care for those close to him; Worick and Veronica being prime examples, and even Alex in that regard. Furthering his somewhat complicated personality, he doesn't seem to be the type to hold grudges against others, as he accepted Doug as a friend despite their brutal fight only days prior.",kuudere
d43e06af0ca9f0d5,Mey-Rin,deredere/d43e06af0ca9f0d5.webp,"Mey-Rin guards the manor as a sniper. Mey-Rin is a determined, strong-willed individual who seeks to prove her worth. Like the other Phantomhive servants, she is fiercely loyal to Ciel Phantomhive and deeply respects Sebastian Michaelis , whom she has a crush on because of his appreciation of who she is and her skills as a sniper. Upon working for Ciel, she is allowed to wear skirts, which pleases her, and she is given glasses, which she cherishes and refuses to replace with new ones. She tends to remove said glasses whenever she assumes her role as a sniper so that she can focus on great distances. Mey-Rin, although clumsy and ungainly as a maid, remains an invaluable servant, for she is an exceptional sniper who guards Phantomhive Manor at night and dispatches enemies. She can discern far into the distance and aim and shoot with impeccable precision. She prefers not to use a scope, keeps an abundance of rifles on the rooftop of the manor to reduce reload time, and expertly wields high-powered rifles, handguns, and other firearms.",deredere
f6583370f50cc2f1,Sumire Kano,kuudere/f6583370f50cc2f1.webp,"Sumire has a strong-minded personality as she depends on to be a figure to those who will follow. She is reserved, strong, cunning, short-tempered, somewhat rebellious, bold and very determined, and sometimes can be aggressive, rude and hot-tempered, but she actually has a softer side. She is really smart, as she is a scholarship student and always gets high grades at school and also manages being the student council. Despite this, as mentioned in her first episode, she can be quite forgetful, proven by her not remembering how many students forgot their handbooks, and said by Taiga Aisaka , as she forgot to say ""At ease."" While Sumire is really strong-minded, she is actually quite kind, afraid to hurt other people and also helps other people when they are in need. This is shown when she helps Yusaku Kitamura and invites him to join the Student Council after he got rejected by Taiga. Another example is also when Yusaku confesses his feelings for her, but rejected him in order for him not to follow her in the US because the school will need a new student council president.",kuudere
bd29af3ceed21069,Kinako Sakurakoji,deredere/bd29af3ceed21069.webp,"Kinako isn't very athletic, and her grades are average. However, Kinako is a hard worker who does not back down easily from challenges. She is very good at understanding animals and how they're feeling. She's very kind, sweet and cheerful, and always happy to offer her support to the group. Despite being sociable, she's also a little shy and awkward at times. She has a tendency to be very loud and can be easily startled. She's somewhat eccentric and comes across as a bit of an airhead. However, she's shown to be level-headed at the end of the day. Her assessments can come off as innocently insensitive since she's honest to a fault. One example is when she thought Kanon was already the club president by virtue of Ren being the student council president and everyone else not being suited for it.",deredere
7228dced459de553,Sagiri Izumi,tsundere/7228dced459de553.webp,"Sagiri is depicted as a hikikomori who does not get along with others. She loves drawing and appears to be shy and easily embarrassed. Initially, she cared little for her brother but eventually opens up to him. She is normally very quiet and tends to use a speaker to be heard, but whenever she's on webcam drawing live, she is more lively (though still careful to hide her face). Sagiri is also a neat person who keeps her things clean. She was easily prone to anger and jealousy and was more worried and possessive about her brother, more than she would admit, to the point that she sometimes throws tantrums. She hopes to watch an anime created by her and Masamune together. Due to her shyness, she refuses to call her self 'Eromanga' because of how perverted the name sounds and denies having such a perverted name; despite that, she admits that she enjoys drawing erotic images. Sagiri is also stubborn when Masamune forgot to bring her food for a few days, she refused to leave her room to get food because she felt like she'd have lost. Due to fear and embarrassment, on her live video feeds, Sagiri disguised her voice as male.",tsundere
782631ee77ef1cea,Chibiusa Tsukino / Sailor Chibi Moon,tsundere/782631ee77ef1cea.webp,"Chibiusa is sweet, hotheaded, and often misunderstood. She is attached to her future father, Mamoru, and even after the R season (relating to the manga), she still argues with Usagi over Mamoru, though it’s unknown, if she is still attached or does it to bother Usagi. She also heavily criticizes Usagi, like Rei, calling her a crybaby and clumsy. She is usually very upbeat and cheerful. She doesn’t like Usagi being nosy about her business. Though she starts out socially awkward, she quickly becomes popular with her classmates. Her initial shyness can be attributed to the fact that she was teased in the 30th-century for not having any Guardian powers. Because her dream in the manga is to become a beautiful lady, her actions often are based around this. She tries to be a perfectionist and starts off trying to do everything alone and for herself. This view evolves as she realizes what maturity is and what it means to be an adult. In the anime, she is more judgmental and does not mature as much as her manga counterpart. Chibiusa's affections come into conflict because she generally does not immediately identify Usagi Tsukino and Mamoru Chiba as being her biological parents, although she is aware of the fact.",tsundere
93c3b5e7750c284d,Kei Tsukishima,kuudere/93c3b5e7750c284d.webp,"Tsukishima is very blunt and will sometimes rile his teammates up due to his antagonistic nature (most notably being Hinata , Kageyama , Nishinoya , and Tanaka ) and sometimes other teams because of his casual smug attitude, taking pride in and relishing when his opponents see him as a nuisance as seen with Tendō and Shirabu . Whenever someone does or says something stupid or silly, he is usually seen snickering in the background. However, he does seem to be intimidated by his seniors, being nowhere in sight when Daichi reprimands Tanaka for antagonizing Aoba Johsai even though he did so as well or backing down whenever Ennoshita calls him out. Despite coming across as arrogant, Tsukishima has low self-esteem and thinks of himself as inferior to others in certain areas. This is first noted to be a surprise by Kuroo, who accidentally riles him up by suggesting he'll lose to Hinata, to which he says that he's already below him. After the Shiratorizawa match, despite being the MVP, he's seen calling himself lame for only being able to block Ushijima 's spikes once, only adding to how little he believes in himself and his achievements.",kuudere
572633e56d0ce096,Kaguya Yamai,deredere/572633e56d0ce096.webp,"Despite being twins, their personalities are almost complete opposites to each other. However, they still have some things in common, with both having displayed a playful attitude as well as a mutual love for competition and each other. Outgoing and outspoken, one can say that she is childish or immature. Kaguya appears to suffer from Chūnibyō , often using exaggerated gestures and German words in an attempt to sound cool. However, she is perfectly capable of speaking normally and her act quickly falls apart if even slightly pressed upon, causing her to often be teased by others. She is also weak about sensual matters and is easily embarrassed when they are mentioned. She speaks in a robot-like speech pattern, telling the point of her comment before speaking the rest. For example, when asking Shido to explain something, she would say ""Confirm; Shido"". Also, unlike Kaguya, her speaking patterns are a genuine verbal tic and not just an act. When arguing with Kaguya, she tends to sneer at her and points out the flaws in her arguments. Overall, Yuzuru is the calmer, quieter, and arguably the more mature one of the twins, though she still has her own moments of childishness. The human Yamai appeared to have been a sociable and popular, yet ordinary, teenage girl.",deredere
6700541b96b3e52f,Masa Shiranui,kuudere/6700541b96b3e52f.webp,"Masa is the only one apart from Ren Seto who does not object to the engagement and sometimes even gives advice to Nagasumi Michishio . Usually, Masa is portrayed a silent man but due to his highly good looks he mostly captures peoples' hearts such as making Nagasumi's Mother fall for him just by looking at her and even making Nagasumi admire him. However, when he drinks he tends to talk too much and reminisce. Masa cares a lot for his sister Akeno Shiranui and he is very protective of her often beating up those who are aggressive towards her.",kuudere
61a30a3e69871cec,Hitoha Marui,kuudere/61a30a3e69871cec.webp,"Hitoha is a reserved girl. She is also very shy, and much of her personality grows out of her inability to deal with others. Every time she tries to make a friend it seems to end badly, as she often does not know how to act or how to interpret the reactions of others. As a result, she feels resigned to not involving herself with others or trying to make friends. In her character song Kore de ii no ka? ~Hacha Mecha Life~ , Hitoha says that she would like to have friends, but her social ineptness prevents her from getting close to people. In this song, it seems to be suggested that her consistent annoyance with her family and classmates is a way of resolving the fact that she has a hard time getting close to people. Despite her difficulty making friends, however, it seems that she has ended up making reluctant friendships with Yabe and Matsuoka . In her other character song , she says that Chikubi is her only friend. In addition to her social phobia, she has a number of other fears which prevent her from doing things, including a fear of heights, swimming, and cockroaches. In the manga and anime, she sometimes makes efforts to overcome her fear of swimming.",kuudere
5f955f55fc73eecd,Elze Silhoueska,tsundere/5f955f55fc73eecd.webp,"Elze is sincere, optimistic, and candid. She always has some foresight in most situations. Save a topic, Elze is one of the least shy characters to appear in the series. She gladly prods Touya with dirty jokes, and she sometimes reveals perverted situations that could happen as seen when she was explaining why she did not want to fight a mega slime, a monster made entirely of acidic slime. Additionally, Elze is also shy on the topic of her femininity. In addition to having a more hot-headed personality (and thus less ladylike) than Linze , her breasts are also smaller. She grew out her hair in a vain attempt to increase her femininity, but only started showing more confidence upon meeting Touya. She can get easily embarrassed when confronted with overly romantic or unexpected situations especially when Touya is involved which leads to her attacking him though this is usually unintentional (such as when she attacked Touya when he tried to kiss her).",tsundere
ceeb0e1e04c44eb0,Orihime Inoue,deredere/ceeb0e1e04c44eb0.webp,"Orihime's depiction of herself in the future. Orihime is independent, friendly, humorous, optimistic, sensitive, caring and kind. She comes off as naive and rather clueless, which contradicts her exceptionally high marks as third highest in her grade. She studies hard because when her grades drop, she receives less financial support from her relatives. She is a member of the Handicrafts Club and likes to invent very ridiculous sports to play with Tatsuki (such as ""base-cer,"" a combination of baseball and soccer). She tends to zone out with her mouth open and loses track of what she was thinking or dreaming about. She has an over-active imagination and gets carried away thinking of implausible scenarios, such as portraying herself as a futuristic and highly destructive robot in an assignment asking a student ""How do you see yourself in the future?"". Orihime likes Asian flower print clothing and comedies. While she does eat some normal food, Orihime cooks and eats unusual meals, which other people often find unappetizing. Her favorite food is red bean paste and she likes putting butter on sweet potatoes. She enjoys cheese and butter most of the time.",deredere
d5c999d179549fdb,Satsuki Momoi,deredere/d5c999d179549fdb.webp,"Momoi generally has a very bubbly and outgoing personality who sometimes acts flirty with Tetsuya Kuroko . She has a romantic vision of love, falling for Kuroko when he gave her a popsicle stick. Shintarō Midorima has also commented that Momoi is very passionate about basketball, perhaps even more than players themselves. She becomes very serious and almost sly when analyzing the opponents, often saying that men are just too predictable. The only person who she cannot predict is Kuroko, but that only makes her like him more. She is normally very cheerful and bright, but when it comes to Daiki Aomine , Momoi can get easily agitated. She cares about him deeply, and because of that, she often acts like his mother and lectures him.",deredere
9887593e349714b5,Himeko Inaba,tsundere/9887593e349714b5.webp,"Inaba is a very pretty girl with shoulder-length black hair that has one strand falling in the middle and brown eyes. She has been noted to have good posture with a slim, yet long figure and her eyes are described as being piercing, yet captivating. Unlike most of the other girls whose uniform sweaters are colored yellow, her uniform sweater is brown. In her casual attire, she is usually described as wearing something mature or plain. With a short-temper and an intolerance for disorder, Inaba is easily the most volatile member of the Cultural Club as she tends to use vulgar language and speaks with masculine expressions in order to maintain a powerful appearance. She dislikes her given name ( Himeko ) because it means ""princess child"" in Japanese, which makes her sound weak like a child who needs to be looked after. Despite her rough edges, Inaba is very considerate of her fellow club members; always looking out for everyone's best interests, and, though she doesn't like to show it, Inaba greatly treasures her friends and would be willing to sacrifice her own happiness to keep the group together. When dealing with a problem, Inaba typically chooses to take a very direct approach to solve it, making it a challenge for her to deal with delicate situations.",tsundere
3426cb96ba748485,Boogiepop,kuudere/3426cb96ba748485.webp,"Unlike his alter ego, Boogiepop most often wears a serious expression, the closest thing to a smile he shows being his trademark ""asymmetrical expression"". He is relatively quiet and soft-spoken, talking in an archaic manner that appears both feminine and masculine. Boogiepop automatically ""floats to the surface"" when he detects enemies of the world, and he considers his natural duty to defeat these malicious entities. As such, he doesn't have any dreams or hopes, instead encouraging the ones he meets to do so for him. Boogiepop's only friend is Keiji Takeda , Touka's boyfriend, who he met during his fight with the Manticore , and spent his days chatting about random things with, before eventually disappearing after his job was done. The fact that he made sure to say goodbye to Keiji, even after his job was over, showed that he really enjoyed the boy's company. In spite of his cold-looking exterior and the nature of the rumors about him, Boogiepop is a very compassionate individual, helping the distraught Echoes when he was about to give up on his search of the Manticore, and admonishing the people who ignored him when he was clearly injured. Boogiepop is quite fond of whistling the tune of Wilhelm Richard Wagner's Die Meistersinger von Nürnberg .",kuudere
05ac2a39ac753599,Rikuo Nura,kuudere/05ac2a39ac753599.webp,"His Day Form (Human) is seemingly weak but very clever, easily manipulating one of the council members into isolating himself during a meeting and rationalizing against the dissolution of the Gyūki Group. At first he pretended to forget things he did in his ""Night"" form, but after the first arc concluded he stopped pretending and decided to form his own ""Hyakki Yakō"". His Night Form (yōkai) is confident, strong a and inspires ""Fear"" amongst his allies, leading many to join him. He handles the human side of things with his ""Day"" form and handles the yōkai-side with his yōkai form . While normally calm, reserved and in control, Rikuo can exhibit merciless conviction when in the presence of anyone whose beliefs challenge his, making him very dangerous once provoked. After losing a fight to his grandfather , he is taken to the yōkai village of Toono to train and finally learns what type of demon he is, thus gaining stronger abilities. He has departed for Kyoto to face Hagoromo Gitsune, save Yura and avenge his father. He seems to get stronger when his ""Day"" and ""Night"" blood mix. Although more laid back than his human form, presumably because of his yokai power, he exhibits a more serious face as compared to his father and grandfather in their prime.",kuudere
b470410c41d74dd9,Ayaka Sajyou,tsundere/b470410c41d74dd9.webp,"Ayaka is a young teenager having medium long brown hair and blue eyes, she appears to be very beautiful without her glasses, which attracts the attention of Saber and Archer . She typically wears her uniform but her casual attire is of a purple-blue jacket, white blouse with shorts and stockings. As a child, she wears pink cardigan and white dress. Ayaka appears to be a very insecure person, traumatized after the previous Holy Grail War after her father and sister died because of it, and not willing to join the current war. Unlike Shirou, she is known come from a line of Magi and is more adapted to such a lifestyle, although she is also orphaned. Her sister had been a genius in Magecraft , while she had been mediocre, leading to her developing a complex. Eight years prior during the previous War, her father had told her that sooner or later she too would be a participant in the Grail War, to which she would later scream to herself that she wouldn't do and would run away. She had been directed by her father to perform a ritual sacrifice every morning, but due to her past trauma she has trouble killing living animals. Unable to kill pigeons she uses her own blood as a substitute.",tsundere
c6d4e0ec96db9a98,Rosette Christopher,deredere/c6d4e0ec96db9a98.webp,"Rosette is a very cheerful and extremely hot-blooded loudmouth with a violent streak who likes exploring and food. She also tends to be rebellious and disobeys rules. She was very hot-headed and energetic and was known for being a glutton and a simple-minded girl. She was very optimistic and determined, especially about getting Joshua back. She was also very selfless, when she wanted to save Azmaria, giving up to 25 percent of her lifespan. She was also seen to have feelings for Chrono when she was twelve and also later on.",deredere
83ab8063bc853df4,Omega,kuudere/83ab8063bc853df4.webp,"There is not much known about Omega other than that she seems to be mostly mute unless when replying to the others; however, later during a battle between Team Blueperor and Team S4, she was astonished to see Skull, having fun battling compared back in their days as a team. Also when X-Blood lost against Team Blueperor, she gives compliments to her teammates about their teamwork. She can get overconfident when she attempts to climb a tree in Volume 15's Bonus and hangs onto Vintage when he uses Inkjet in Chapter 63",kuudere
92b3dbd29326bac2,Tatsuma Sakamoto,deredere/92b3dbd29326bac2.webp,"His overly optimistic attitude sometimes leads him into all sorts of trouble, as he tends to brush off or even flat-out ignore bad incidents and situations. He has a habit of laughing at most times, even at inappropriate times. One of Sakamoto's main traits is his empty-headed thinking. He can be very spacey, and he often doesn't notice important details, like with his unawareness that Mutsu is from the Yato tribe despite spending years together and misinterpreting Dark Vader's plans to conquer Earth. Despite all this, deep down Sakamoto is really rather smart. He shows an excellent ability in giving inspirational speeches and is also a brilliant negotiator when he needs to be, convincing the entire Renho race to turn on their leader. Because of this, it's a possibility that his lighthearted personality is a ruse, as he has a tendency to start things and then seem to not to know what he did. He cherishes his friends and subordinates; he was enraged when the Chidori supposedly hurt Mutsu, and he stood up for Katsura back in the war when other soldiers were ragging on him for being a coward. However, he feels insecure around his friends, as he states that if they knew his deeper feelings for them, they wouldn't like him anymore.",deredere
abe146407a5dd285,Kaede Hozuki,deredere/abe146407a5dd285.webp,"Kaede is an extremely kind, caring, and feminine girl. She is more than willing to help those that ask her for it, and has shown Mihari, Mahiro, and the rest of Mahiro's friends how to cook and helped them pick out swimsuits. Keade is very close to Momiji, caring for her in the same way that she does for all of her friends. Kaede blossomed during middle school, and quickly learned to use her new assets to her advantage. As a result, she is an expert in fashion, hair styling, makeup, and cooking. Her cooking is very well regarded amongst Mahiro and her friends as a result. She fully believes that beauty is pain and that one should always use what they have to their advantage, as seen when she kept her legs bare despite freezing cold weather. She is also very open minded to other people's personalities and desires. When helping Mahiro and her friends pick out swimsuits, she was able to give options to make the best of each of their bodies while catering to their own personalities (shown when she gave Miyo a cute swimsuit that would minimize her cleavage and draw eyes off of it), while at the same time presenting more daring options. She is also more than willing to lend her clothes to those in a pinch.",deredere
14f4312cb7ba7a93,Rynzbelfeid,kuudere/14f4312cb7ba7a93.webp,"While Ryn has a contract with Louis as her master, she has no respect for him whatsoever. It is further mentioned that while this was a 'master servant contract', this was only to be on paper. She lacks the sense of humor that Louis has as whenever he makes a sarcastic joke, she doesn't quite understand it and take it quite literally. She's trying to learn how to behave like a human, but she's still clumsy. She's often too doll like and as a spirit, she doesn't have a sense of taste so Louis doesn't get her to cook but then also to not clean as her spells cause whirlwinds of chaos when she does. Ryn has an interest in Carla Maxwell , and regularly cleans her house, thus her outfit.",kuudere
1f66c618d3bb3cc0,Ayumu Kasuga,deredere/1f66c618d3bb3cc0.webp,"Osaka chasing the floaters in her eyes Unlike the stereotypical Osakan, she seems slow and easily distracted, but she merely has a mind that works quite differently than most people. This makes her prone to daydreaming, absentmindedness, and non-sequiturs, but it also makes her unusually good at answering very specific types of riddles. Her unusual way of thinking gives her a very vivid imagination and a unique way of seeing the world. Osaka often acts stuck in her own world. Although she seems slow and easily distracted, she merely has a mind that works quite differently from that of most people. Though she is often prone to daydreaming, absentmindedness and non-sequiturs , it also makes her unusually good at answering certain types of riddles . While some people assume that she lacks focus, the truth is that in quite a few cases, Osaka is really a little too focused. When she daydreams in class, she tends to dream about Chiyo and her pigtails either controlling her, giving her the ability to fly, keeping her alive, or being replaced with new ones.",deredere
669ff5bc1bae3b3e,Sangaku Manami,kuudere/669ff5bc1bae3b3e.webp,"Sangaku is most distinctively characterised by his love for slopes and his desire to feel alive. This stems from his childhood as sickly and bedridden, in which he played video games to pass time but disliked them, yearning to feel the pain he sustained in-game as proof he was alive. When his childhood friend Suzuko Miyahara introduced him to cycling, despite his initial struggle to keep up, he fell in love with the sport as the pain he experienced from the uphill struggle made him feel truly alive. As he grew older, his deepening passion for cycling resulted in his current easygoing personality; he is often late to or napping in class because he feels dull and confined indoors. He relies on cycling and climbing slopes to feel alive. His eagerness to ride makes him highly attuned to nature and the direction of the wind, a skill which he utilises to surpass his competitors in races. Sangaku is easily distracted by mountains due to his love for climbing, and thus has a habit of being late, even to his debut Inter High. Since the Hakone Academy bus left him behind, he had to bike to the location, and ended up going on stage while wearing regular shorts. He doesn't seem to be bothered by being late, and sometimes avoids schoolwork to cycle, exemplifying his laid-back nature.",kuudere
51e8fd963d073c1d,Sheeta,deredere/51e8fd963d073c1d.webp,"Sheeta with Pazu's pigeons. Sheeta and Pazu have similar personalities, but compared to Pazu's more boisterous, energetic personality, Sheeta is reserved and somewhat shy with strangers. She at first insists on being on her own due to the danger her very company presents and out of fear of causing damage to Pazu or his hometown, though eventually concedes when Pazu vows to protect her. Despite her taciturn and shy personality, Sheeta is polite, kind, and intelligent, and the movie concludes with her saving what remains of her kingdom from Muska as the true heir of Laputa. Sheeta has also shown that she cares deeply for Pazu by both insisting he stay away from her for his own safety and trying to protect him the way he does for her on multiple occasions. Sheeta is also a very loving person. Even though the soldiers were trying to catch her and even hurt her in the whole movie, she told them to escape when Muska was going to kill them.",deredere
dd76e6b77076c5b8,Claudia Ashley,kuudere/dd76e6b77076c5b8.webp,"She's a quiet yet quite tempered person. She deliberately behaves viciously as if she has a bad personality however she is soft spoken with her fiance Neil Maywood as he doesn't rely on her for the answers until he's tried his hardest to understand something, which because of that Claudia likes him for that. Even though she doesn't particularly like to talk, she would go out of her way to tease Monica and Cyril often, particularly Cyril as he often falls for her teasing games.",kuudere
81f337a5d4087cdb,Astaroth,tsundere/81f337a5d4087cdb.webp,"Astaroth is the opposite of that is expected of an evil organization leader. Although she looks like an icy type, Astaroth is actually a tender-hearted boss, who is always worried about her subordinates' welfare. She is easy to read too, since Astaroth can't hide from her fellow Supreme Leaders both her crush on and jealousy of Six , with who she is infatuated. She is also very demure, getting embarrassed and reacting violently to Six's more aggressive advances.",tsundere
20154528d9336c7b,Takeuchi-sensei,kuudere/20154528d9336c7b.webp,"Takeuchi appears to be a rather uncaring and self-righteous individual, especially in his outlook on the bullying of both Shōko Nishimiya and Shōya Ishida . Soon after Shōko’s transfer into his class, Takeuchi begins to see her as a burden and is quick to hand some of his responsibility for her onto Naoka, who is also another student he should be guiding. When Shōya begins bullying Shōko, Takeuchi is aware of the situation but rarely takes action to stop him, failing to even properly explain why he shouldn’t pick on Shōko when he does bother to punish him. Takeuchi continues to ignore Shōya’s actions until the principal gets involved, where Takeuchi blames Shōya completely for the bullying of Shōko, despite the clear involvement of other students and himself as a teacher. His ignorant behavior continues when Shōya becomes the target of bullying, refusing to believe or help his student when Shōya sincerely looks to him for any assistance. Even when he meets Shōya and Shōko again years later, his personality remains largely unchanged, something that deeply angers Shōya. Takeuchi views Shōya as a respectable man based on appearances and choice of high school alone.",kuudere
ccfdcd424ab4ac9d,Mawari Zenigata,deredere/ccfdcd424ab4ac9d.webp,"She takes it upon herself to act as a moderator of social behavior, and often reprimands Nagasumi for some of his actions. Mawari's dream is to become a police chief like her father. Nagasumi say her personality is like Sun which shocks Sun. One thing of interest is that whenever Mawari speaks or does something related to peacekeeping, whistling (like that of a police whistle) can be heard in the background. She also has a trade mark line “Do You Want Mawari to Teach You the Rules of the Society” (""Maybe I should teach you something about the rules of this society!"" in the English dub); she says this when people break school rules or act in a concerning manner.",deredere
1e6f56c0c4e81c59,Sakura,deredere/1e6f56c0c4e81c59.webp,"It has been noted many times (particularly by Syaoran) that ""her smile is warm and I could be happy forever about it."" ; ever since the princess was at a young age everyone told her to smile with a smile that ""is a rival to the sun"". As she grows up, Sakura carries this on. She is a person with a bright and sunny character; always upbeat, but at times she can be clumsy and perhaps a bit of paranoia gets in her way when emotions get the best of her. While Sakura is always cheerful and optimistic, when the situation overwhelms her she has a tendency to be melancholic and to suddenly turn sober. All throughout the course of the story, Sakura shows a great deal of concern and strong attachment to her companions, particularly to Syaoran. This shows that she is also a very caring and friendly person, as she does everything in her capabilities to ensure their safety; but when she realizes that she is incapable of it, her bonds are replaced by her anxiousness.",deredere
2704f56394efbf26,Hikari Kagura,kuudere/2704f56394efbf26.webp,"During her childhood and stay in England, Hikari was an ambitious and outgoing theater student. She was passionate for performing on stage and eager to make good on her promise to Karen, thus she constantly pushed herself to be the best and handily fought through most of the revues in her school. However, her defeat in the revue auditions resulted in her losing her brilliance and passion for performing. She became a husk of her former self, mindlessly attending classes and going about her routine without any real purpose. Upon reflecting on it, she managed to remember her promise to Karen and reclaimed some of her lost brilliance, a feat that suprised even the Giraffe . The tolls of the revues had a lasting impact on Hikari, even with the brilliance she reclaimed. She remains aloof, generally appearing uninterested in most things and people if they aren't related to Karen, Mahiru, theater, jellyfish, or Mr. White. When it comes to interacting with Karen, however, she regularly breaks her stoicism and shows some shades of her previous persona.",kuudere
8c6ba6231a66f88e,Kamina,deredere/8c6ba6231a66f88e.webp,"At first glance, Kamina is boisterous, hotheaded and arrogant. He demands recognition and seems hungry for greatness, illustrated in his tendency to call himself ""the Mighty Kamina"" and his signature catchphrase, ""Just who the Hell do you think I am?!"" He is an undeterred idealist, often to the point of ignorance; Yoko has described him as ""a man of unlimited stupidity."" Kamina is also very perverted, declaring that the urge to stare at beautiful women is the definition of a man. However, Kamina is also extremely determined and never lets anything keep him down for long. Even discovering that his father was dead only made him solemn for a night or two (visibly at least). He is also devoted to defending and supporting his friends and loved ones, fighting with all his strength to protect them. In turn, he is very charismatic in the heat of battle, able to inspire even the timid Simon to accomplish great feats and almost single-handedly set the foundations for Team Dai-Gurren . Despite his often brazen and practically insane actions, Kamina is fairly insightful, as his bombast and seemingly blind confidence usually mask his true intelligence in planning and combat.",deredere
34229f38ddaa837e,Mine Kuramae,deredere/34229f38ddaa837e.webp,"Mine is noted to be a kind, cheerful, and enthusiastic individual. As noted by the author, herself, she describes Mine as someone who is easily able to keep up with Ayame and his eccentric demeanor. That said, she usually goes along with the latter in what he does, no matter how over the top or flamboyant he tends to be at times. In addition to her equally enthusiastic demeanor like Ayame, she's also very understanding when it comes to Ayame wanting to rekindle his relationship with Yuki. Due to the strained relationship that they've had from their childhood to now. This is very much seen when she stole Tohru away from Yuki, in order to give the boys some quality alone time to talk things out. This extent of knowledge proves how much Mine cares for Ayame, just as much as he cares for her. A unique trait about Mine is her habit to dress up any cute girl she meets. Because the moment she asks those if they'd like to try out a costume that's handmade by her, and that she has a multitude of costumes to go through, she becomes increasingly excited to where she goes above and beyond. In addition to her eccentricity of dressing up cute girls, she even accepts any and every client suggestion to fit their needs.",deredere
c36b3a6a87c17b86,Yumiko Sakaki,kuudere/c36b3a6a87c17b86.webp,"Yumiko is a girl of average height with waist-length violet hair, violet eyes and fair skin. Her bust is the second largest among the Mihama girls, only after Amane. Her casual outfit consists of a violet blouse covered by a yellow jacket and a white knee-length skirt. Michiru once noted that she had a grandmother look. In the later parts of Grisaia no Rakuen, she starts wearing a white one-piece dress with a rope-like belt on her waist.",kuudere
e7bc00607f8293fc,Senko,deredere/e7bc00607f8293fc.webp,"Senko typically acts closer to her actual age, rather than her young appearance, often speaking in a manner similar to an old woman. Despite this, she has been known to act youthful and bubbly when going out with Kuroto. Senko often describes herself as a ""mother and wife"" which is accurate to her tendency to both pamper and look after Kuroto while simultaneously cleaning and caring for his residence. She is shown to be humble to any friend of Kuroto's, such as Koenji.",deredere
123eb7a1839e3032,Kent,kuudere/123eb7a1839e3032.webp,"He has a very intelligent mindset, which is also reflected In his friendships and relationships with others. He is very kind and interesting. Many times, he will ask someone to rephrase themselves in a more intellectual manner so he can understand them more clearly. He often sends the Heroine text messages mainly containing 'goodnight' and 'good morning', because the heroine demands it but he doesn't know what to write or why she wants them. He does not know much about dating and goes about dating her in a very analytical manner, but his feelings for her are very sincere. In the visual novel, he was given a more awkward and insensitive personality. He expresses his affection in a very awkward way, like leaning down nervously to kiss the heroine but bumping forehead to forehead instead. He also has a habit of launching into lectures that seem to go on forever. He has a very conservative and traditional set of moral values, giving her an announcement of intending to propose to her while on one knee and kissing the back of her hand. Over the course of the game, he learns to express affection better and to be a little more sensitive to the heroine's emotions.",kuudere
4e7ed7ea0e33a511,Mini Yaemori,deredere/4e7ed7ea0e33a511.webp,"Mini sports an optimistic and rather childish personality. She lets her curiosity get the best of her and will act on impulse. She also tends to get caught up in the moment and says things bluntly, even coming across as slightly rude. In spite of this, she is a kind person who does show consideration towards others and promises not to delve deep into the endeavors of others unless necessary. She is also confident and experienced enough to take a commanding role in organizing people for projects. She likes helping others and is very supportive to Kazuya and Chizuru, as well as having also her optimistic and persistent nature, with a typical never say die attitude. She's also very forward when it comes to her relationship with her self-proclaimed master, Kazuya, to the point where she goes out of her way to make sure that he and Chizuru end up together. This ends up causing some inconveniences for them, however. As stated by Kazuya, she is a ""modern-day girl"", as she is the kind to talk about waifu's, romantic topics, and so on. She often takes photos and selfies, even at inappropriate times. Mini admits that she loses interest in activities quickly - especially if she's doing it alone - and that doing things together with people motivates her.",deredere
558935ef78521959,Mion Sonozaki,tsundere/558935ef78521959.webp,"Mion as a child in Neko goro shi-hen . Mion is the heir of the Sonozaki family and is the leader of the Hinamizawa School club. As the oldest in the class, she is the Class Representative. She is the granddaughter of Sonozaki Oryō , the current Sonozaki head. Because her mother, Sonozaki Akane , married a man from outside Hinamizawa against Oryō's wishes, Oryō passed her inheritance to Mion rather than Akane. Since the Sonozaki family is quite rich, Mion has a large allowance. The 50,000 yen announced as the winning prize at a game tournament is said to come from her own pocket. She is a tomboy, and since she is the oldest among the rest of the students, she refers to herself as "" oji-san (叔父さん)"" – ""old man ( literally ""uncle"" but used generically)"" – throughout the games, manga , and anime , though she also has a girly side. It is very often strongly hinted and ultimately revealed that she has a crush on Maebara Keiichi, which she expresses by picking on and teasing him at every possible occasion as well as confessing her feelings to her twin sister. Due to being the oldest child and thus the heir, Mion was branded with the oni (鬼) – ""ogre"" or ""demon"" – tattoo presumably on her back. Her name also contains mi (魅), a kind of forest demon or elf.",tsundere
9ca6cc87cf8034ca,Ukyo Kuonji,tsundere/9ca6cc87cf8034ca.webp,"Overall, Ukyo is charming, determined and reliable. She has shown charitability by temporarily hosting the Tendos (albeit unintentionally) and permanently providing room and board for the male ""kunoichi"" Konatsu , due to feeling empathetic when hearing about his horrible background. She generally is dependable to her friends, as she turned very concerned and immediately ran to the aid of her fellow okonomiyaki cook Occhan , when she thought they had been hurt by the Cursed Spatula . However, she has also been shown as being somewhat rude and having a harsh tongue. She can be quick to insult others and even had a tendency to refer to people as ""Jackass"". Ranma and Akane admire Ukyo's drawing of Shussemaru. Ukyo is extremely principled and proud of her work, to the degree she felt compelled to devour a batch of okonomiyaki as her punishment for it failing to ferment correctly. She is generally unconcerned about skipping school, since she learns more by visiting/eating at other restaurants. She appears very business-minded, being very excited at the opportunity to ""make a killing"" always collecting debts and strictly managing her finances, but occasionally feels the need to take a vacation from the ""salt mines"".",tsundere
431440b1bc2e3448,Mitsuki Sonoda,tsundere/431440b1bc2e3448.webp,"Normally, Mitsuki is a reserved, dignified and a respected leader that everyone looks up to. However, her composure collapses whenever Haruka Takayama is near where she is shown to be easily flustered and clumsy around. She has frequent fantasies about being with Haruka, but she doesn't realize her true feelings for Haruka until late in the series. Eventually she decides to give up her feelings for Haruka after seeing how happy Yū Sonoda and Haruka are together.",tsundere
229898fbafd845ff,Mine,tsundere/229898fbafd845ff.webp,"Mine teasing Tatsumi Often quick to anger, and easily irritated with those that she does not know well, Mine is depicted with a cold, temperamental, and considerably aggressive personality. During his first days in Night Raid, Mine had a tendency to tease Tatsumi, due to him being the newest member, and often saying he wouldn't last. Despite her cold exterior, she has shown to be warm and kind to those she has opened up to. She shows her compassionate side on one occasion by teasing Tatsumi to get his mind off of the death of Susanoo . Over time, she develops romantic feelings for Tatsumi , who returns the same feelings, and the two having officially entered an intimate relationship. Since having begun to date Tatsumi, she has shown a jealous side, such as getting angry over Leone 's usual flirty advances into Tatsumi, as well as lecturing him how he has to refuse such advances firmly as he now has a girlfriend. At the same time, she has demonstrated being very worried about Tatsumi's well-being, especially when he has not returned to the hideout (due to having been imprisoned) contemplating how she would have never thought she would become so anxious due to lack of contact with someone.",tsundere
8268012e9e106418,Lavian Winslet,kuudere/8268012e9e106418.webp,"Lavian is a short young woman with blue eyes and long blonde hair. She wears a variation of the uniform of the Northern Jaegers, blue armour plates with dark green combat trousers and various utility pouches. Whilst on her mission, Lavian wears a black combat jacket over a corset and a short brown skirt. She also wears a matching black cap with a red ornament. Lavian wields a pair of twin knives in combat with a red handle and glowing violet designs along the blade. She is self-made and does not often rely on others. She does not talk about herself and has little interest in others. She has potent combat abilities, which have come along greatly since her induction into the corps, and she can pick up skills after seeing or hearing about them. She is willing to break her duties in order to protect her beliefs.",kuudere
83e8227ded6ea4ff,Tsubasa Kazanari,kuudere/83e8227ded6ea4ff.webp,"As a young girl, Tsubasa had aspirations in becoming a musical pop star and honoring her Kazanari family clan as a swordswoman, albeit low self-esteem to back it up. This wasn't helped through the fact she was initially very shy and expressed slight terror when she first met Kanade , who expressed loud anger over the Noise having killed her family, though after they both obtained Symphogears and became partners as the Zwei Wing idol duo, Tsubasa looked up to Kanade as a role model for breaking out of her shell thanks to her helpful and shining personality, showcasing that she heavily relied on her as an anchor of sorts to conceal any self-doubts. After Kanade sacrificed her life at one of their concerts however, Tsubasa grew emotionally hardened, cold, and aloof. She refused to allow emotions to overcome her and started viewing herself as a weapon rather than a person, which allowed her to fight against the Noise more efficiently, albeit at the cost of any personal relations she'd have with anyone else. Despite undergoing a successful musical career in Japan, she refused to sign any overseas contracts, as she now only viewed herself as a weapon who sings on the battlefield.",kuudere
31b01f426c92233c,Meiko Rokudou,deredere/31b01f426c92233c.webp,"Due to her shy, and childish attitude she is a loner, so they are her most common company, she consider the creatures her friends rather than tools or pets, that's why the shikigami will protect her without a doubt; but whenever Meiko becomes distraught, her ""friends"" get out of control and destroy anything or anyone within their reach.On the other hand, every time she has lost, any shikigami, or they get harmed, she shows very sincere concern for them. Normally the 12 shikigami are under her control, unfortunately for all, Meiko is way too sensible, weak-willed and easily hurt, therefore the Shikigami are set on the loose very frequently. Although her immaturity disguises it, controlling the 12 shikigami requires a very high spiritual capacity, because as seen in the manga, a well-trained opponent could barely control 6 shikigami, while Meiko, without any kind of worry or training, controls 12 at the time easily.",deredere
c4c96aa028ac4950,Heiji Hattori,deredere/c4c96aa028ac4950.webp,"Even while solving a case, Heiji tends to be lighthearted and good-humored, preferring to work through it with a grin on his face. He is a big fan of baseball, and is most of the time shown wearing an Osaka cap, to support the local Osaka baseball team. Heiji is known for his pride as an Osaka citizen and for his thick Osakan accent, which has been pointed out and sometimes made fun numerous times. However, Heiji holds his head high and is always one to brag about the greatness of Osaka, especially when Conan comes to visit. Despite him knowing the value and necessity of remaining calm in the face of a crime, Heiji tends to be bad-tempered and impulsive at times, which tends to cloud his judgment a little. During the ""Detective Koushien"" case, when Saguru Hakuba accused Heiji of being a poor detective for disrupting a crime scene in his rush to see if the victim could still be saved. Heiji, however, solved the case in the end and reminded Saguru that the detective's first job is to prevent death if he can. He's also known to be extremely protective of those he values as close friends and tries hard to keep them out of harm. There were several instances where he'll tell Kazuha to stay out of cases, simply because he's afraid of her getting hurt.",deredere
4dac9560e3cdd7d5,Rui Tachibana,kuudere/4dac9560e3cdd7d5.webp,"At the beginning, Rui was aloof and emotionally reserved, often coming off as blunt and hard to read. Her cold demeanor and lone-wolf attitude made socializing difficult for her, and when she first appears at a mixer, she doesn’t make much effort to engage with others. Her early personality reflected her struggle to express emotions, and she often seemed indifferent to those around her. However, beneath this tough exterior, Rui is a deeply kind and caring person. Though it was hard for her to express her feelings at first, especially towards those she genuinely cared about, she proved to be extremely supportive, accepting others' flaws and desires, even if they conflicted with her own. She tends to bottle up her emotions, but as the story progresses, she learns to open up, and her warmth becomes more evident. Rui’s stoic and blunt personality hides a more playful side; she has a tendency to pout when things don’t go her way, a quirk that Natsuo finds endearing. Despite her usually composed demeanor, Rui is surprisingly easy to embarrass, especially when Natsuo teases her by listing all the things he finds cute about her in front of others. This causes her to become flustered and self-conscious. As the story progresses, Rui undergoes significant emotional growth.",kuudere
86265c7769e85185,Yuto Shinkai,kuudere/86265c7769e85185.webp,"According to Touichirou Izumida , Yuto's personality is somewhat similar to Hayato's in that he is aloof and self-confident. He also seems to like cute things, such as the mask he usually wears and shares his brother's habit of idly munching on food, especially dark chocolate bananas and Power Bars. He seems to have a competitive streak and likes to win. He also like to be acknowledged for his achievements, mainly due to the complex he acquired for being constantly compared to his brother and for being labeled as ""Hayato's little brother"" and not by his name. His anger at being labelled as his brother was vented to the point that he shifted to becoming a climber, the opposite style from his brother and participate of climber races in order to make himself recognized by his own efforts. He even went as far as not allowing anybody addressing him by his last name. Frustrated for not being able to get the results he did desire and not managing to shake off the reputation created by his brother that haunts him, Yuto treated his seniors at Hakone disrespectfully every time they talked to him, going as far as to break the phone from one of them.",kuudere
33f570bca41ff9bb,Iceland,tsundere/33f570bca41ff9bb.webp,"He appears relatively cool and composed on the surface but is warmer and passionate (""hot-blooded"") deep down. However, he doesn't show it because he's embarrassed and afraid of getting teased by it. It's the same for his accent. Iceland tries to hide his distinguishable accent and prefers to speak in English if he can. Rather than be called weird, he's widely known as aesthetic and very different compared to other European countries. Iceland appears calm, cool and doesn't talk much. He appears to be matured but is actually trying to hide his childish sides. He is a bit uninformed of the latest news since his house is separated from other countries but keeps up with American websites. He seems to be rather modest as, when forced to strip to check him for the mark during the 2010 Christmas Event , he was very upset and unwilling, and seemed somewhat traumatized by it the next day, despite that it was for a good cause. He's very fond of licorices and hot springs. Due to his recent financial problems, Russia has been helping him. Though he is treated kindly by him, he can't help but feel suspicious. When Hungary implements that he's one of the younger ones and can't be exposed to a sensitive ghost story, he simply denies that he's not one of them.",tsundere
e0537e5d33418876,Haruki Shiga,tsundere/e0537e5d33418876.webp,"At the start of the story, he is introverted, anti-social, and listless. He hardly portrayed any emotions in the first half of the story. As the story continues, however, it is shown that he is a coward and is afraid to have any relationships as he doesn't want him, and others to get hurt by his actions, but at the end of the story, he learns how to be more honest with his feelings. He seems kind and grateful to others. Throughout the story with the help of Sakura, he learns how to express himself and his emotions, and to open up to other people. He learns how to care for people, love and be loved by people. It is during this change where he starts revealing his true feelings for Sakura.",tsundere
8b80d0a77594577f,Marika Tachibana,deredere/8b80d0a77594577f.webp,"Marika is predominantly attracted to Raku Ichijō that she is bold enough to claim herself to be the most suitable girlfriend he can ever have. In fact, among the girls who are attracted to Raku, Marika is the most vocal and upfront as she does not hold second thoughts in her attempts to claim Raku for herself. She does her best to do anything that might appeal to Raku, noting her sheer dedication for him, even as a child, into shaping herself to what she conceives an ideal girl for Raku, putting aside the time that would have been spent for her treatment. All this, coupled with the frail physique she inherited and was born with, Marika always tries to keep her composure in front of her friends and only shows her frailty to her aide - Honda - or whenever nobody is around. Yet this would not yield her in doing something as bodacious such as sculpting Raku a huge chocolate statue in his likeness. However, in the face of her mother, Marika is shown to feel desperate and hopeless, obeying her mother's words to the letter even if it meant hurting the ones she holds dear. Despite this, however, Marika is usually shown in high-spirits, optimistic yet somewhat prideful. She is not afraid of making bold statements to herself and towards others and is rarely shown to lose composure.",deredere
1c4dcb1dbba3bda0,Eruna Ichinomiya,deredere/1c4dcb1dbba3bda0.webp,"Eruna is a high-tension, overly optimistic, and positive girl. She always tries her best in everything--as there is no word ""lose"" existing in her dictionary. She also likes to get praises and be spoiled if she does something well, since it can burn her spirit even more. She is also very cheerful and can easily get along with anyone, even with hard- to- approach people. She even admitted that she has a magnetic personality and has no problem with befriending anyone, although naturally it requires a bit of effort on her part. Eruna also likes to boast about herself, sometimes calls herself a bishoujo (美少女 lit. pretty girl), eat a lot of food without getting fat, give other people nicknames, and such. Although she is a bit noisy and quite an airhead, Eruna is not an arrogant person and in fact, she cares deeply about her friends. She can be pretty serious at times and keen regarding other people feelings. She also doesn't hesitate to lend a hand if someone needs her help, as she will help them unconditionally. Her primary interest is cute girls, due to the influence of galges that she used to play during her days in junior high. That's why she is prone to glomping girls and fantasizing about her relationship with them (and drooling in the process).",deredere
68d37cc3f3bd49dc,Tamaki Suou,deredere/68d37cc3f3bd49dc.webp,"Tamaki is credited as the co-founder and president of the Host Club. Although his outward manner would be best described as flamboyant, egotistical and dramatic he is, in fact, a young man dedicated to his studies, his friends, and his duties as a host. He is considered the ""Princely"" type, entertaining his female clients with upper-class etiquette and shameless flattery. He views the club as his ""family"" with himself as the father, Kyoya Ootori as the mother, Haruhi Fujioka as the daughter, Hikaru Hitachiin and Kaoru Hitachiin as the sons, and Mitsukuni ""Honey"" Haninozuka and Takashi ""Mori"" Morinozuka as the neighbors. As the main comic relief character of the series, Tamaki is portrayed as outspoken and naive for his age. Throughout the anime and manga series, his facial expressions are the most exaggerated. While celebrating romance in general, he is quite blind to his own feelings of romantic love towards Haruhi, of which the other Hosts are completely aware. Of all the Hosts, Tamaki's ""host"" personality differs the most from his true personality insofar that he is both poised and charming as a Host, but often bumbling and attention-seeking outside of that milieu.",deredere
25ca3b06ef46e0fe,Kuroha Shida,tsundere/25ca3b06ef46e0fe.webp,"Kuro always acts as a big sister to Sueharu and protects and takes care of him. There are moments where she wants to be spoiled, but her self-control is strong and she keeps it to herself and continues to act as a big sister. Unfortunately, Kuro has a dark side, being a very manipulative person, always thinking about the ends, no matter the means. She's also very self-centered, not realizing how her actions can hurt the people she loves, only thinking about herself. Kuro has a taste, so extraordinary no one could possibly understand it, usually applying weird seasoning on her food.",tsundere
d43c256905bd311e,Yasutomo Arakita,tsundere/d43c256905bd311e.webp,"During his middle school, Yasutomo was arrogant because of his incredible talent in the baseball club. He constantly bragged himself about his skills and looked down on the other members of the club. After the injury that hampered his baseball skills and for being mocked up by other members of the club, Yasutomo turned into a more explosive person on high school who tends to take out his frustrations on others, even by the simplest things. Eventually, Yasutomo met Juichi and started to practice in the Hakone's notorious bicycle club who gave him results from his training and matured him as a person. Although he still have a somewhat aggressive behavior and constantly externalizes it with his words, Yasutomo became more respectful towards his teammates and acknowledges someone's efforts and skills. He still has a competitive personality which he inherited from the baseball club and is usually doing his best in order to bring victory to him and his team overall. He can also use his nose to ""smell"" and analyze others, seeing if they are hardworkers, can slack off or even if they are prideful persons. Because of his straightfoward and shouty way to others, people end up fearing him or, in some cases, gradually growing some respect for him due to his skills and actions.",tsundere
784093589aaf6c17,Yue,kuudere/784093589aaf6c17.webp,"Yue's personality is greatly affected by Hajime. Yue always priorities the safety or happiness of Hajime above even her own. She is a pervert as she often bites Hajime to suck his blood and has no problem with seducing him while they were bathing, and sleeping while she was naked. Due to her undying love for Hajime, Yue declared that she only belongs to him as his property. She always obeys every single command Hajime gives her including killing those who are considered enemies. She always believe everything Hajime told her. As a sign of her undying love and loyalty for Hajime alone, Yue will never leave or betray Hajime as she claimed her loyalty is Hajime alone; as she will never listen to or believe anyone else who is delusional in their thinking of Hajime (such as Kouki Amanogawa and Freid Bagwa). From her undying loyalty and love for Hajime alone, she is quickly annoyed and disgusted by any other man who would try to flirt with her or insults Hajime in any way and looks down on them, such as David (the Templar Knights commander who she insulted by calling him a small man) and Kouki (Hajime's classmate who Yue criticizes for his delusional habits, his childish ideals and self-righteous ignorance).",kuudere
4556cb749764f3a0,Rukia Kuchiki,kuudere/4556cb749764f3a0.webp,"Initially born into a lower class, Rukia retains her modesty, even as an adopted member of the nobility. She is graceful and "" clean "", yet chooses to talk to ordinary people. However, her cool and lone demeanor often forces her to hide her personal troubles, even from her friends. According to Ukitake, Rukia never opens up her heart, and has difficulty making friends. Rukia is clueless about the ways of the modern Human World . She is very good at acting, having acted her way through a number of tough situations, such as getting out of trouble with school teachers and convincing the Kurosaki family to let her stay at their house. ㅤ Rukia always has trouble finding clothes that fit her, especially when inhabiting a Gigai in the Human World , leading to her stealing clothes from Ichigo's sister, Yuzu . She likes to climb to high places. Rukia likes everything rabbit-themed, and becomes quite sensitive when someone insults her obsession with them. People often have difficulty understanding her drawings, which are typically rabbit-like, and doesn't like it when people complain about their quality. Rukia's favorite foods are cucumber, eggs, and rice dumplings.",kuudere
9c8b2787381037df,Mythril Lid Pod,deredere/9c8b2787381037df.webp,"Mithril Lid Pod is a worker/ labor fairy. In the anime, his debut occurs when Ann sees him being stomped and beaten by his master for attempting to steal his wing-back. Ann comes to his aid as his owner torments him publicly, allowing him to escape. However, he refuses to thank her because she is human. He finds her later and decides to stay with her to pay his debt. Now free, he wears his torn wing around his neck. Stubborn, grumpy, and a bit touchy, he is nevertheless a person on whom his companions can count. He is also very energetic and talkative, which is not always to Shall 's liking. Unlike the latter, Mithril Lid Pod insists that Ann , and more generally, those who address him, use his full name. Originally from the giant lake of Loess, in the north of Highland, he was born from a drop of water; he can generate and manipulate small amounts of water. During the group's trip to Lewiston, he is accused by Cathy , Jonas 's fairy, of stealing |Ann's silver sugar. But it quickly turns out that it is a set-up. Later, he eats all of Jonas's stolen Silver Sugar, which embarrasses Jonas against the ruler of Highland. Mithril understands Ann’s growing feelings for Challe and supports their developing relationship.",deredere
1fc87c14bcc7ba7f,Melnes,kuudere/1fc87c14bcc7ba7f.webp,"Mernes appears to be a calm, quiet, and serious boy whose personality remains a high known intelligence. He is a taciturn and personable character in which he is a bit alien to the world and slow to catch up. Although he doesn't show his emotions through expressions, Kobeni can usually tell his feelings just by looking at him. He is shown to have good patience and control over himself most of the time and rarely shows any kind of reaction or emotion to his surroundings. Mernes has no communication skills and is very shy when surrounded by many people, even when he's with the Heavenly Kings tends to say very few words. When he was at the Assassin Guild he never spoke directly to his subordinates and let others to do it for him. Even so, Mernes wants to be more expressive and is open to ask help to do it.",kuudere
bc76d4ff0a38b623,Jonah Mar,kuudere/bc76d4ff0a38b623.webp,"Jonah tends to be quiet and rarely smiles, and it is unusual for him to laugh. His parents were killed in an attack on his village by its enemies who were armed with weapons sold by Kasper Hekmatyar , Koko's older brother, and he initially wanted revenge for this as well as for the treatment that he received from Kasper before he was recruited. Jonah's recruitment was not completely voluntary, as he exchanged his service in return for Kasper aiding three young orphans that he cares about. From his experiences with Kasper and one of his subordinates, Yusuf Gasud , Jonah developed an overall dislike of arms dealers and hatred of guns. However, his experiences with the squad and Koko have softened him somewhat. Kasper also noted two years later that it would be difficult for Jonah to abandon weapons as he had gotten so used to them. Jonah has a maturity beyond his years, having a tendency to largely keep his thoughts to himself and not openly complain. He has a fear of needles , which caused him to delay getting a bullet that had been lodged in his rear end for some time surgically removed until Koko had him to do so to avoid continually setting off metal detectors in airports.",kuudere
87f80d3ae6396d7d,Shinichi Kudou,deredere/87f80d3ae6396d7d.webp,"Shinichi is highly intelligent and was very intuitive and observant even from a young age. Due to the influence of his father and the general environment at home, he has long been an incessant and persistent reader, especially for mystery novels. His father, Yusaku started taking Shinichi to crime scenes as a child, which inspired him to be a detective. Shinichi is a calm and cooled person but sometimes acts cocky and due to his bluntness and matter-of-fact manner, He can appear as a rude and arrogant person; calling elders or classmates and friends ""idiots"". He can be sometimes selfish; some occassions he rushes to solve the cases by himself and leaves the Detective Boys behind, much to their frustration and disappointment due to them wanting to help. Despite his popularity with the masses and his schoolmates, Shinichi has very few close friends. He is close to Ran and Agasa , and after dealing, he befriended Heiji , Haibara , and to some extent the other Detective Boys . Another reason for his lack of close friends was because his arrogant personality was a negative turn-off to many of his classmates and even teachers, making it hard to befriend him. Instead of calmly explaining his reason for doing or not doing something, sometimes causing arguments between him and Ran.",deredere
6231e1837027f90e,Rintarou Suna,kuudere/6231e1837027f90e.webp,"Suna appears to be a deadpan, quiet person. He's more expressive with his thoughts, wishing he could find a reason to poke fun at Kita or make snarky remarks against Tsukishima and Tanaka . He's also quite analytical, being able to manipulate the opposing blockers and figuring out that Tsukishima was baiting him to shoot around his block. He tends to slack off when his team has a huge point lead and seems to be winning the game. However, he is shown to quickly get back on track when he is aware that Kita is observing him.",kuudere
d6d0a56ea1a711f7,Caesar Anthonio Zeppeli,kuudere/d6d0a56ea1a711f7.webp,"Caesar Zeppeli was a hot-blooded but focused man, dedicated to the fight against the Pillar Men . When he was young, Caesar and his siblings were seemingly abandoned by his father , making him a bitter and extremely violent delinquent. When he was saved by his father from the Pillar Men's trap at the cost of his life, Caesar changes his hate into great pride in his family name. Caesar reminisces the Zeppeli Family's deeds Caesar is introduced as an arrogant Ripple User looking down on Joseph Joestar's sub-par Ripple ability and missing no occasion to ridicule him and antagonize him in general. However, he reveals himself to be an honorable man, taking pride in his family's tradition of battling evil as well as wishing to avenge the death of his friend, Mark , at the hands of the Pillar Men. When Joseph reveals himself to be an honorable individual as well, their relationship considerably improves. In general, Caesar is respectful to his elders and superiors, most notably his master Lisa Lisa . When it comes to his peers, while he maintains at best shallow relations with those around him, when he truly cares for someone, it is true love, best evidenced by his relationship with Joseph (and pointed it by Messina ).",kuudere
33bf717ecd3350d4,Toua Tokuchi,kuudere/33bf717ecd3350d4.webp,"Tokuchi is usually seen as a laid-back, disrespectful person. He doesn't seem to be bothered by ordering around others or being trash talked to. He is very bold, as demonstrated when he creates an outrageous contract with the Lycaon's owner, Tsuneo Saikawa , and orders the Lycaon's manager, Yuuzaburou Mihara , to light his cigarette. He is also shown to have a somewhat kind personality when he agrees with Kojima that he had thrown a beanball, when in actuality Tokuchi had pitched in the strike zone and Kojima had stepped in the zone. After the act, he tells Kojima to take his bat and break his right arm, to which Kojima says that he never said he was going to break his arm and asks him to join the Lycaons. Tokuchi was called an 'outrageous rookie' for taking Yoshida out of the defense during the game against the Eagles . He is also not polite nor considerate enough to restrain himself from provoking his opponent. In fact, it seems to be a favorite tactic of his. He was also not scared to use any means necessary to get what he wanted; he intentionally pitched a dangerous ball to a batter to get ejected from the game with the Eagles. Tokuchi is also extremely perceptive and is accustomed to various ways of cheating and deceit involved in baseball.",kuudere
dee617d774604e72,Zessica Wong,deredere/dee617d774604e72.webp,"Zessica is a confident, cool and slightly arrogant girl. In the first episode, Zessica states that unification with girls is boring and wants to try it with boys, resulting in MIX and Suomi scolding and lecturing her on how ""impure"" that would be. She's interested in boys, as she alongside the rest of the female student body has been forbidden to interact with them. Regardless of the rules of not having romantic relationship with male students, she still pursues Amata and constantly flirts with him. She sometimes can be mean, and there's moments where she feels jealousy of Mikono, but nevertheless she supports everyone in battle and stays cool-headed and in control, at some point she even tries to advise Mikono into showing more skin to attract Amata's attention. Because of her powers, she wears skimpy clothing and isn't afraid to show her body, taking pleasure in teasing Amata by jumping onto him or rubbing her breasts onto him. She also does this to tease Mikono, knowing that it makes her jealous, as she challenges her to do something or else she'll try to take Amata for herself. However, Amata never reciprocates the flirting and instead tries to get her off him or ignores her in favor of Mikono.",deredere
26e58608ec4f5422,Nekoyashiki Yuki,tsundere/26e58608ec4f5422.webp,"Yuki is typically gentle when she's in a good mood, but can also be aloof and judgmental. She is very intelligent, and prefers to take things at her own pace. She also enjoys napping. She can control her feline instincts much better than Komugi, but there are times when they slip, like when it comes to her fear of water. Yuki can be grumpy at her worst and doesn't bother to rebuke anyone who questions her authority. However, she always makes it clear that she loves Mayu, and will do anything to keep her owner safe. Sometimes, she is so overprotective of Mayu that she would easily drive herself to the brink of humiliating Mayu publicly, but she rarely expresses her concern for her well-being wherever Mayu goes. However, she learns to open herself up after understanding that Mayu is capable of protecting her. Due to her feline instincts, she is more aggressive than the others when fighting a Garugaru. This prevents them from being purified properly. She prefers to work alone and initially rejects the other Pretty Cures' offers to help, as she warns them of the consequences she will inflict on them if their ongoing conflict with the Garugaru doesn't stop due to them being too inexperienced to protect life.",tsundere
2e9ce233ed9a180e,Kaoru Kaidou,tsundere/2e9ce233ed9a180e.webp,"Kaidō's nickname is ""Mamushi"", or the ""Viper,"" which fits him well. He wears a bandana while playing tennis (in the anime, it is orange until episode 12 when it changes to green almost permentanly (only in a few, recreational episodes does it change color) and often exhales making a ""fshuuuu"" sound, similar to a snake. Kaidō does not like it when his nickname isn't taken seriously, and often reacts badly when called that within earshot by someone he doesn't like, especially if the person uttering the nickname is Takeshi Momoshiro or Akira Kamio (he once even comes to try hitting Kamio during the Fudomine matches, placing Tezuka in a rather uncomfortable situation). Despite his tough personality, Kaidō does have a soft spot for animals, as seen when he attempts to play with Ryoma's cat Karupin and becomes depressed when he is rejected. It is shown in the sequel series, New Prince of Tennis, that Kaidō is actually terrified of ghosts (this may be due to the anime's portrayal of him). His soft spot for animals is further emphasized in the anime. In episodes 116-117, when he is on the way to the regional finals against Rikkai Dai , he leaps into a river to save a puppy. Kaidō trains rigorously, increasing the training program given to him by Inui to give him unbeatable endurance.",tsundere
a514781c1867d115,Ichirou Miyata,kuudere/a514781c1867d115.webp,"As a child, Miyata was extremely cheerful. He set his father as a role model and went to many of his matches, but after his father's defeat at the hands of Randy Boy Senior and subsequent retirement from boxing, Miyata became calm and serious. There are few instances in which he is seen smiling, such as after defeating Jimmy Sisphar and Randy Boy Junior , when Mr. Sakaguchi 's assault was posted in the newspaper and while sparring with Sendō . He is very stubborn, as evident in his refusal to move up to another weight class to ease the severity of his weight control, and when he didn't want to learn uppercuts to defeat Randy Boy Junior. However, he has his reasons for being stubborn, namely his promise to Ippo and his pride in his father's boxing. Miyata is also prideful and dislikes being disrespected, such as when Sendō playfully smacked him in the back of the head, Miyata threw a glove at him and told him to get in the ring. Miyata is shown to be snarky at times, as he sarcastically stated that he wouldn't be enough to take on Ippo, who never fought before, before their first spar began. He is particularly close to Takamura , Kimura and Ippo , but doesn't have many friends outside of his former gym mates.",kuudere
6437ff4875a4ea29,Megumi Kato,kuudere/6437ff4875a4ea29.webp,"Unlike Eriri Spencer Sawamura and Utaha Kasumigaoka , Megumi is portrayed as an ordinary girl with no distinctive character, and she is extremely normal; she is so plain that Tomoya Aki failed to realize that he was actually classmates with her. She is described as stealthy due to her lack of presence, and the others often forget that she is even in the same room. “Your character is dialed way down!"" It’s just because your character isn’t fleshed out! You’re unfinished ! That’s why you don’t stand out!” ― Tomoya Aki However, Megumi is a kind and soft-spoken girl who wants the best for others, and she constantly goes out of her way for Tomoya and the others to help in any way that she can. She knows little about otaku culture but never keeps Tomoya at arm's length and gives into his approaches from the start. She has strong ideas regarding friendship and feels easily slighted when they are violated. Her attitude towards Tomoya is often described as furatto ( フラット , ) and he is often the unfortunate target of snide, deadpan retorts from her. Despite this, her close relationship with Tomoya and the others brings out more of her than he first believes she is capable of showing.",kuudere
bc0bac77b4ab2c44,Asuna Yuuki,tsundere/bc0bac77b4ab2c44.webp,"Asuna is a kind and helpful young woman who, similarly to Kirito, cannot abandon another person in trouble. She takes the game very seriously and is determined to clear it before Kirito tells her to enjoy SAO a bit and relax. Asuna is also somewhat proud, and despite her kind personality, she will not hesitate to get physical with those who challenge her authority or make fun of her abilities, such as cooking. She even challenged Kirito to a duel after an argument over how to handle a Field Boss. She is not afraid to act on her own and will take matters into her own hands from time to time. At the beginning, Asuna originally did not care about dying in the game before meeting Kirito. Because her real life was mostly dictated by her mother and centered on doing what was expected of her, she became emotionally distant. She was not much of a gamer, was very clueless about how the game worked, and did not think much about using her real name as her character name. Her meeting with Kirito drastically changed Asuna’s personality and outlook on life. She grew to be more assertive and bold, soon taking most things Kirito said to heart and looking to him for help, using him as somewhat of a lifeline.",tsundere
b837f94961759f77,Rin Itoshi,kuudere/b837f94961759f77.webp,"As a child, Rin was quite naïve and admired his brother, Sae , desiring nothing more than to be a strong and impressive player like him. He began playing football at his brother's suggestion, obeying his commands without hesitation; however, Rin enjoyed breaking things, particularly his toys or those belonging to his classmates. While watching a superhero film, he was less interested in the primary hero and more fascinated by the final antagonist, believing that battling a more powerful foe and ultimately being defeated was impressive. He conveyed his wish to fight formidable foes, defeat them, and perish. While they played football, Rin paid attention to Sae's words and adapted as needed. When Sae departed for Spain, Rin realized that playing football was tougher without his brother, yet he aimed to emulate him and fill his shoes. This is the point at which Rin's fundamental playing approach began to transition from his intuitive style to a more analytical style. At first, he was an excellent team player and leader for his middle school squad, seeming to have a friendly relationship with several of his teammates. Nevertheless, because of his conflict with his brother, he has turned distant, curt, and excessively serious.",kuudere
eaaee3a8ac4349e4,Kaede Kagayama,kuudere/eaaee3a8ac4349e4.webp,"Despite to her delinquent appearance, Kaede is usually kind and friendly and has a soft side for Renge Miyauchi , although due to budget problems she can be desperate over earning money. When she was still a student at Asahigaoka Branch School , she often took care of Renge when she was a baby, and the two seem to still hold a close relationship, as Renge wears ribbons in her hair the same way Kaede used to do when she was younger.",kuudere
7defa0defe9d5b67,Serafall Leviathan,deredere/7defa0defe9d5b67.webp,"Unlike her serious younger sister, Serafall is cheerful, friendly, and possesses a childlike personality, which is evidenced when she addresses her sister as ""Sona-chan"" or ""So-tan"" and her close friends, such as Sirzechs , as ""Sirzechs-chan."" Adding to her childlike personality is the fact that most of her lines end with a star and her intense fascination with magical girls, which she took to cosplaying as a magical girl as a hobby and even auditioning in the human world for a live-action film adaptation of the Magical Girl Milky. While initially skeptical about having siblings, Serafall also has a deep sister complex, which she developed after Sona was born, as she excessively doted on her younger sister, and has a tendency to get her into embarrassing situations. Despite her childlike nature, Serafall can also be selfless and determined, as she joined the never-ending battle against Trihexa and resolved not to bid farewell to her beloved sister, as she is afraid of hesitating if she saw Sona cry.",deredere
4cff5b3763da0ded,Nao Tomori,tsundere/4cff5b3763da0ded.webp,"Nao, as part of the student council, is known to be a hardworking, smart, and capable girl; she is also narcissistic, self-righteous, short-tempered and a liar. Nao dislikes when other people fail to acknowledge her efforts. She is bold, straightforward and also loves eating food, especially roasted corn and meat, and she became a great influence on Yuu's personality as she was the one who helped him out to recover from his severe depression brought by his younger sister Ayumi's death. Due to her past, she claims to not trust anyone but Shunsuke (who isn't named at that point) however as time passes she grows to trust both fellow council members, especially Yuu though they still bicker, this trust grows to the point where she believes his claims of time travel and also entrust him with the protection of ability users willingly giving her ability to him. She is shown to be fond toward children such as Ayumi and Iori playing with them and visiting them whenever she can, she also blames herself for Ayumi's death showing which causes her to attempt to help Yuu recover from his severe depression.",tsundere
fafa90ed7c6b4f75,Stella Vermillion,tsundere/fafa90ed7c6b4f75.webp,"Stella initially appears to be feisty, hot-blooded, and quick to anger, possibly due to her sheltered upbringing, as she was shown arguing with Ikki after he accidentally walked in on her dressing and then stripping to make things even, even going as far as to want him to kill himself just to make up for it. However, later on, she is shown to be anything but bitter and is even willing to admit her mistakes and be friendly with others exhibiting bouts of childlike wonder and is easily excitable. Despite this, she is still reckless and impulsive and exhibits frequent bouts of jealousy when it comes to Ikki, especially when it comes to women as she wants to be the one who makes Ikki the happiest. Stella also dislikes being called a prodigy or a genius and holds contempt for anyone who views her natural abilities as being her lone source of strength, as she wants to prove that she is more than a just prodigy, and she desires to show her capabilities with a sword, as well. Stella holds a strong passion for her Vermillion Empire, viewing all the citizens as her family, and seeking knighthood so she can protect them all while proudly showing off her strength for her people.",tsundere
3e719b5eedbcb544,Cecilia,deredere/3e719b5eedbcb544.webp,"To the public, Cecilia is a dignified and refined saint. She is proper, empathetic, and quick to help those in need. However, when she's alone with Lawrence, she acts much more lazily, often loafing about and helping only when motivated. If someone walks in, she is able to switch back to her refined demeanor almost instantly, and can do the same in public out of habit. She is comfortable being herself around Lawrence because he accepts her the way she is, who she views as special. She has a crush on Lawrence, displaying protectiveness towards him, getting easily flustered around him, and becoming jealous of the four angels who try and attach themselves to him. Also, as a saint, Cecilia is very truthful and cannot tell a lie.",deredere
42fd286f675bf81a,Rin Shima,kuudere/42fd286f675bf81a.webp,"Rin is depicted as having a quiet and reserved personality; preferring to camp alone. Showing somewhat of an introvert characteristics, the exact opposite of her later best friend and fellow (apprentice) solo camper, Nadeshiko. However, she is actually a very caring and friendly girl, despite can be a worry wart. Rin is wanderlust and independent, traits that she earned from her parents and especially Grandfather. Despite her being socially inept at first, she eventually grew out of it and actively enjoy her time with her friends, although she retains her love for solo activity and independence. Rin is also not awkward for showing her emotions and also prone to comedic moments thus making her actually enjoyable and helpful to have around. Throughout Season 1 , Rin is seen slowly opening up to Nadeshiko Kagamihara and the rest of the Outdoors Activities Club members. While she completely dejects the idea and showing clear discomfort of interacting with people other than Ena Saitó, she starts to become a lot more friendly and accepting towards the club. Eventually befriending the entire group, this culminates in Rin agreeing to participate in the club's end of the year camping trip.",kuudere
0d22a6874709d4b5,Rin Kurenai,tsundere/0d22a6874709d4b5.webp,"Rin is an audacious and impulsive girl whose primary goal is to seek revenge against Eiji for being the reason behind her parents' deaths. She is willing to resort to any means to kill him, and persistently attempts to through violent procedures such as stabbing Eiji in the hand with her sword. Even after being subjugated under Eiji's Bind Dominator , Rin continues to try to kill him, stating that although she is to obey him, she will never allow him to control her heart. In addition, Rin is relatively ruthless towards others, as shown when she stabs Sena Hoshimiya , Eiji's stepsister, in order to insure that Eiji will do as she wishes. She also harms her comrades, without any consideration for them, so that she can accomplish her own goals. She also doesn't want anyone to kill Eiji.",tsundere
d3cbf16056441bd9,Reina Miyama,tsundere/d3cbf16056441bd9.webp,"Reina is a very sensible girl who often has to stop Mia from charging straight ahead. She may almost be considered too serious and tends to worry a lot due to her penchant for over-thinking matters. However, she is also very sensitive. While on the surface she appears to be cool and mature for her age, she hides a warm and passionate heart on the inside. She is very skeptical of Mia's confidence at first and is annoyed at her lack of respect, but later starts to respect Mia a little more after seeing her honest attitude and they soon became loyal friends. Reina also harbors a huge crush on Itsuki, often fawning over him.",tsundere
00049be5bca2ffd2,Kanon,deredere/00049be5bca2ffd2.webp,"Kanon is the first form of Non. She is the pinnacle of all Lovely Idols. She was born out of Non's extensive research and planning, as a result she exhibits traits such as being sweet and cute with a humble and shy nature, and using the word ちょぅ ""chō"" (meaning ""super"") a lot in her speech. Half of what she says is deceptive or used to flex, but the other half is genuine as Non really does love idols. Kanon's main purpose was to gather information about the competition and gather support for Triangle. Her catchphrase is ""Kano-pero!""",deredere
4afb80039758491d,Arisa Ichigaya,tsundere/4afb80039758491d.webp,"Arisa is an introvert whose hobbies include tending for bonsai plants and internet surfing. Even though she's basically a shut-in and admits to being lazy by nature, she still manages to achieve excellent results in school due to her intellect. She tends to be quite moody, and because of her sharp tongue and being hot headed, often gets into arguments with others (especially Kasumi). Usually, however, this is because she is unable to be honest with herself. She easily blushes and starts stammering when she gets complimented, especially by her fellow Poppin'Party members. She blushed very hard when Rei complimented her that she was the most talented in the music school Arisa attended when she was younger, and got so flustered she ran down the hallway. Though she denies it, she gets lonely easily. It was shown that in the past that Arisa was a loner who always did things by herself, and claimed not to need help from other people. However, after meeting Kasumi, she slowly started changing, showing more of her kind side and interacting with other people as well. Due to her grounded personality, the other members of the band often tease her on friendly terms, though it doesn't stop her from getting frustrated.",tsundere
e1f462df314dd8ff,Guri,deredere/e1f462df314dd8ff.webp,"Guri is an energetic, cheerful girl that tends to act on impulse. Although kind-hearted, she often causes trouble for those around her (mainly Seiji ) because of her antics, albeit unintentionally. As Cupid, her job is to use the Kiss Note to create new couples. However, because of her love of BL manga, she mostly creates same-sex male couples for her own amusement. Though she didn't initially understand what love was, she finds herself falling in love with Seiji as the series progresses. Although her feelings are so far unrequited (while Seiji cares about her, he only sees her as a friend), she is not deterred and continues to try to make Seiji her own. While she often acts like an airhead, she is fairly insightful as shown when she deduces that Shikimi isn't really evil, but rather misguided and hurt due to her childhood experiences. She is also shown to be forgiving as she forgives Shikimi for manipulating her and offers her a chance to turn to the light.",deredere
3e0add239614044b,Cecile von Spitzweg,deredere/3e0add239614044b.webp,"Lady Cäcilie is a very loving person, earning herself the nickname ""Huntress of Love"", even though she was the one who referred to herself as such. Although initially, Cäcilie seems to be rather airheaded and gets flirty sometimes, she is actually very astute and intelligent. She seems to be very cheerful and gets excited easily. She is also able to control situations effectively. Because of her beauty, many men ask for her hand. Sometime before, when Wolfram was still a baby, Cäcilie joked about letting the baby choose who will be his next father among those who would like to marry her. She often goes around meeting acquaintances in a quest to search for love. Despite this habit of hers, she is a very caring person, especially to her sons. She gets worried about them and gets melancholic when they get hurt.",deredere
89bf2b2c619c8e04,Nishikata,tsundere/89bf2b2c619c8e04.webp,"Initially, Nishikata is shown to be a boy who often blushes and gets easily embarrassed, especially when he is teased at school by his friend, Takagi. He is, at times, shy around Takagi, especially when she brings up topics regarding love and romance. Despite the constant teasing and embarrassment, he does not give up on his main goal, which is getting back at Takagi and claiming victory in one of their many competitions. Though Nishikata is determined on his goal to get his revenge on Takagi, he has failed nearly all of their competitions. He takes his defeats quite seriously and honors his own promise in punishing himself, as shown when he decides to start doing 3 push-ups (10 push-ups in the manga) every time Takagi teases him as a way to punish and motivate himself. He is seen to be very strategic when planning against Takagi, often planning several days in advance. In general, Nishikata is a nervous, agitated, anxious, jumpy, and an easily fooled person who overthinks his actions towards Takagi and the other students and teachers. As seen in both the manga and anime, Nishikata spends almost every waking moment planning and devising ways to get revenge on Takagi, to the point that he can neglect his lessons and studies.",tsundere
6edfbe3e8077ab7f,Misaka Sisters,kuudere/6edfbe3e8077ab7f.webp,"The clones’ personalities are different from their original, Mikoto. Due to the clones' emotions being suppressed, as they are unnecessary to the experiment, one would deduce that they are emotionless, as their expressions often remain the same, though they are in fact not emotionless and can still feel emotions even if they do not understand them. Because of their suppressed emotions, the clones talk in the third person narrative, describing themselves after finishing a sentence. Initially thinking little of themselves as individuals, and not even identifying themselves as human, the clones later begin developing a sense of self and individuality after the termination of the project. For example, due to sharing the same memories, every single clone falls in love with Touma after he saves a single one of them from Accelerator. They also try to gain the upper hand in regards to him, such as dieting, and giving him gifts.",kuudere
4e600d61fb086c5c,Mutsu,kuudere/4e600d61fb086c5c.webp,"Although she works for Sakamoto, Mutsu is the opposite of him in terms of personality, acting as the real leader of the Kaientai. She is usually calm, collected, and serious. In the Renho Arc, however, she got angry when Sakamoto had been playing Uno instead of thinking of an actual plan to save Earth. She strongly followed what Sakamoto preaches: ""Never let your eyes off your duty."" - When her own leader got captured, she ensured the safety of the ship's guests before proceeding to help him, even if it meant to kill him.",kuudere
3d0f9faf832b9ce8,Shintarou Midorima,kuudere/3d0f9faf832b9ce8.webp,"Midorima with his lucky item Midorima is usually very reserved. He feels no need for fooling around, although Takao tries to persuade him many times (often ending up with him annoying Midorima). Acting kind to opponents is very hard for him, while his friend Takao has no problem with that. Very confident in his abilities, he often acts high and mighty around others (mostly his teammates). He strongly believes in the Oha Asa horoscopes and is set at ease when he hears that his zodiac sign, Cancer, will have a lucky day, even going as far as carrying a so-called ""lucky item"" with him everywhere. He also believes in blood types compatibility, as shown when he said Kuroko's blood type A and his blood type B don't get along. His motto is ""Man proposes, God disposes"", which means doing your best and fate will decide the rest. Takao once commented on his preparation for matches, ranging from filling his nails, taping his fingers, listening to the Oha Asa horoscopes, and carrying his lucky item of the day accordingly, as some sort of obsession. Likewise, his belief in guaranteed fate/luck in his overall approach leads him to be a rather calculating-and-analytical person in general.",kuudere
9608147f2a39de8e,Loretta Cristiano Amodio,tsundere/9608147f2a39de8e.webp,"As family head Loretta can be calm, professional and stubborn under pressure. Despite the losses to the Cristiano Family she refuses to be intimidated. When not on duty she acts closer to her age, flustering at being called a child and showing a more temperamental side. Loretta is close to all her people and is generally informal among family, accompanying orders with childish gestures like flicking a subordinate's forehead and calling them affectionate nicknames like ""big brother"". Nonetheless, she takes her responsibilities very seriously.",tsundere
24574aee054ca20b,Nadia,deredere/24574aee054ca20b.webp,"Nadia is a kind and polite individual, greeting visitors with a soft smile. She has a habit of reminding people that she is an old model. Nadia displays extreme dedication towards Andrew, a man she loves, and gets flustered when thinking about, as she patiently waits for his return and believes in him completely. She is a bit oblivious about short human lifespans though, thinking that Andrew would return even after 200 years.",deredere
5413a4b5cd42f621,Evangeline A.K. McDowell,tsundere/5413a4b5cd42f621.webp,"After the success of various harem series such as Love Hina , Ken Akamatsu stated that he wished to create a different kind of series through Negima. The series initially appeared like another unconventional harem manga, despite changing the male protagonist to a child and creating a large, varied cast. The active introduction of the vampiress Evangeline changed the series into something different. The second character noted for her uniqueness in the class (the first being Chachamaru ), she created a more supernatural aura to the world of Mahora Academy outside the child teacher. Starting from her battle with the protagonist, she forced him to become more active and open about his abilities as his first major obstacle. Evangeline's character parallels Negi in various ways. She is the oldest student at over 600 years of age, yet she appears in age similar to Negi. Similarly, she is one of the few fully Caucasian characters, besides the teacher. Finally, they both come from the magic world with some past connection to the Thousand Master. Initially Akamatsu imagined her wearing a witch's hat even in class, but dropped it early on (the only time she does wear the hat in continuity is during her initial campus raids).",tsundere
f14591d3c778f8b9,Anko Uehara,tsundere/f14591d3c778f8b9.webp,"Anko is a brash and rude kid. She is a bully, often threatening and hazing Yoshikawa. She is also shown to be a spoiled kid, abusing her parent's positions to get away from trouble. She mellows down as the story went on, even reporting Aizawa's plot. In Episode 39, it was revealed that Anko was once a bully victim who was bullied by her own brother Yuichi when they were children in the past and was the one who witnessed her father who strictly scolds her brother for his lackluster grades, leading her brother to bully her by snapping her doll's neck as a way for blaming her for his troubles. Her brother's bullying had led her to become a bully. As the manga progresses, she has seemingly dropped her brash attitude, most definitely when Yoshikawa is around.",tsundere
66e41fe2a7579381,Yuri Tsukikage,kuudere/66e41fe2a7579381.webp,"Yuri is calm and composed, well known for her cool attitude and her frequently chart-topping exam scores at school. She cares for little and is initially cold towards Tsubomi and Erika. After losing Cologne, she became quiet and withdrawn, fearful of causing others to feel burdened by her or risk losing someone else she cherishes. She believed it would be impossible for her to become a Pretty Cure again and was deeply saddened. Before this happened, she was shown to be overly confident and bold. She wouldn't listen to Cologne when she believed she didn't need a partner for help until Cologne died for her. Her true personality is one of contentment and maturity. She can be stubborn when she sets her mind to something but begins to open up as she spends more time with the group. She shows a more friendly side to herself by this point. Although generally mature, she can sometimes be oblivious to other's romantic feelings for her.",kuudere
a353e51b0507fea9,Kaguya Shinomiya,kuudere/a353e51b0507fea9.webp,"Kaguya was a very cold and rational individual, but she slowly changed after joining the student council. During her earlier days in council, she considered Miyuki Shirogane as one she would be fine to be in a relationship with if, and only if , he confesses first, thus she constantly plays mind games in trying to get him to confess. Later in the series, her actions imply that she is starting to accept her feelings of liking Miyuki, but won't openly admit it. Due to being part of a wealthy and important family, Kaguya is sometimes seen arrogant and is very confident about her intelligence and incredible skills. However this is only an image she displays on the outside. Deep down she is always accompanied with an immense pressure for accomplishing her family's expectations, feeling desperate to do things her friends are able to do on a daily basis. While she is a genuinely selfless and kind person at heart, given the unhealthy environment she grew up in, she doesn't consider herself a good person and as such, has a longing for true kindness that borders on obsession which she found in Miyuki. She cares about the members of the student council and considers them as treasured friends. Kaguya has a bad habit of immediately turning to money to solve her problems.",kuudere
dd84c3a1255ec9cd,Ledo,kuudere/dd84c3a1255ec9cd.webp,"Ledo is a very wary person, as shown during the first few episodes. He is also very intelligent and knows how to examine his surroundings with great detail. This ability is augmented when teaming up with Chamber . He appears not to know anything apart from war and battle, and thus his social skills are extremely low if not zero. He also is willing to kill anything or anyone as long as it is a hostile and if it's within his orders. His coldness towards human life may be attributed the fact that he fights aliens instead of humans and that he was not informed on any kind of ethics or moral code at all. Therefore, the system on Gargantia where killing even an enemy is a bad thing confused him and Chamber at first. As the series progresses, however, his emotions start to come out. The point where he started questioning his orders was when he had viewed as ancient record device from the ancient past. From it he learned that the Hideauze were really humans designed to adapt to outer space.",kuudere
6890aaa487d1f135,Yuki Rurikawa,tsundere/6890aaa487d1f135.webp,"Yuki is a person with a sharp tongue, and he is not afraid to speak his mind, but he is not essentially mean-spirited. He has little respect for those older than him and doesn't mind getting into an argument if he deems it necessary. This is a character trait Yuki got after people often commented negatively about his preference in looks and taste. To defend himself, he became someone who would stand up against such bullying. However, he would never mock someone for something they like or their ability and is actually a very tolerant and headstrong person who supports his comrades even in dire times. He also takes great pride in his sewing and designing skills.",tsundere
71419080e82f8592,Ferryl Ookami,tsundere/71419080e82f8592.webp,"Ferryl used to have a complex about her height, but upon learning she became big because she was giving her coat to her sister, she actually started to be proud of her height. She really loves her sister and is ready to do anything for her, thus she often accepts and do what her sister wants as she can't bear the thought of Ranka hating her. She also began to develop feelings towards Gigas Terano due to his ferocity and size.",tsundere
f385f49b60071a7c,Kleethe Rutherford / Sylph,kuudere/f385f49b60071a7c.webp,"Initially, Kleene is shown to be a rather emotionless person, barely displaying any emotion on her face beyond a passive, neutral expression. Her only changes in expression came from when she is surprised and her eyes widen more than usual. Other than that, any other emotions are shown through the digital hairpins she wears on her head. Despite this, Kleene appears to be dedicated to her role as one of the Element 4 and takes it seriously, preferring to be called her code name as opposed to her real name. Because of the trauma of seeing her brother mutilated, Kleene developed a unique disorder that causes her to break down after high emotional events. Thus she wears a pair of digital hairpins that suppress her emotions, activating in events such as her becoming hysterical at the thought of Drakken absorbing her for failing. Despite her outward feelings being suppressed, Kleene is shown to be quite an emotional and easygoing young lady. She has a caring side to her, especially with regards to her brother, as she left with Jinn when he walked away after seeing Fie cut off Weisz's arm.",kuudere
15dc9eba48cebc55,Gintoki Sakata,tsundere/15dc9eba48cebc55.webp,"Gintoki is extremely lazy. He is often seen wearing a dumb expression on his face and spends his days lounging around reading Shounen Jump while imparting wise and sage-like advice to his younger employees, even though he doesn't actually know what he's talking about most of the time. Due to his poverty and unwillingness to do mostly anything, he is always behind on his rent and often runs away when Otose, his landlady, comes to collect the payment. He often blows all of his savings on Pachinko and other gambling games, which Shinpachi and Kagura often scold him for. However, even though he is lazy, Gintoki is quite dedicated to his job and tries to help people to the best of his abilities (usually in a very strange and twisted way). He is sarcastic and unattached but he values connections more than anything in the series. For the most part, Gintoki is content with hanging out with his friends. However, different aspects of his personality emerge depending on the situation. In the more comedic arcs, he is characterized as cowardly and sarcastic, but in serious arcs, he is unwavering and will die for someone who he cares about. He very much enjoys joking, being passionate, and arguing about stupid stuff so he and his friends at the end of the day can have a good laugh.",tsundere
fab4886602c2d4e4,Yuu Akeuchi,deredere/fab4886602c2d4e4.webp,"Possessing superhuman physical abilities, Yu has an abysmal optimism and a bright personality, and she instantly melts away the anxiety and tension of the shy Umika. On the other hand, she tends to hate steady effort and study and sometimes goes to bed while talking fast during class. With her natural cheerfulness and energy, she can easily open up to her new classmates. Due to a spaceship malfunction, she crash-landed on Earth, and when she noticed, she was in an abandoned lighthouse with her high school student notebook in her hand. She possesses a diary written in cosmic language, which is currently the only clue to her memory. Currently, she uses the abandoned lighthouse where she woke up as a cemetery. After becoming friends with Umika, she has been working hard to make rockets with her.",deredere
2fd812533bcd8a81,Misha,deredere/2fd812533bcd8a81.webp,"She speaks like a small child, ending almost all of her sentences with ""su"", a shortened form of ""desu"", and tries her very best to make everybody around her happy; consequentially making matters much worse. She moved in next door to Kotarou and has always been very hyper and outgoing around him. She is happy and optimistic, and has always managed to keep a smile on her face despite feeling unhappy. Often, Misha will try to use some of the magic that she's received from heaven in order to help Kotarou, but her attempts, while done with no ill-intentions, do not go according to plan.",deredere
91eedb411748e814,Ochako Uraraka,deredere/91eedb411748e814.webp,"Other students have described Ochaco as ""the most laid-back girl"" in her class, being very bubbly and was once kind of an airhead sometimes. She is often incredibly blunt without being aware of it. Similar to Izuku Midoriya , Ochaco's reactions tend to be exaggerated and humorous: she often becomes amused at certain personality traits and quirks others exhibit, bursting into laughter at times, which she tries to suppress. Ochaco is a warm, cute, lively individual who thinks about everything positively, though she is objective enough to see flaws and virtues. She is generally empathetic and friendly to those she meets, and she will try to help or defend anyone who is kind to her or needs assistance. Ochaco is very good at reading people, understanding the reasons for Izuku and Katsuki Bakugo 's rivalry, and being the first to notice when the usually collected Tsuyu Asui was upset. Her empathy and kindness are also seen in how well she gets along with her classmates. She is on good terms with everyone and is particularly close friends with several class members, including Izuku, Tenya Ida , Tsuyu, etc.",deredere
a0131394f67769ce,Hinagiku Katsura,tsundere/a0131394f67769ce.webp,"Hinagiku is 15 years old at the beginning of the series, though she turns 16 with the passage of time. Hinagiku is very capable in everything . It seems that whatever she turns her hand to, she will excel at it. For example, she was able to sing a song to near perfection and enamors the crowd in the process during her birthday - although she had never heard the song before (See ""Her birthday"" section below). Hinagiku is an expert with swords and is very skillful in kendo (She is the president of the kendo club). The manga also depicts her as masterful in fighting, demon slaying, and among many other skills. She is also the president of the student council of the prestigious Hakuo Academy, the academy for the very wealthy and smart people. Despite not being a senior or the most wealthy student, she was elected as president of the student council. She is deeply respected by both her juniors and seniors. In addition to all of that, Hinagiku is admired by many male and female students (due to her beauty and her quality to excel in almost everything). Thus, she is seen and adored as a school idol in Hakuo Academy.",tsundere
e98573e1dc90f17e,Rinko Yamato,deredere/e98573e1dc90f17e.webp,"Yamato is a kind & sweet girl who seems to have strange taste in men, as she immediately fell in love with Takeo Gouda (both his personality and his appearance). She's kind and she doesn't feel right if someone does something for her, but she isn't allowed to return the favor. Despite that, she's shown to be clever, as she purposefully left her phone in Takeo's room when she went to visit him so she would have a chance to see him again. She always has her heart beating fast when she's around Takeo, and she wants him to feel the same way, but her plans don't always work out. This made her feel like she isn't as innocent as Takeo thinks she is, but she admired his muscles and she wants to hold hands, hug, and do other stuff with him. She's also patient and understanding, as she understands Takeo's relationship with Makoto Sunakawa was important to him and she even invites him to some of their dates and group dates so he doesn't feel left out. She even offered to match him up with one of her friends.",deredere
5c965b9057becd5c,Shirabe Tsukuyomi,kuudere/5c965b9057becd5c.webp,"She always seems to be thinking to herself when it comes to events of recent and claims to not be good at talking to other people, and as such prefers to stick by the sides of people she has personally known for a long time. This isn't to say she's incapable of emotion though, as she has shown tendencies of being disgusted or shocked by over-the-top brutalities and needless death. Aside that, she's always happy to spend time with her friends and allies, even if her personality and frequent lack of a smile say otherwise. Shirabe has a cynical side, believing that individuals like Hibiki are primarily motivated via self-interest and is quick to believe such people as hypocrites, a practice of which she greatly despises. Out of all the protagonists, Shirabe proves the most passionate and dedicated to the mission and task at hand. She'll always prioritize her orders even if they act against what would be a benefit to her and her allies, like how she took Kirika away to return to home base despite attempting to win Chris ' Ichaival relic in a singing competition, an act of which shows how much trust she puts in her superiors. Said loyalty also proves to be very selective, clearly made by her decision to stick with Nastassja despite her declining health rather than listening to Dr.",kuudere
c2b14699c10a3553,Wakasa,deredere/c2b14699c10a3553.webp,"Wasaka is carefree and not shy about letting himself be spoiled by Tatsumi 's kindness. He does not know much about human society and is very impressionable. He is very huggy and doesn't mind pulling Tatsumi into the tub to bathe with him, or hugging onto him whenever he's sitting too close to the tub for too long. Wakasa also loves eating hamburgers and when Tatsumi mentioned a possibility of switching from hamburger meat to tofu to save on expenses, he was devastated.",deredere
1cde41f4dbbe9c75,Miya Tachibana,deredere/1cde41f4dbbe9c75.webp,"She is a playful girl, and tends to call her brother ""Nii-Nii"" which sometimes annoys Junichi secretly. She tends to be jealous when her brother is with another girl, with the exceptions of Sae , Ai and Rihoko , who are her close friends. She was always seen walking home with Sae and Ai. She also has a habit of teasing Sae when it comes to Sae's breast. Her favorite food are meat buns. She is shown to care a lot about her brother as seen in episode 26 where it is implied that she is concerned as to why her brother does not have a girlfriend",deredere
3db7945c5164eff4,Chisato Chikaishi,tsundere/3db7945c5164eff4.webp,"Chisato has a studious, prudent, and overall caring personality. However, she will resort to violence when facing extremely unpleasant situations (mostly perverted). When it comes to Kazuya, Chisato is shown to always be harsh, if not sometimes violent, towards him but only because she cares for him. She is also shown to be simple and rather modest, such as how she created an Amasogi that was born from a simple desire to come over to Kazuya's house to study with him, and was satisfied when Kazuya invited her, dispelling her Amasogi.",tsundere
7474bb932e2766f3,Chiyo Yanaoka,tsundere/7474bb932e2766f3.webp,"Despite her origins from a notorious Yakuza family, Chiyo is usually a very calm, kind-hearted and collected individual. She is frequently seen to act as a mediator in serious and threatening scenarios, opting to use words and logic over direct violence. She is quite responsible, and some characters in the manga greatly look up to her because of this trait, even those who are several years her senior. Chiyo is very friendly towards others and is seen to get along with many characters throughout the series, even if she is not particularly close with them, for example mutual friends of Kuroko and Hinako. However, Chiyo is also seen to quickly lose her temper when provoked. In spite of their romantic relationship, Chiyo will often sternly reprimand Kuroko when irritated with her sometimes careless actions, usually by harsh physical means. She does not hesitate to put her swordsman skills to use if she deems it necessary, such as when she invaded into enemy territory to retrieve Kuroko during the Virginal Rose Arc.",tsundere
4bb1d68464b088a0,Nina Iseri,tsundere/4bb1d68464b088a0.webp,"Nina comes from a small country town where she had a strict family upbringing. Due to her coming from a country town, she is often referred to as a ""country bumpkin"" and related terms from Momoka Kawaragi . She is also a high school drop-out. Nina is a temperamental girl who is prone to mood swings. She's extremely stubborn and has difficulty regulating her emotions. This is likely due to her young age, low level of maturity, and her sensitive level of emotional intelligence. In the show, her feelings manifest into a stream of color wafting off of her. There will be times - such as the time near the end of Episode 7, she will run away from her group or from certain situations without a proper or reasonable explanation. She has an older sister, Suzune . In episode 8, she writes a letter to her father, Muneo thanking him for taking care of her and how she will manage her own. By doing this, she requests her father to stop sending her any money and that she will be returning her bank book. In a step to manage herself independently, she would get her first job working in the same restaurant that Rupa and Tomo work at.",tsundere
a31845686d7f4c93,Sora Sohma,deredere/a31845686d7f4c93.webp,"Whereas her appearance takes more after Rin, her personality takes after Haru more in some aspects: such as saying oddball things (”take a deep breath of the fresh air - it’s delicious”), lightly teasing others (asking Sawa Mitoma if she called Riku aside for a love confession) and for suddenly sticking her arms straight out in a ""T-Pose"" when she sees someone she likes. Sora has an extremely energetic, cheerful, happy and overall friendly personality in contrast to her serious brother. She is also very social and has no problem striking up a conversation with strangers and befriend people. She becomes familiar with people rather quickly, as she began referring Sawa to ""Sawacchi"" during their first meetings. Similarly, Sora has a fondness of creating ""cute"" nicknames for people, such as ""Haa-kun"" for Hajime and ""Muu-kun"" for Mutsuki. Additionally, she refers to herself in the third person, which gives the impression that she is cute and childish. Sora is a very air-headed girl who sometimes has little awareness of her surroundings. She is bad at studying and claims it is her dream to complete high-school without failing her classes. Despite that, she always gives her best, is determined, and works her hardest to succeed.",deredere
443eda833db473ca,Ruby,deredere/443eda833db473ca.webp,"According to the official website, Ruby is depicted as polite and tidy who loves to watch the cherry blossoms bloom. In Jewelpet , Ruby is very air-headed, joyful, brash, happy and a big troublemaker, who sometimes wants to go her own way, despite being told to stop at one place. She also acts like a little sister to her partner Rinko Kougyoku , but sometimes has a hard time handling her antics. Despite all of this, she and Rinko always settle their differences and help each other out. In Jewelpet Twinkle☆ , Ruby is a supportive type for the series' human protagonist, Akari Sakura . She is a curious and cheerful character who thinks positively. She also acts as Labra 's older sister. Even when in the harshest of situations, Ruby would do anything to help Akari and never leave her alone. Unlike the first and later series, she has a really kind and sweet personality, contrasting her dumb and airheaded characteristic.",deredere
d9705f34c905c396,Shizuka Minamoto,deredere/d9705f34c905c396.webp,"Shizuka is a smart and kind neighbourhood girl. She is, unlike Nobita, a quick-witted and very studious child. Shizuka loves to bathe and does it several times a day. Unlike Nobita , Suneo , and Gian , she is not a fan of video games for the most part. She cares for weaker people, abused animals and neglected dolls. She wishes to be a nurse or an air-hostess when she grows up. Both jobs reflect her kind nature. Shizuka loves her dolls a lot, to the extent that she loves them more than her own friends. She once freed a little bird from a bundle of strings it got caught in. She also cares deeply for the Grandfather Tree. When she was unable to save the Grandfather Tree, she was devastated but later felt relieved when she saw a little sprout from the Grandfather Tree stump. In one episode, Doraemon, Nobita, and Shizuka put her dolls in Nobita's race cars and started racing. Nobita's car crashed and the doll fell out, and she began to cry and get angry at him. But when she sees Nobita doing the right thing or a good thing for others, it would be enough to make her genuinely forgive Nobita. She is known to love cartoons, especially the ones which save people ( Magical Girl Shizu-chan ).",deredere
0e11e3897ce33b03,E.M. Pino,deredere/0e11e3897ce33b03.webp,"Pino appears to have a rather indifferent expression with an indifferent personality, she also seems to be rather laid back about certain situations such as when Shiki wants to be her friend, which was uncertain at first but allows it. She also can feel emotions at times such as fear of angering Sibir and even runs off to him. She also is self-aware to express her inability of performing tasks such as dancing. Though she does seem to be rather defensive and disobedient of any orders received when it comes to her memories of her master. Pino wishes to someday become human.",deredere
9bcf36abb2ef07ef,Mio Aoyama,tsundere/9bcf36abb2ef07ef.webp,"Mio's introduction into the series characterizes her immediately as an arrogant character who looks down upon other individuals as ""commoners."" She is abusive to both Keima and Morita . Mio's original life. As the only daughter of the prestigious president of the Aoyama Corporation, she was always told by her father to live her life with pride. Unfortunately, after the president's untimely death and the Aoyama family's fall from grace, Mio misinterprets his words as instruction to continue living as if she was rich, causing her to recklessly waste what little money she has and act as if she is still wealthy in public. Additionally, she does not burn incense for her father, when it is traditional in Japanese culture to do so to respect the dead as she feels that she should stop act rich and pay her respects, her father would truly be gone. Keima succeeds in having her realize that her father really wanted her to be happy, no matter the circumstances. Later, she is shown wearing normal shoes instead of platform boots, in addition to using change, which she had previously refused to learn how to use on the basis of acting rich. Keima, in Yui 's body, later encounters her working in a bakery, trying to help her mother.",tsundere
f72ee48cc8a29b90,Minami Shimada,tsundere/f72ee48cc8a29b90.webp,"Minami initially appears outspoken but she is actually a shy and kind girl, while being self-conscious of her appearance. It should be noted that his attitude towards Akihisa is less hostile than at the beginning. She is very stingy and sensitive on the topic of her flat chest and is prone to being physically violent towards Akihisa whenever he makes a remark about her physique by applying several wrestling moves (i.e. the Figure Four Lock) on him as retaliation. It goes to an extreme when Miharu remarks on how Akihisa treats her like a guy, which brings Minami to tears and running out of the classroom upon the words used. However, when she learns that Akihisa finds these traits of hers to be attractive, she falls deeper in love with him and is no longer angry over how he treats her. When Minami first attended, she exhibited difficulty in breaking through the language barrier due to being a foreign exchange student. It gets worse when she repeats an insult that Miharu used on two boys earlier to a group of students, unintentionally offending them and leaving a bad first impression. She even gets angry with Akihisa due to him speaking a completely different language that was not German and believing that he was mocking her.",tsundere
98152fb42cbce5cf,Chizuru Ikeda,kuudere/98152fb42cbce5cf.webp,"Initially, Chizuru is showed to be a cold and taciturn person, pretty much the opposite of Chitose Ikeda 's nice and cuddly nature. Her distant personality causes other people to feel intimidated and uneasy around her, resulting in her not having a lot of friends. A thing both Ikeda sisters have in common is their ability to fantasize on Yuri pairings should they take off their glasses. However, unlike Chitose, Chizuru fantasizes on the Ayano Sugiura / Chitose Ikeda pairing and shares a strong dislike for Kyōko Toshinō , thinking of her as a barrier to her fantasies. Also, unlike Chitose's nose bleeding, she drools instead. During Season 3, her personality changes progressively throughout time; after a promise made to Kaede Furutani , she is currently working to smile more often and her personality generally softened around people, something which usually only happened when she was at home with her sister.",kuudere
338369ac9ad2c437,Ayaka Sajyou,kuudere/338369ac9ad2c437.webp,"Ayaka is an individual sharing the name and appearance of magus Ayaka Sajyou of the Clock Tower . The differences include Ayaka having blonde hair instead of the Clock Tower Ayaka's brunette hair, and her name being rendered in katakana and western name order rather than the Clock Tower Ayaka's name being rendered in kanji and eastern name order . Initially thought to be the same person, research done by Lord El-Melloi II , Clock Tower Ayaka's teacher, and the organization overseeing the War , shows them to be different individuals. Ayaka initially believed that she was a student who moved to Fuyuki's Shinto in the beginning of spring shortly after turning twenty, renting room 2 on the eleventh floor of Semina Apartments . There was a family suicide during the fall, and she went missing a month later. Although the police were asked to start an investigation, it turned up nothing, Kaede Makidera claiming that ""Person A"" as she became known only went on a journey of self-discovery and that she will come back when she becomes stronger. The story later became told as a ghost story by Ayako Mitsuzuri with an unknown amount of embellishment.",kuudere
b8d981d5408531c4,Mako Makanshoku,deredere/b8d981d5408531c4.webp,"Mako is a hyperactive, carefree and loving girl who seems to cling to anyone she befriends, emphasized by how she becomes inseparable from Ryūko very quickly. She is also quite lazy, as shown in how she goes to sleep as soon as class begins, humorously clashing with her hyperactivity . Mako is quite fearless and has scarcely shown to be intimidated in potentially threatening situations. She also has respect for the authority figures of the school but will voice her opinion about topics such as how Ira Gamagōri should wear pajamas in bed instead of sleeping nude. If Mako is properly motivated, she is capable of working hard and productively. During her time as president of the Fight Club, she showed a high level of competence and professionalism, as well as the ability to do complex papers and work. Having been poor for her whole life, Mako and her family tend to obsess about wealth. This trait was, at one point, even pushed so far that it caused her to turn against Ryūko temporarily, the latter trying to stop her greed. Like the rest of her family, Mako has an obsessive love for food.",deredere
966737ebd1c23fa1,Ram,tsundere/966737ebd1c23fa1.webp,"Ram is seemingly self-centered, sardonic, and does things at her own pace. However, in actuality, she maintains a distance from people to ascertain them. She is slightly more outgoing in comparison to the generally taciturn Rem, who generally allows Ram to take the lead in their sisterly bond. Her sardonic remarks are her way of teasing others. While she's cold and snarky outwardly, she is caring of others around her deep down, and she is surprisingly kind and forgiving towards others. At the same time, however, she dislikes being told to stand back by others during battles and instead prefers to fight for herself. Even at a young age, she showed a level of wisdom that was beyond the adults, which had nothing to do with age or readiness, was fully aware of her outstanding position, did not care about the restoration of her tribe, felt that it would be troublesome if she was put in a position of importance, and didn't open up to anyone other than Rem. Despite this, she did feel vengeful toward the ones who destroyed her village, and she swore retribution on them, which she and Rem ultimately achieved.",tsundere
a249a5fb44e1be70,Akane Kinoshita,deredere/a249a5fb44e1be70.webp,"Akane is a personable and vivacious individual who exudes a warm and welcoming aura. Her guildmates and friends often describe her as someone who is approachable and easy to converse with, making her a popular figure among her social circle. Despite her upbeat demeanor, Akane is not afraid to express her opinions in a candid manner, which Yamada finds particularly appealing. At times, Akane displays a childlike disposition, but she is highly adaptable and can easily adjust to different situations. When she is with Runa, who regards her as an older sister figure, Akane takes on the role of providing emotional and physical support for the young girl. In turn, Runa reciprocates by offering in-game assistance to Akane. Together, they form a dynamic duo that complements each other's strengths and weaknesses especially that like Yamada, Runa is an introvert as well who finds it hard to socialize even on new members. Akane's friend Maki had been in a relationship where she was the older woman, and this experience has made Akane feel a sense of responsibility to be a mature and capable adult woman in her own relationships. As part of this, she occasionally prepares meals for Yamada and tries to make him feel comfortable around her.",deredere
8d05609c6d6eab4b,Rize Tedeza,tsundere/8d05609c6d6eab4b.webp,"Rize is a tough, resourceful and headstrong girl who is quite a bit more mature than the others. She is forthright, yet kind, wise, and quick to offer advice and aid. As much as she appreciates items of culture and items related to the military, she also loves cute things such as dolls and cosplay. She fears that she may not fit in, so she endeavours to act more like a ""normal"" teenage girl in a bid to appear more relatable. However, she typically becomes flustered when vulnerable before others in a way that she had not forethought. The balance between her public image and her authentic self is delicate, and constitutes a significant hurdle for her. As her father was a member of the military, Rize grew to be very independent and physically strong. She is talented in many fields and admired by friends and peers alike. She has a vivid imagination wont to conjure military-themed fantasies, and thus she typically carries a pistol and a combat knife.",tsundere
683a58e3b69660a9,Fou,tsundere/683a58e3b69660a9.webp,"For has a very hot-headed personality and often yells at people. She is very tough and straightforward but she cares about people around her, although she often tricks them and beats up some of her closest friends (usually Bak). She is very strong-willed and won't take ""no"" for an answer and she believes that you have to try your hardest when you want to protect someone. Inside the shell, she is very caring and is willing to give her life for the sake of those she loves. She is very attached to the Chang clan and faithfully serves every clan head.",tsundere
16099feaf79019d7,Diane,deredere/16099feaf79019d7.webp,"Diane is a very friendly Giantess and is also very confident regarding her abilities, appearing to generally consider Holy Knights as weak. She cares very much about her captain and holds very strong feelings for Meliodas, often cuddling him and becoming very delighted from compliments. Her feelings are strong enough for her to overcome her fears for his sake. Diane can become extremely fierce and hostile towards anyone who threatens her friends. Diane also gets jealous when Meliodas does perverted things to other girls. In Japanese, she refers to herself with ""boku (僕)"", a word for ""I"" typically spoken by young males. Due to her size, she cannot help Meliodas in any way other than fight for him. She has expressed her strong desire to be smaller, contrary to Elizabeth 's desire to be strong. Despite Diane stating that she has no interest in humans, she still selflessly saves people who are in danger like when she risked her life to protect the elderly man in Vaizel and Zeal . Despite her brave and strong appearance, Diane is a somewhat emotionally fragile person as shown by her hatred of loneliness.",deredere
fe3ea27cb610e35d,Vegeta,tsundere/fe3ea27cb610e35d.webp,"Vegeta is arrogant throughout the series and becomes bitter due to the abuse his race suffered at the hands of Frieza , as well as his injured pride due to repeatedly falling short compared to another Saiyan. Following the destruction of his homeworld Planet Vegeta , his hatred toward Frieza grows. His royalty seems to have bestowed upon him an inflated sense of superiority, holding himself above nearly everyone he encounters. He is immensely proud of his Saiyan heritage and believes his race to be the most powerful in the universe . Despite this, even as an antagonist, he did not act as an ordinary Saiyan, being even crueler and prideful thanks to Frieza's influence. His determination to be the strongest remained ever-present even after his change of heart, remaining obsessed with the goal of surpassing Goku, as well as proving that he is stronger than any mortal, such as when he began to pit himself against Jiren , Universe 11 's strongest warrior, in order to prove this point, becoming more determined each time Jiren left him in the dust, even telling him that his arrogance was what defined him. As the prince of a demolished Planet Vegeta, Vegeta is initially introduced as an unrepentant villain.",tsundere
eaff5c03f138594b,Chazz Princeton,tsundere/eaff5c03f138594b.png,"Chazz can be seen as the Seto Kaiba to Jaden's Yami Yugi. He is shown to be arrogant at first, but throughout the series, undergoes a drastic change for the better. He hated Jaden so much that during Jaden's tag-team Duel against the Paradox Brothers to determine whether or not they are expelled, he watched with a malicious smile on his face, waiting for Jaden to lose and be expelled. After losing his Duel to Jaden, he left Duel Academy and ended up in North Academy, whose entrance exam required the Duelist to find 40 cards to make a makeshift Deck. From this experience, he learned to appreciate any and all cards, weak or powerful, which have the potential to be useful. After losing to Jaden yet again, he returns to Duel Academy but has to be a Slifer Red. After Duel Academy's ""takeover"", Chazz had to again make a makeshift Deck of useless cards and still won. From then on, his Deck had a mixture of powerful and weak cards, even though his Deck mostly revolves around weaker cards, namely the Ojama Brothers, Ojama Yellow , Ojama Black , Ojama Green .",tsundere
77c7174118938203,Chiyo Sakura,deredere/77c7174118938203.webp,"Chiyo is a bright, cheerful girl who has been shown to be very easily influenced, often letting her imagination go wild. For example, she became excited when Mikoto Mikoshiba first introduced her to Yuu Kashima and hugely misjudged their relationship. Chiyo has also been shown to be able to get along with others. She is hardworking and described as passionate by Umetarou Nozaki . She seems to be the most normal of the main characters. Although she is often surprised and sometimes even annoyed by her friends' odd personalities, she is still kind to them regardless. For instance, even though Yuzuki Seo is often rude to people, she still managed to be friends with her. This may be partly due to her slight naïveté; she often cannot tell why people are annoyed by Yuzuki. Outside of school, Chiyo is also passionate about drawing, as she is a member of the Art Club and enjoys helping out Nozaki with his manga Let's Fall in Love . Chiyo constantly struggles to convey her feelings to her crush, Nozaki. She is often irked and depressed by her failed attempts to change her relationship with Nozaki. In her first effort to confess to him, he mistakenly thought she was asking for his autograph.",deredere
bcc7f1da607a57c8,Urara Shiraishi,kuudere/bcc7f1da607a57c8.webp,"Before she swapped bodies with Ryu Yamada , Urara Shiraishi is an exceptionally brilliant student known to be cold and asocial, due to her being ostracized by the students of Suzaku High. Because of this, she is initially shown to have jaded views about the educational system and people in general, having been tricked in the past into believing people wanted to be her friends, only to be relentlessly bullied due for her beauty and intelligence. Due to this past incidents, she developed a dislike of people and blatantly refused to apply to college in the future, believing that any more attempts to establish bonds would produce similar results. Despite this she was highly respected by her teachers, who saw her as a model student, and would often praise her impeccable academic performance in their classes. Her icy exterior slowly begins to melt away one fateful day when she falls down the stairs and kisses Ryu, accidentally swapping bodies with the school's resident delinquent due to her then unidentified witch powers.",kuudere
d163642c4cb9cdda,Luluna,tsundere/d163642c4cb9cdda.webp,"She is a serious person who prioritizes her work and duties. She speaks with politeness and formalities, showing her respect for other people. Despite her seemly calm attitude, she has been shown to get angered when certain characters are involved and is willing to result to violence and drastic measures when she finds it necessary. Luluna can be seen as a bit of a perfectionist and idealist, as she firmly believed that a world with failures and mistakes won't lead to a happy future and that a world controlled be mascots are necessary for achieving that brighter future. In episode 150 , she decided to take it upon herself to created a new Pri☆Chan where everything is dictated by strict rules, regulations, and schedules. In episode 151 after seeing the strong bond between Miracle☆Kiratts and their mascot , her mindset changes, and she comes to realize what kind of bond a person and their mascot should have.",tsundere
f1f561696b09dca0,Moroha,deredere/f1f561696b09dca0.webp,"Although she inherited a cheerful and friendly personality from her mother, Moroha also has a dangerous temper that she inherited from her father, and when rampaging is known as the kuni-kuzushi no beniyasha (国崩しの紅夜叉, ""Crimson Night Demon of National Destruction""). She may have learned some of her rowdy behavior from her years living with the Wolf Demon Tribe. Like her father and mother, she can be impulsive with her actions, such as attacking without thinking, which can leave her open after attacking an enemy. In addition, she seems to lack a sense of modesty as she does not mind being seen naked. Moroha is openly unaware of her parentage, despite their prominent roles in the events preceding her birth. Despite this, she appears completely unhindered by this lack of knowledge, and even when presented with the idea of learning about her mother seems completely uninterested, whether or not there is more to this than she lets on is so far unknown. Due to being on her own, she felt a sense of loneliness in both as a quarter demon and in social life. When she met Setsuna and Towa she felt for the first time that she had made friends (unaware that they are her cousins at the time) her own age, as well as getting to know her own family better.",deredere
bccca3c156d0beff,Kotori Minami,deredere/bccca3c156d0beff.webp,"Kotori appears to be a feminine, caring, shy, and cheerful girl. She is known for having her head in the clouds. Despite this, she is μ's designer alongside Nico Yazawa , and is also clever and good at studying, being a honor student. Kotori has a very huge aptitude for fashion and is very good at drawing costumes for the group. Kotori is shown to be very kind and supportive to her friends and genuinely cares about them, especially their feelings: she's easily the most altruistic character in her group, and cares more how others feel than how she does herself. However, this can go too far as Kotori usually backs Honoka up when she (Honoka) is scolded by Umi. Kotori is also shown as the most indecisive person among all nine members and tends to have Umi Sonoda and Honoka Kosaka, her childhood friends, make decisions for her. She also has a hard time expressing her feelings, since she always takes other people's feelings into consideration. Kotori is a kind person, but she can also be gullible, as shown in Season 1 Episode 10, wherein Nico claimed that she has a personal chef like Maki Nishikino , and Kotori fell for Nico's lie unknowingly.",deredere
fed87d6441375923,Masato Hijirikawa,kuudere/fed87d6441375923.webp,"Masato is usually seen with a rather serious or stoic expression on his face, given his strict upbringing as the heir of the Hijirikawa family. As stated in episode 2 of the second season, on the outside, he appears calm, cool, and collected, but inside 'he hides an enormous feeling on the verge of exploding.' As the eldest son and heir to the Hijirikawa Group, he was raised in a strict environment because the Group was very important. His way of thinking is a little old-fashioned, and he’s unable to show his real self due to his serious, yet calm nature. He has a soft side to him as well, but he only shows it to Haruka.",kuudere
1157e5ea4b665538,Tazuki Kamiya,kuudere/1157e5ea4b665538.webp,"On the outside, Tazuki seems to be the cool and organized type of person, but he's prone to lose his head when the people he cares about are in danger, especially Sora. He's also not good at dealing with emotions and he becomes very defensive when he's dealing with people that he's not familiar with. He can be clever at times, and he's often thinking and analyzing situations before acting. But despite his appearance, he's a very loyal friend and he cares about his friends greatly.",kuudere
d24fcc041431058d,Sweden,kuudere/d24fcc041431058d.webp,"Sweden was once a viking and the ""Conqueror Of The Baltic Sea"", but now stands neutral in military matters; he has calmed down and currently puts his strength into welfare. He is silent and difficult to understand; his taciturnity is due to the fact that he was born in a cold area. Deep down, he is actually quite playful, but it's rarely shown because of his intimidating aura. His hobbies include making furniture and art. It is said that his canned Surströmming can be used as a deadly weapon. He speaks in a Fukushima dialect, often translated in English as grunts and truncated words. Despite his silence, he is said to take interest in arguments and debates.",kuudere
6fb00fa06f0f28e9,Shizuri Castiella Kasugaya,tsundere/6fb00fa06f0f28e9.webp,"She is described as brave and having good leadership skills. Her beauty was not in her appearance but in her soul. It was not for her own sake she sought Kojou’s aid, but that of Iroise’s six thousand captive islanders. Even if she thought of herself as a false paladin, she had never ceased acting like one. Her obstinate, awkward way of living overlapped with the image of Kojou’s other observer just a little.",tsundere
51b9e17e8f87f964,Asuka Takizawa,tsundere/51b9e17e8f87f964.webp,"Asuka is an athletic 3rd year middle school student with a strong sense of justice. At first glance, she appears to be cool and unapproachable, especially towards Yuriko. However, she is actually a very reliable big sister type. In fact, she really loves to cook and play cute animal games. Despite normally being a sisterly figure to her younger friends, Asuka can be extremely reckless and sometimes has a short temper, which make conflicts arise that she usually doesn't intend to cause.",tsundere
83fd97412fe0ac35,Mina Ashido,deredere/83fd97412fe0ac35.webp,"Mina's cheerful personality. Mina is a cheerful and easygoing girl who usually displays a smile. Highly social and excitable, she loves to hang out with her friends and is shown to become very upset when denied an opportunity to be at a gathering. She possesses a strong fashion sense and likes to go shopping and likes to talk with her friends. Due to her athleticism and energy, Mina enjoys and is very skilled at dancing. Her demeanor becomes more strict and perfectionist when teaching others how to dance, in direct contrast to her usual happy-go-lucky nature. She is known to use her dancing to somehow pacify even those who have bad relationships with others. Mina struggling with studies. Mina's academic performance is quite poor, with Mina goofily laughing about it despite showing clear anxiety and frustration. Because of that, she is often viewed as an airhead by her classmates (second only to Denki Kaminari ). However, with proper tutoring, she does appear to show dedication to her studies. Mina is extremely courageous and is viewed as an ideal personality for hero work. Before entering U.A., Mina would condemn bullying in middle school and even convinced some bullies to come around with her upbeat and easygoing demeanor.",deredere
be9932f69d239a27,Naru Narusegawa,tsundere/be9932f69d239a27.webp,"Concept art of Midori, who would later become Naru Ken Akamatsu initially designed a character named "" Midori "" who would later become the basis for Naru. Though her basic appearance did not change, with the exception of the signature hair antenna, Midori was the complete opposite of Naru in character; acting very kind and nice like Mutsumi Otohime in personality. Upon first encountering the main character she was to fall naked from the ceiling on top of him, losing her memory in the process. Because of her amnesia, not much would be known about her past and she would stay with the main character who instantly falls in love with her. Midori would eventually get a part time job as a waitress but due to her clumsiness she was prone to tripping and falling while carrying food. Midori's character changed as the Love Hina story was fleshed out, resulting in her current personality, and she was renamed multiple times before it was finally settled as "" Naru Narusegawa "". Akamatsu consider's Naru's personality to be an extension of Cindy from A.I. Love You . When colouring her hair, Akamatsu uses IC screen's #51, which is the same as Saati's hair (the heroine of A.I. Love You).",tsundere
04c7655630e3bdfc,Yoshino Koiwai,kuudere/04c7655630e3bdfc.webp,"Yoshino admits she was jealous of the friendship between Masamune and Aki. Generally around people, Yoshino acts shy and soft-spoken. However, she is revealed to be very mean towards Masamune Makabe . When ordered by Aki, she does as she's told. Yoshino is able to hide her emotions and act perfectly fine, which is an advantage as she is helping Masamune - the ""enemy"" of her mistress - in getting revenge.",kuudere
98b8bec92d481391,Yuri Plisetsky,tsundere/98b8bec92d481391.webp,"Yuri is a very ambitious boy who is determined to become the best of the best in figure skating. Contrary to his beauty and grace on the ice, once Yuri steps out of the rink he becomes foul-mouthed, rude, and dismissive of others-earning him his second nickname, The Russian Punk . To ensure he gets what he wants, Yuri is not above threatening or intimidating his competition. He is short-tempered and very accustomed to yelling. Yuri is both very critical of himself and determined to impress Victor Nikiforov . He despises being underestimated and projects a strong air of confidence-strong enough to come across as arrogance, instead. He is prone to seeing other athletes as his rivals, and therefore his enemies. While Yuri has been noted to not take training seriously at first, he can undertake highly rigorous training to do well and does so without complaining. Part of this stems from him being aware of how young and agile he still is as he appears to have not yet had any kind of growth spurt stemming from puberty and wants to take advantage of his youth before his body starts changing. A softer side to Yuri's personality can be seen when he thinks of his grandfather, and later when he gives Yuuri Katsuki some Pirozhki for his birthday.",tsundere
1e20dcf48f7c3f28,Ayumu Uehara,deredere/1e20dcf48f7c3f28.webp,"Ayumu is a hardworking girl that puts everything into what she does. She does not believe she is very skilled at her school idol activities, but she continues to try her hardest to excel in them. She is generally insecure in her abilities. Her struggles revolve largely on confidence and how that relates to her pathway to her dream as a school idol. This is illustrated by both her solos songs and the Nijigasaki anime . She is kind, cheerful, and friendly, but a bit shy and tends to be clumsy at times. She often responds to the mischief from Karin Asaka and Kasumi Nakasu in a pure manner, which throws the two of them off-guard. However, she doesn't do this intentionally and is truly a pure-hearted girl overall. She is very protective of her and her childhood best friend's relationship. This manifests in jealous glances when Yu interacts with or praises other girls and disheartened remarks when Yu claims she can't pick a favorite. In instances where her personality is satirized, she tends to act extremely controlling, pulling Yu off to the side and isolating her from the other girls in the club, and even displaying murderous tendencies (albeit, jokingly).",deredere
2e108ed12b34843f,Airi Ban,tsundere/2e108ed12b34843f.webp,"Airi is a cold character, often frank and unreserved about giving her opinions on matters or the people at hand. This is especially emphasized when she lashes out at Jungo or Hinako , the former for his ""idiocy"" and the latter as a part of her rivalry. She mostly acts without thinking ahead, and when her emotions get the better of her, she refuses to listen to anyone unless they are hard on her. Depending on the Fate level and choices the player makes, she may show her, rather rare, cheerful side. Alternatively, if the player decides to tease her or be comical, the protagonist will also be the target of her wrath. Throughout the story, she is shown to be deeply self-conscious to the point of jealousy. This is expressed clearly during one of her later Fate events where she berates each female for their favorable traits such as Otome for being ""too nice"" or Makoto for being ""perfect."" Over time, she starts to warm up to the cast as a whole. Airi is a rival to Hinako. The two contrast each other, being individuals with talents in the entertainment field but having differing views regarding their fields. Hinako perseveres with her aspiration of dancing and has the strong constitution to follow through with her goals.",tsundere
fba19691608ddfc2,Miyu Edelfelt,kuudere/fba19691608ddfc2.webp,"Miyu is the complete Holy Grail from the world in which the Class Cards originated. Her real name is Miyu Sakatsuki (朔月 美遊, Sakatsuki Miyu ) of the Sakatsuki family, the hidden descendant of the Child of God (神稚児, Kami Chigo ). She was raised carefully within the Sakatsuki residence and was given limited education, isolated from other children and relied only to her mother. When Julian Ainsworth unleashed the black shadow in Fuyuki in the Fourth Holy Grail War, Miyu responded to the cries of the people and nullified the shadows. Shirou Emiya found her location when she activated the wish and saved her from a collapsing roof. Shirou brought Miyu back to Kiritsugu Emiya , who was thrilled to learn that she is the tool that he was looking for. Kiritsugu, Shirou and Miyu settled in the Emiya residence . Kiritsugu was researching on how to use Miyu before she loses her ability and treated Miyu coldly like a tool. However Miyu was attached to Shirou which caused Shirou to be emotionally conflicted. After Kiritsugu's death, Shirou couldn't treat her like a tool or even raise her like a normal child, so she was confined within the Emiya residence. Shirou gave her textbooks for her education, but it was the knowledge that didn't hurt her and for non-practical use.",kuudere
8542b59a76c4506e,Hina Amano,deredere/8542b59a76c4506e.webp,"Hina Amano has a tough personality and doesn't give up easily. She also acts more mature for her age. As a young teen with no parents, she takes care of her younger brother Nagi on her own. She is sensible, gets things done, and knows how to solve problems. She does not act happy for her own sake. She acts that way so Nagi doesn't see how hard things really are for them. She stays happy and positive so that people who ask for her help feel comfortable. She usually keeps her problems to herself so she doesn't worry anyone else. Behind her happy face, she is very stressed. Everything she does is because she loves her brother Nagi Amano and wants to take care of him. She willingly became his parent to protect him, and every choice she makes is so they can live a peaceful life together. Her feelings about Hodaka Morishima are complicated and change over time. At first, she sees him as a boy who needs help. Hina becomes annoyed and even worried for him because of his reckless behavior. This is especially true when he waves around a handgun to protect her, makes enemies, and puts them both in danger. Hina also knows that Hodaka is desperate for a normal life like hers, which lets her trust him.",deredere
973223cce67868d1,Otome Katou,tsundere/973223cce67868d1.webp,"Direct and headstrong, Otome is usually authoritative to her peers, tolerates nothing but her way and opinion, and does not generally associate with anyone but her trio of friends, Natsumi Koizumi , Minami Obuchi , and Kumi Mori , who together frequently harass and coerce Kotonoha. Most of her aggressive and moody personality seems to stem from her family's problems. Her father is a womanizer, and her mother keeps threatening to kill any woman who cheats with him. Her general hatred toward women who seduce men, like Hanon Nijou . Otome also has a complex over her smaller bust size when compared to Kotonoha, or her younger sister, Karen . She is also a very athletic tomboy in general, playing and being very good at many sports. In addition to bullying Kotonoha, Otome is also mentioned to have beaten up Hanon in middle school when she mistook her for fancying Makoto, and to have verbally harassed Roka Kitsuregawa about her mother 's profession and affair with her father. She even studies hard to make sure she can get into the same school as him, though she is placed in a different class. Otome is very boyish and feels that Makoto only saw her as ""one of the guys."" She tries to be more feminine so he can see her as a girl.",tsundere
e7c1bb3acc2abb08,Hikari Kuroda,tsundere/e7c1bb3acc2abb08.webp,"Around her friends, Hikari's very friendly and social, but she generally holds a negative opinion of boys (especially Makoto). She's the most childish of the cast and sports an unduly knack for whining and prying into the affairs of others. However, after she sees Makoto with Kotonoha, she informs Sekai of this because she was worried Makoto was cheating on Sekai. Ironically, despite her petty and high maintenance nature, Hiraki seems to be one of the few girls who doesn't go out of her way to harass Kotonoha, possibly because her constant prying into people's private lives and sharing the same train to school means that she may be one of the few to know Kotonoha's personality doesn't match the rumors about her. Hikari also doesn't make any real effort to interrupt or sabotage Kotonoha's relationships, the exceptions being if Makoto is already in a relationship with someone else and therefore cheating, or if Kotonoha is being fawned over by or instead dating Hikari's crush, Taisuke. Hikari can be considered extremely casual and carefree, showing little to no issue with more amorous actions such as being involved with swinging or cheating (though only after she herself loses her virginity), albeit seeming far more comfortable with her ""partner"" doing it instead of herself.",tsundere
8459ad68df916979,Maki Shijo,tsundere/8459ad68df916979.webp,"As descendants of the Shinomiya bloodline, both exhibit pride and arrogance. Both of them also have a knack for scheming. But underneath these personality traits are innocent, kind and fair-minded teenage girls at heart. Compared to Kaguya, Maki has a more casual feel when interacting with others, always referring to people by their first names and without any honorifics. She is somewhat inconsistent with her emotions and is unable to maintain an arrogant act, especially when the topic concerns Tsubasa Tanuma . Hailing from a branch family and not the main Shinomiya house, she has not been raised completely sheltered and isolated like Kaguya.",tsundere
a924faf3fac96ee9,Ikumi Mito,tsundere/a924faf3fac96ee9.webp,"Ikumi was raised under a notable house, the Mito family, famed for their influence in the meat industry. As such, she flaunted her abilities and status to those who were considered lower than her. She has a fiery, combative personality and shows great pride in her skills as a meat expert. She is also a bold individual and is not above intimidation to get her way. Much of this stems from her father, who told her to discard her weaknesses associated with being a girl since the Mito company needed a strong individual to be its successor. Ikumi's friendlier side Behind her tough exterior, however, is a softer side which emerged after eating Sōma's Chaliapin Steak Don . Deep down, she is a kindhearted individual and becomes much friendlier, especially towards Sōma. She initially disliked being called Nikumi , but quickly changed once Sōma said that it sounded cute. Only those particularly close to her are allowed to call her Nikumi including Sōma, Kanichi, and the Polar Star girls. Ikumi has a mild crush on Sōma, but is too shy to admit it. When flustered, she sometimes acts violent when someone calls her out on her concern for Sōma. She is more than willing to aid Sōma whenever he asks for her help.",tsundere
bd5ac8cd8f63123f,Jericho,tsundere/bd5ac8cd8f63123f.webp,"Jericho is a proud and serious individual who desires to prove herself as a knight. She is stern in her command over the guards of Baste Dungeon and confident in her abilities to the point of arrogance at times, which led to her humiliation by Ban. Jericho is revealed to have low esteem and possibly an inferiority complex due to being female, and disguised herself as a man to appear stronger and avoid ridicule. She also took on to use the masculine self-pronoun ""Ore"". After drinking demon blood, Jericho became more comfortable about her sex, but also became darker in personality. She also tends to be rash and impulsive, often overcompensating. Along with embarrassed or flustered easily. She has a lot of care in her heart for others. Even though she is selfish at times, she goes well out of her way to help people, as she aspires to the ideals of a knight, even when she is not acting as one. She is also has been described as ""easy-going"".",tsundere
73a5247a37008201,Vermilio,tsundere/73a5247a37008201.webp,"Vermilio is very hotheaded yet cautious, often donning a scowling expression. She has a tendency to call others, including herself, stupid. Despite those traits, she cares about the well-being of the civilians in the Demon Kingdom and thus has a hard time trusting newcomers. Vermilio had previously voiced the opinion that the humans must be destroyed, but has changed since she met Helck . She considers friendship very valuable and would be pained to see Helck kill his old companions even if it was for the betterment of Demon Kingdom. She is a fan of orange juice.",tsundere
0c1ec2a8465d515d,Yumi Miyamoto,tsundere/0c1ec2a8465d515d.webp,"Yumi is a rather mischievous person and a compulsive match-maker who tries every trick in the trade to bring Miwako and Takagi together, even going so far as dropping hints to others about their dates in order to prompt jealousy. She is considered an attractive member of the police force, but is still single for a while. This allows her to take advantage of the men in the district, having them buy gifts for her to try and impress her.",tsundere
648f50a07c31987e,Ruby Hoshino,deredere/648f50a07c31987e.webp,"Ruby Hoshino is the daughter of her favorite idol, Ai Hoshino , and she is determined to live her life to the fullest. Overwhelmed with joy, Ruby has given herself the goal of becoming an idol singer, not only to follow in her mother's footsteps, but also to fulfill a meaningful promise to Gorou Amamiya . Unbeknownst to her, Gorou had already passed away and been reborn as her older twin brother, Aqua Hoshino. Unlike Aqua who is calm, calculated and discreet, Ruby is the polar opposite of him as she is extroverted, outgoing, loud, optimistic and communicative compared to her brooding brother. She is most apparent in the connections she makes with others. At the same time, Aqua only does this to further his agenda. She doesn't share her brother's opinion of hunting down the culprit who killed their mother, instead moving on from that incident and focusing on her dreams. She persists in this notion to the point where she often conflicts with her brother's interests. Ruby tends to speak her mind without a filter, often referring to Kana Arima as the ""gourd girl"" and the ""girl who will lick a lying snitch,"" much to Kana's displeasure. Additionally, Ruby has utilized the ""airhead sister"" persona to her advantage in the media as a character she created to promote herself.",deredere
673cd171e5dfc1b2,Mia Ageha,deredere/673cd171e5dfc1b2.webp,"Mia is a high-energy-14-year-old-teenage-girl who dedicates herself aiming to be number one. Her catchphrases are including ""Mia ga Ichiban!"", ""GA-GAAAAAN!"" when she is shocked, and ""Ki Do Ai Luck!"" (Motivation Passion Love Luck). Because she holds the belief, ""Mia is number 1"", she challenges the legendary Aira Harune to a Prism Show battle by cutting MARs ' Prism Show and running up to the stage. She stands in front of MARs and said ""I'm here by the grant that I'll beat... Aira Harune!"" as she pointed to Aira. Although she seems quite dim-witted and straight-forwardly unintelligent, her straight-forwardness and simpleness are what keeps her going. Everyone in Prizmmy knows that Mia has a bad way of saying things, but she means no harm towards anyone. She never lies and always plays by the rules. Mia is always encouraging others and always keeping things positive. Sometimes she may speak rudely to Aira, but she actually loves MARs and has a lot of respect and admiration for Aira.",deredere
d4255c6b79911e14,Tsukiumi,tsundere/d4255c6b79911e14.webp,"She is the most aggressive of Minato's party and has a very short temper; she rarely smiles. She was introduced as the first Sekirei that wanted to become the strongest without the help of an Ashikabi. She even stated that she was willing to kill her future Ashikabi if she would ever react to him/her, due to her hate towards Ashikabi. She changed a great deal after getting winged by Minato and easily gets jealous when Minato comes in contact with other women, due to her feelings for her Ashikabi. She proclaims herself to be Minato's only legal wife which sometimes causes confrontations between her and Minato's other Sekirei. She often competes with Musubi , attempting to gain the sole right to be called 'Minato's legal wife'. This is because she stated after kissing Minato for the first time that he was not only her Ashikabi but her husband. Aside from this, she gets along well with Minato's other Sekirei; especially those she considers her direct rivals, Homura and Musubi. She also has an honorable side, in that she seems to adhere to the fundamental rule of Sekirei one-on-one combat.",tsundere
b17b9ba95eec8c8e,Utaha Kasumigaoka,kuudere/b17b9ba95eec8c8e.webp,"Utaha is a hardworking girl who easily finishes writing their game's plot in the span of a night. Her usual disinterested expression gives off the impression that she is an unapproachable person. When she is with the people in Tomoya Aki 's circle, she reverts to her disdainful self who enjoys making sarcastic remarks. She seems to be calm and quiet, but she actually has a sharp tongue. Utaha can be a little aggressive, for example, when Tomoya said that he and Megumi would go out on a date . Utaha is also very intelligent and is the smartest student in the school. She even writes plays for the drama club as a hobby. She is also a little bit self-centered, but she never talks back to her parents, making her well-mannered. However, when Tomoya complimented her one time, she acted like a shy, embarrassed girl instead of her usual cold self and called Tomoya by his first name instead of Rinri-kun.",kuudere
1bb13106e1404da6,Fumina Konoe,kuudere/1bb13106e1404da6.webp,"Fumina is quiet, and somewhat clueless as to what is happening around her, probably because of her limited exposure to the outside world. She is extremely awkward, not being able to take her books out of her bag or change her clothes without assistance from others. Her house is attended by a butler, which has made Fumina want others to do things for her. She is extremely clingy to Yūji, following him everywhere and holding onto his shirt. She also seems to like birds and butterflies, often leaving Yūji and friends to follow them.",kuudere
f266d6f34532c133,Riza Hawkeye,kuudere/f266d6f34532c133.webp,"Riza is a quiet and collected woman with a serious but courteous demeanor. She is viewed by her peers as the model of a perfect soldier; strictly disciplined and extremely rational, and rarely relaxing on the job. As such, she is usually tasked with keeping her colleagues on track. Although from the outside she might seem strict, rigid and even a little mean, Riza is not as distant as she may appear. Those close to her know that there is more to her than her no-nonsense attitude; beneath her professional attitude is a kind soul who understands the difficulty of carrying a heavy burden. Riza's softer side tends to make itself known through her interactions with younger characters, such as the Elric brothers and Winry Rockbell , and it isn't unusual to see her behaving sweetly towards Black Hayate ,Riza's pet Shiba Inu, while in private. On more informal occasions, such as when she spends the day with Rebecca, Riza also shows hints of a dry, acerbic sense of humor. Very disciplined, she takes her work seriously and is almost never seen ""dropping formalities,"" even with those who are most intimate to her. She's not prone to public displays of affection, preferring to show her feelings through more subtle ways.",kuudere
10fe659c48d9bb8d,Kotoko,tsundere/10fe659c48d9bb8d.webp,"Kotoko comes across as an emotionless character, but she can actually have a short temper and becomes very outspoken. She and Sumomo even each other out with Kotoko's calmness and Sumomo's craziness. Kotoko is far more serious than Sumomo, and thinks that everyone in the Motosuwa household is crazy, with Sumomo in particular. Kotoko's specialty is research, which twice drives the story forward. Kotoko is also programmed to always tell the truth, no matter what, even when it works to her owner's disadvantage. Despite her personality, she does eventually grow to care for her new owner and even Sumomo.",tsundere
65ec93d6ceeab297,Ataru Moroboshi,tsundere/65ec93d6ceeab297.webp,"Ataru is a very lecherous and perverted young man with an idiotic and lazy personality, and often tries to escape class work and sleeps in even on school days. Whenever he sees or hears a pretty girl, he immediately asks for their address and telephone number, not only does he fail in these efforts but any female he harasses tends to physically harm him, yet this doesn’t deter him and he continues his chase. He is also very cynical and rude to those who annoy or bother him being prone to immature outbursts, even outright violence. He is also a bit of a glutton often showing a love for food especially his mother's cooking and will grow heavily upset if he’s cheated out of a meal. Despite how stupid he seems, Ataru often displays remarkable intelligence, particularly when escaping from Lum. He has occasionally let his good-natured side shine through, most notably when he took care of the class caterpillar everyone else hated and when he went on a date with the ghost of a sick girl who had admired him from afar. The only woman Ataru rejects is ironically the only woman interested in him that being his “wife” Lum.",tsundere
bcae1c9c2018bc3e,Michi Manabe,deredere/bcae1c9c2018bc3e.webp,"Michi is a very fun-loving, jovial, bright, and cheerful girl. She loves to interact with people and has no problem striking up a conversation with strangers and quickly befriend people. She is open with her own feelings and wears her emotions on the sleeve; as she is not afraid to speak up for what she believes in, do things in her own way, be affectionate with people she likes, or let someone know when's she upset. She is very carefree, headstrong, blunt, and somewhat childish; she loves to tease people and nonchalantly mess with people. Her younger brother even calls her out on for ""talking like an idiot"". In contrast to this side, Michi is actually very independent and can handle many obstacles by herself. She has an older sister type of personality and spoils both Mutsuki and her younger brother rotten. She is always looking out for her relatives, silently expresses how proud she is over them, and encourages them in different ways.",deredere
6a5c2aa186ce5d33,Jun Toda,tsundere/6a5c2aa186ce5d33.webp,"Described as an overwhelmingly bright girl, Jun is bright, hardworking, yet straight forward, and gets mad when things don't seem right. She sometimes feels fooled by her unit mates. She is the youngest of the group but has high amounts of energy and childish traits as well, such as enjoying fried foods, chocolate and candy. Despite this, Jun also likes bananas. She also dislikes bitter food and drinks. Jun is afraid of gorillas and ghosts. Jun's specialty is throwing strawberries into her mouth. Jun also enjoys hula-hooping and jump rope. Jun likes theater. In episode 7 , it is revealed that as a child Jun was a much more gloomy and a backwards looking person, always seeing things in a negative light. However, this was changed when she met a girl called Yu .",tsundere
a2fce72e4fca7ca3,Kris Rutherford / Jinn,kuudere/a2fce72e4fca7ca3.webp,"Jinn appears to be serious and dedicated to any particular assignment he is working on. Though he is a mercenary and is capable of kidnapping people without objection, he does have a degree of morality as he isn't sadistic and doesn't go out of his way to torture them. He is also aware that he did terrible things while working under Sister . Jinn is a loner and claims that he doesn't have friends, except for his sister Kleene, the only person that he has any connections. After Weisz destroys Müller's body and Sister Ivry healed his sister from her emotional state as promised, Jinn became more open if not friendlier, as shown when he smiled at Shiki who told him they are friends despite his earlier comment about joining the crew as members but changed his mind. This was shown again when he told his sister he would protect her while telling her he can't let the ship down, smiling at her. However, he still retains his serious attitude but with a calmer approach.",kuudere
fd8bbc10dce6b83b,Tae Shimura,tsundere/fd8bbc10dce6b83b.webp,"She is very proud about her own good qualities, but very insecure about her bad qualities as well. Though outwardly appearing sweet and good-natured, she can be quick to temper and a has violent disposition, in particular towards ' gorilla-like stalkers' . Since their mother died in a young age, Tae always took care of her little brother Shinpachi and protected him. She is a very brave and strong woman who always cares more about her family and closest friends than even about herself- very similar to Gintoki. She always tries to look strong and happy, thus she always smiles, even if she's hurt or feels sad. (Quote from Shimura Shinpachi about Tae's personality) ""You're so unfair, Sis... Smiling brightly every single day, but you never show your true feelings in the slighest. Even if you're hurt or want to cry, you're forcing yourself to smile. Always without saying anything to anyone. You bear the burden alone, you decide alone and you end up smiling alone."" Her speech manners are totally unlady-like, peppered with vulgar descriptions, especially of human genitalia, frequently prompting Shinpachi to scold her saying that 'girls should not speak like that'.",tsundere
c40fb164cb49f693,Kana Miyama,deredere/c40fb164cb49f693.webp,"Kana is a cheerful and energetic girl, as she always smiles and likes to hangout with her classmates, particularly Saki Sakimori. Like Mayoi, Kana has a playful side to her personality, as she is sometimes seen within Mayoi's circle along with Saki and Sakaki. Her pranks, if any, are usually aimed at Tsumiki, though she doesn't cross the line like Mayoi (and does not get hit as a result). Kana is apparently friendly and easy-going, as she was known to be friends with many students in the school.",deredere
65482e76f54d461b,Jou Tazuna,deredere/65482e76f54d461b.webp,"Joe is an extremely upbeat, excitable, considerate, and loyal person. He is easily embarrassed when others misinterpret him and is sensitive to how people perceive his appearance. Like Sara , Joe puts in all his efforts to help the group succeed in the puzzles. He consistently convinces the group to believe in Sara and her abilities and generally places most of his trust to her. Though he is described as gaudy by Reko Yabusame and has a small habit of saying the wrong things at the wrong time, Joe is genuinely kind-hearted and sensitive to others' feelings. Although not academically one of the smartest in the group, he does provide occasional insights. Despite his constant optimism and belief in others, Joe is not incapable of suspicion, as he was the first to suggest the presence of a traitor among the participants. Furthermore, while reluctant and torn over what winning the Main Game would mean, he was willing to go through with it, up until Sara exposed his true role.",deredere
694b40fd2913ccaa,Hana,deredere/694b40fd2913ccaa.webp,"Hana is a very optimistic and up-beat young woman who has gone through her fair share of hardships. She is shown to be incredibly brave and has strong determination as shown when she accepted Wolf Man 's wolf form when some humans would freaked out and ran, along with her searching for her son, Ame , during a heavy storm. She is shown to be very persevering and selfless, always putting her children's rights before hers. She rarely raises her voice towards her kids throughout the film. She loves her children and does what she can to help provide for them.",deredere
2b4d4d003028ac44,"Mitsukuni ""Honey"" Haninozuka",deredere/2b4d4d003028ac44.webp,"Although Honey often appears dimwitted, he is actually highly intelligent and clever who is able to see that Tamaki Suoh , Hikaru Hitachiin and Kaoru Hitachiin all have feelings for Haruhi Fujioka . Despite his generally positive nature, he angers easily when awakened from slumber and since his blood-type is AB, most of the hosts believe that he has a split personality (i.e. Dark/Nice Honey). As the oldest person in the club, Honey refers to his fellow hosts using the ""-chan"" honorific. He also serves as a mentor for the other hosts, especially Kaoru, and is eager to help others find their identity, just as Tamaki helped him find the courage to be his own true self. However, he does not believe in babying people, even Mori, and typically does not offer his advice unless he is approached first. He is adoring of his stuffed bunny, Usa-chan, as it was made just for him by his late grandmother, and he harbors an insatiable appetite for sweets and cake, admitting that he eats three whole cakes for dessert every evening after dinner. Despite his childish hobbies, Honey is more mature than he seems. He has insight into the feelings of others, often able to predict when one person has feelings for another. He also has good advice for people.",deredere
1a554b6cb9ffea99,Nozomi Sakurai,kuudere/1a554b6cb9ffea99.webp,"Nozomi is a very strict, mature and serious girl, although she is also focused on things that she does. However, Nozomi shows some signs of insecurity and shyness, and somewhat hesitant about what to do even after making a contract with Vivit . Nozomi also does things seriously with her partner and hunts down Happy Stars by helping out people who had serious problems, especially giving out advice to Kokoro Yotsuba about people's problems.",kuudere
ee3b0b342f7a8cd2,Bort,kuudere/ee3b0b342f7a8cd2.webp,"They excel at battles and are obsessed with combat, to the point that when Phosphophyllite becomes stronger by gaining gold alloy arms, Bort tries to cut their alloy to see what it does despite the danger to Phos' health. Bort is an efficient and analytic fighter, often pointing out the flaws in the other Gems in a blunt and straightforward manner. This causes them to be seen as cold and scary to the other Gems but also causes Bort to be respected and looked up to as a reliable Gem. Whenever Bort engages The Lunarians , the other Gems become instantly relieved. Despite their harsh personality, Bort does have a softer side, in rare moments displaying a sense of humor and a reluctance to hit cute things. They have also shown care and concern for their siblings, or at the least does a good job looking out for all of them. Despite being scornful of Phos, Bort was among those who searched the hardest for them when they became lost at sea showing they do care to some degree.",kuudere
f6732eb284c8fe45,Sistine Fibel,tsundere/f6732eb284c8fe45.webp,"Sistine is portrayed as a young girl with silver hair with a small ahoge hair-line, and green eyes; wearing a hairband with two cloth folded cat ears. Throughout the series, her attire consists of the female Alzano Imperial Magic Academy uniform, while her casual attire consists of a long white sleeved shirt with a black apron-like dress. Her swimwear consists of a silver colored bikini and beach dress with pink roses across its design. On one occasion during an outing with Glenn, her outfit consists of a long black sleeved-* She also has several alternate outfits in various spin-offs and crossovers, such as a black idol outfit with cat ear headphones on the cover of Orientation Of Bastard Magic Instructor .",tsundere
a0f3623d86a745dc,Claire François,tsundere/a0f3623d86a745dc.webp,"Claire is prideful with a competitive side to prove her worth as well as her family name. Her threatening behaviour conceals her fragile heart that comes from her childhood experiences. She becomes more prone to jealously as people she cares for may leave her. Her arrogant personality is mainly influenced by her father doting on her in her childhood more than anything. She is motivated by tradition just as much as pride, which causes her much dismay as Rae pursues her and, in Claire's mind, disrupts public morals. Since she is ingrained by tradition and raised as a noble her entire life, she often thinks lowly of commoners as selfish and carefree people. When the Commoner's Movement starts to gain momentum, she disregards their cause because she thinks that they do not have the proper knowledge and capability to run a stable society. She reasons that they disregard all the formalities and contributions that nobles worked hard for their kingdom. Rae's true love for her was surprising for Claire since she was open from the start. As earlier mentioned, Claire has a fragile heart. She harbors deep scars from her mother's passing, especially when the last thing she told her was full of spite.",tsundere
98767c5a4749d9b3,Chisa Kotegawa,kuudere/98767c5a4749d9b3.webp,"Chisa is initially seen as a level-headed and serious girl who takes her studies seriously. She is rarely seen taking part in Peek-a-Boo’s drunken antics, usually sitting off and observing instead. Though this makes her seem cold, she actually avoids such antics because she is extremely weak to alcohol (this may be the normal reaction, as Peek-a-Boo’s alcoholic beverages usually have above 90% alcoholic content). She loves diving and is usually the most eager to do any diving-related activity. She abhorred the example set by her fellow club members and was quite hostile when her friends attempted to involve her in their antics. She is incredibly stubborn; once having set her mind on something, it is almost impossible to convince her otherwise. Despite being considered beautiful and getting hit on constantly in her university, Chisa is disinterested in romance.",kuudere
c7ac70f7a265e360,Kurumi Saiki,deredere/c7ac70f7a265e360.webp,"Kurumi is a kind and gentle mother who, according to Kusuo, was one of the prominent reasons why he hasn't done bad things using his psychic powers. She is also very trusting of and never doubts other people. However, when driven pushed her limits, Kurumi becomes scary and hunts down anyone who threaten her family. She loves her family a great deal. As mentioned by her mother and her son, she is unable to keep secrets. This was seen when she has occasional slip ups of Kusuo's abilities and sheepishly tries to cover up, forcing Kusuo to have alter memories of those who heard it. She would apologize because of her excitement of discussing her son.",deredere
5a443f366521d104,Kurumi Narumi,tsundere/5a443f366521d104.webp,"Kurumi is always depicted to be cool and expressionless, yet it makes her looks beautiful, hence her name. Her words are sharp and full of sarcasm, especially to Eruna Ichinomiya , but on the other hand, she is really soft on Seisa Mikagura . She also seems to have many jobs because aside from being Seisa's maid, she is also the teaching staff at Mikagura Academy and is appointed to be Eruna and Meika Katai 's homeroom teacher. Although she is supposedly older than Eruna and the others, Eruna mistook her to be around her age.",tsundere
dfcf0d338a2da15b,Chino Kafuu,kuudere/dfcf0d338a2da15b.webp,"Chino acts far more maturely than her age, and is normally the most responsible and organized member of the Rabbit House Café. She takes her work very seriously and gets annoyed when people act recklessly or loudly around her. She resents being treated like a child. Chino has a very reserved disposition, speaking with minimal inflection and in a formal register. She cares for her friends and feels comfortable around them, but it takes some time for her to open up and learn to throw herself into fun. Whenever Cocoa is away from work at the Rabbit House, Chino becomes absent-minded and longing. On one occasion, she unconsciously made several hot cocoa drinks.",kuudere
525736e70223ad12,Nene Odagiri,tsundere/525736e70223ad12.webp,"Nene is often shown to have a bossy attitude and can be arrogant sometimes. She is shown to have high self-esteem in what she does or believes in. In her moments of confidence, she tends to flip her hair. However, there is a soft side to her, which develops as the series goes on. In various situations, Nene was shown putting someone else before her, such as when she wanted to help Tsubasa Konno . Later on, while talking to himself, Yamada states: ""Friggin Odagiri. Worrying about stuff like that, and not even thinking about herself! Although that's Odagiri for ya..."" in response to her worry that Alex was going to go through high school alone without any friends.",tsundere
9b3a9184337c8afe,Shiki Tademaru,tsundere/9b3a9184337c8afe.webp,"Shiki initially presents himself as a Bully, using their age difference (he is a year older than Kabane) as a form of authority, and telling the other boy they aren't friends because they're both hybrids. However, this cold and superior attitude is a facade, which hides an insecure and lonely young man, over time certain events have shown his more human and vulnerable side. On missions, Shiki is calm and analytical, with a remarkable ability to quickly assess situations and react efficiently. His ability with his threads is one of his greatest strengths, being able to use them to protect himself and his allies in dangerous situations. Despite this, Shiki has an explosive temper and, when pressured or challenged, can act impulsively, which makes him susceptible to moments of emotional weakness. Shiki faces his fears and attacks Erika When faced with intimidating enemies, Shiki tends to hesitate, showing a side of himself that still struggles with his own fears and insecurities. However, his courage prevails, and he always manages to overcome these moments, demonstrating his resilience and determination. Throughout the series, Shiki develops emotionally, going from an arrogant figure to someone who begins to understand the importance of relationships and forgiveness.",tsundere
1c636bbe7f9018c8,Lisa Isaribi,tsundere/1c636bbe7f9018c8.webp,"Lisa reveals her true persona. Lisa was initially shown to be kind and honest and cared deeply for Vulcan and Yū as if they were her family. Her loyalty to Vulcan lead to her worrying about his increasingly desperate situation. Much like Vulcan, she has a fiery and antagonistic approach to members of the Fire Force. In spite of this, she is willing to talk to them and regents insulting the church in front of Iris. However, later on, she reveals her true persona as a servant of the Preacher , deceiving both Vulcan and Yū. In truth, she was willing to be ruthless in the pursuit of her goals; lying to both her companions, knocking out Yū with her powers and electrocuting Vulcan with a taser. Despite this and her taunting, Lisa still shows concern for both boys and was uncertain about her place in the White Hoods after experiencing Vulcan's kindness, even considering leaving with them before deciding against it. Her care and concern for both of them are hinted to be genuine instead of something faked for the sake of her mission, but still far too weak to overcome her ingrained brainwashing. Being raised and brainwashed for years under the care of Dr. Giovanni, Lisa has developed a deep fear of being abandoned by Dr. Giovanni, despite being terrified even at the sight of him.",tsundere
f67fec970833e7c6,Yotsuba Nakano,deredere/f67fec970833e7c6.webp,"Yotsuba is an active, cheerful and easy going girl. She talks in a loud, spontaneous and sometimes absent-minded manner. She is the type of person who can't say no to people who need help and is mostly seen helping others; either directly and indirectly. While cheerful on the outside and towards others, she harbours feelings of inferiority towards her sisters and her own abilities. Because of this, she grew a desire to be different from sisters. She shortened her hair, put on a ribbon and excelled in extra-curricular activities. While portrayed as a bad liar early on, she is later shown to have some skill in lying herself.",deredere
133b0ca09e450d6b,Karuta Roromiya,kuudere/133b0ca09e450d6b.webp,"Karuta appears as a very quiet, emotionless girl that is generally seen with food in her mouth. Being Kagerou's SS agent, she is loyal to him as all agents are and doesn't mind at how he treats her as long as she's given food to eat. Despite her seemingly unfeeling persona, she shows great concern for her friends such as Ririchiyo and Banri, and won't hesitate to assist those she cares about in their time of need. Additionally, she has cried on four occasions—when Watanuki's reincarnated form promised to keep being with her, when Watanuki goes to save her from her household, with Kagerou, and when Kagerou had allegedly died. She also enjoys eating, almost to the point of obsession, and can normally be seen snacking on many kinds of food. After her reincarnation, she's depicted to be more cheerful, though retains her somewhat detached self. She still has the tendency to eat a lot, although not as often as her past self-indulged in.",kuudere
c2387ceb927efe46,Yuiko Kurugaya,kuudere/c2387ceb927efe46.webp,"Yuiko is a self-sufficient, reliable and caring girl. For that reason, she is seen as an older sister to everyone despite being the same age of almost the entire cast, and is referred to as Anego ( Elder Sister ) by Haruka Saigusa and herself. She is a very determined person, willing to break through any obstacles that are in her way. Riki Naoe sees her as a person that makes everyone around ""conform to her pace"". Though she mostly behaves like an adult, she never lets go of an opportunity to do something she considers to be funny. Yuiko likes pulling pranks on Riki and joking indecently about him, his behavior, or his intentions. She is fond of things or people she considers to be cute, such as several of the female cast of characters, especially Rin Natsume and Komari Kamikita , though the way she expresses her fondness sometimes exceeds the edge of decency. Yuiko is seen to be totally fearless which makes Riki wonder if there is anything that can discompose her. It is shown in Kurugaya's route in the visual novel that she is very protective of her friends and if someone pisses her off, she gets insane and drops any doubt about killing a person if he or she is the cause of her madness.",kuudere
8e2b5cbf40f9689d,Sarasvati / Kirara Hoshikawa,tsundere/8e2b5cbf40f9689d.webp,"Sarasvati is a very serious individual who exudes a great deal of authority and iron will. She shows a level of impatience and aggression when it comes to her goals as shown in her attempts to get closer to Ayumu and the way she handles her subordinates like Yuki who she wanted to dance in her concert. Despite being a firm enforcer and follower of her village's traditions, Saras is rather open minded in that she willingly embraces change to the status quo of the vampire ninjas by becoming an idol. Saras is also rather sadistic in some levels, showing a verbally aggressive side to her when she assumes her idol-persona, Kirara Hoshikawa, as she addresses her many fans during her concerts. Her seemingly cold appearance aside, Saras possess a measure of kindness and understanding in her, and only does what she needs to do with good reasons. This quality of hers is displayed when she assists/defends Sera, Haruna , and Ayumu from King of the Night during Eucliwood 's disappearance. Her kindness further extends to her subordinates such as Yuki, who she allowed to go to the mixer party that Ayumu was setting up for Kyoko . Later, Saras falls in love with Ayumu (to be more precise love at first sight when she sees his butt and curve line).",tsundere
b11fc6d41839e6f5,Mai Kawasumi,kuudere/b11fc6d41839e6f5.webp,"Mai is shown to be mostly shy and silent. For the majority of the series, she only talks to Sayuri Kurata (Mai's best friend). Mai is also shown to be a constant eater, although she never gains weight. She is also shown to be very bad at the game called Shiritori . She is very caring when it comes to her mother, Sayuri and Yuichi Aizawa , which is touched on during the flashbacks in which her mother was sick in the hospital and Mai cried and stayed by her side, before curing her with her ability.",kuudere
d54782e90554cb64,Nephren Ruq Insania,kuudere/d54782e90554cb64.webp,"Nephren possesses a considerate personality, often looking after her friends and displays perceptive insight when her friends feel troubled. Due to her loyal devotion to Willem and her behavior towards him, Ithea had jokingly dubbed her with the term 'pet status'. Nephren cares a lot for Willem because she thinks he is the same as her. While she was having a conversation with Nygglatho she described her feeling for Willem as: ""I don’t want him to break down. So I’ll try my best to stay by his side and support him."" She is a quiet girl who enjoys reading. She was described as ""Someone who would read any material, no matter how boring, from beginning to end.""",kuudere
da5ffca76df94222,Mira Yamana,tsundere/da5ffca76df94222.webp,"Mira is a serious and driven individual, having a very passionate belief in justice. Dedicated to her role as the head of Grimoire Security, she can be quite cold and ruthless sometimes. In order to stop or prevent a Breakdown Phenomenon, she will not hesitate to take a life in order to complete her mission. Because of her strong sense of responsibility, she normally has a no-nonsense attitude, appearing unfriendly and strict most of the time. Furthermore, Mira greatly dislikes anything or anyone she considers impure, becoming agitated or even greatly embarrassed in some situations. However, she has shown some concern about her role as Grimoire Security, feeling conflicted about the dark nature of her job. Despite this, she remains determined to fight against impure existences. Mira has also been shown to be a very capable leader and fighter, usually remaining calm and collected during dangerous conditions. This allows her to act and think intelligently, planning her moves ahead to avoid trouble. However, underneath her stern exterior, Mira can be a very kind and caring girl. Notably, before becoming the head of Grimoire Security, she was initially someone who could not express and assert herself, being very shy and distant with everyone.",tsundere
28200073d54d325e,Sekai Saionji,tsundere/28200073d54d325e.webp,"An emotional side few know Sekai is an outwardly cheerful girl who cares deeply for her friends and seemingly helps Makoto out with Kotonoha Katsura only for fun. She often berates Makoto every time he does something inappropriate to a girl, but it's revealed that she's very emotional and can spend days crying in her room. She is also unwilling to reveal to Kotonoha that she and Makoto are dating. But when she sees Kotonoha alone at a reception desk, she feels guilty, having taken Makoto away from her. Above all, she has loved Makoto for a long time and can go into depression when he starts dating Kotonoha, something that can worsen if Setsuna leaves for Paris. Despite not showing it in front of her friends and Makoto, it's revealed through a certain route of Cross Days that she's very possessive of Makoto regarding her relationship with him, which she subtly reveals to Yuuki when he wants her to break off with Makoto to be with Kotonoha, even willing to resort to false charge in order to get Yuuki to leave her and Makoto alone. Sekai's VN version is the least selfish of all her incarnations. She's capable of distancing herself from Makoto and Kotonoha and only gets together with Makoto if he pursues her.",tsundere
9187ad245731ca12,Charlotte Roselei,tsundere/9187ad245731ca12.webp,"Charlotte appears as a quiet, cold and indifferent woman who keeps her emotions controlled and well hidden. She is constantly shown to appear as a rather stern woman, despite inwardly having an inward monologue that constantly appears to say calm down, especially around Yami Sukehiro . She often does not respond to situations that go out of hand, preferring to appear indifferent and let things play out. She does respond well to emergencies and pressing concerns, performing her duties and moving swiftly to take care of any problems that come up. However, she still is capable of losing her composure and becoming annoyed, which almost always involves Yami teasing of her. She is also a lightweight when it comes to alcohol, barely able to finish a pint before becoming drunk. Charlotte considers her duty to the kingdom to be her foremost responsibility, with little interest in the social aspects of life. Her beauty is quite noticeable when she chooses to show it, but she is more comfortable in plate mail than silk dresses and cares little for the opinions of most others. She also has a hard time being open with most people and expressing herself on occasion.",tsundere
87c78d795119db9d,Madoka Kaname,deredere/87c78d795119db9d.png,"Madoka first appears to be a naive, gentle girl from a kind family. Though sometimes shy, she makes friends without much difficulty and treats others gently and with respect. Madoka's mother, Junko , commented that she has always been a good child and never lies. She has low self-confidence, and she believes she does not have much to offer the world unless she is helping people, which makes becoming a Magical Girl appealing to her. She has been known to become flustered easily, and in certain circumstances, she can be easily manipulated by others playing on her insecurity and desire to help. As a Magical Girl, she is more obviously confident in herself than before her wish. Madoka always tries to call other main characters their first names with postfix (-chan or -san) if possible, and boys by their family name with the suffix ""-kun"". It may indicate that she is eager to get close to others. The only exception is Kyosuke Kamijo . Madoka might think it is not a good idea to get too close to him since she believes he could potentially become Sayaka's boyfriend. This is confirmed in the PSP game , when Madoka finally calls him by his first name, after Sayaka made advances with him in one of the endings.",deredere
7ff9c5730f97d762,Megumi Fushiguro,kuudere/7ff9c5730f97d762.webp,"Megumi irritated with Gojo's playfulness. Megumi is a very outwardly stoic, aloof, and calculating individual. He usually has a neutral facial expression that he rarely changes, making it appear as if he takes every situation seriously. This contrasts heavily with Yuji, Nobara, and Gojo's outgoing and goofy personalities, which often annoy Megumi. He's easily irritated and Yuji has noted that Megumi seems like he's always slightly angry. Megumi's resolute sternness even as a child. Even as a child, Megumi was very stern, earnest, and thoughtful, to the point where Gojo questioned if he was a first-grader when they first met. He didn't care for his father and assumed he and Tsumiki were abandoned. Megumi understood his situation with the Zenin Clan and stood firm that he would only cooperate if Tsumiki were happy as well. Megumi has always been annoyed by Gojo's attitude ever since they first met. He didn't care for the idea of becoming a sorcerer and became more jaded about it over time. By the time Megumi reached middle school, his impersonal attitude had fully set in. He thought becoming a jujutsu sorcerer would be pointless as he didn't see himself as someone who saves others.",kuudere
b8e8e1be73da5f5e,Rikka Takanashi,deredere/b8e8e1be73da5f5e.webp,"Rikka Takanashi is a chūnibyō practitioner who enrolls in Icho Private High School , the same school as Yuuta Togashi . Unlike Yuuta, she still suffers from chūnibyō (eighth-grader syndrome). She believes she is a sorceress possessed by the ""Tyrant's Eye"" (""Eye of the Wicked Lord"" in the English dub) that will reveal destinies. She wears a medical eyepatch over her right eye to seal her ""Tyrant's Eye"". Those who have seen her ""Tyrant's Eye"" are considered as completely signing a contract with her. She moved into the apartment above Yuuta's apartment to stay with her sister, Tōka Takanashi .",deredere
c8d5e34c3caabd0c,Koneko Toujou,kuudere/c8d5e34c3caabd0c.webp,"Due to witnessing her sister supposedly losing control over her nekomata power and killing her master, Koneko became traumatized by the event, causing her to become withdrawn into herself and stripping her of most of her emotions. As a result, Koneko originally had a quiet and cold personality, rarely showing any feelings or emotions, even when she was speaking. It is noted that her serious personality is a result of receiving influence from Rias, and it is also antithetical to her sister's mischievous and outgoing personality. She was also the only one in the group who did not initially get along with Issei , often insulting and rebuking the latter for his perverted nature, although she reveals that she respects him for never giving up and considers him a hard worker. She shows the most concern for her comrades when they are in trouble, often lending her strength in fights. Koneko apparently has a problem with people calling her a midget (although the context of the phrase could be used to be called flat, as in bust size), as shown in her second battle against Freed Sellzen . This may stem from her insecurity about her own small body and bust size.",kuudere
8dbc8f5823274cbb,Riku Sohma,kuudere/8dbc8f5823274cbb.webp,"In contrast to his energetic sister and similar to his mother, Riku is very serious, quiet and blunt. He comes off as unkind and ""scary"" (according to Sawa) due to his facial expressions, but he actually has good intentions behind his actions. He just has trouble expressing his own feelings and saying what he thinks. Additionally, he is sometimes dishonest with his feelings, such as giving compliments to Sawa in the most unnoticeable way possible. However, Riku is very gentle, caring of others, has a good head on his shoulders and stands up for people when they are in distress. He also apologizes properly when he senses that he needs to and when he has done something wrong. Sora describes him as “neurotic”, “just too serious and blunt” and “a real blockhead”. He is also noted to be very smart in contrast to his sister, and as Mutsuki describes it as: ""Riku does everything flawlessly. That scary aura doesn't do him justice."" Despite not being as intimidating as he looks, he has no problems using his scary face to advantage in order to protect or help his friends and family.",kuudere
d69788fe3e6bcd3d,Kenji Yamaguchi,tsundere/d69788fe3e6bcd3d.webp,"Although he initially uses him, Kenji is one of Haru Yoshida 's friends. He attends the same cram school as Shizuku Mizutani . Kenji eventually falls in love with her and later tries to win her affection. After being rejected by Shizuku, he distances himself from her despite his unchanged feelings. One of Kenji's obvious characteristics is his pride. When he was lost in Syoyo High School and when he couldn't find the right sector in the library, he refused to ask anybody for help; as he is seen telling Shizuku ""I don't like asking other people for help"". It also seems that he is somewhat afraid of Yūzan Yoshida (Haru's older brother), often seen fleeing as soon as he sees Yūzan. But Kenji denies it and says that he only had a traumatic experience, and that nothing scares him. On that note, Shizuku comments that his pride will be his undoing one day. Although prideful and somewhat arrogant, he sometimes shows a caring and considerate side, mainly to Shizuku. Kenji's facial expressions. A recurring joke is Kenji's complete lack of orientation or bad sense of direction. In almost every one of his appearances he is shown to be lost, whether it be in the city, the library or the Syoyo school grounds .",tsundere
e8180f15fb085506,Julius Jukuulius / Julius Euclius,tsundere/e8180f15fb085506.webp,"As a member of Lugunica 's nobility, Julius acts in a proper fashion, always having an air of nobility and conviction. He is also considerate and doesn't forget to show care toward others. He also shows a strict side, giving out accurate assessments of others whether they're good or bad, which is a result of his upbringing as an elite, whilst currently, he believes that he and others can do better than they currently are. Julius also appears to be somewhat of a history buff, and he tends to display hints of excitement when a situation involves people who have left their mark on history. In fact, a part of him felt excited by the prospect of confronting such people during the Great Disaster , albeit he tempered his expectations after having already met Reid Astrea prior, who both lived up to and betrayed the image he had of the first Sword Saint. Despite his demeanor, which clashes with Subaru's modernized world view, Julius tends to worry about others, even those who do not like him.",tsundere
e43715bf40da6e82,Fakir,tsundere/e43715bf40da6e82.webp,"At the beginning of the anime, Fakir appears cold, rude, and possessive, especially to Mytho. He speaks brusquely and doesn't care if anyone's feelings are hurt by what he says. During the first four episodes of the anime, it is unknown why Fakir would constantly scold Mytho and not want him to have a heart again. For instance, in On the Night of the Fire Festival , when Fakir found out that Mytho was starting to have a mind of his own, he punished Mytho by locking him in a dark closet. Ahiru came by and tried to save Mytho but it was futile when Fakir restrained her. Ahiru tried to reason with Fakir about allowing Mytho to have a heart, but he refuses to listen. Fakir said that if the prince was to ever regain his heart, he would lock Mytho away into darkness; in hopes that Mytho would become numb to everything, including his feelings. However, it is later on revealed that he can be very kind, caring, and protective of Mytho. In Dreaming Aurora , Fakir held and comforted Mytho with words and touch after a shard of his heart returned, causing him to be terrified. In Crow Princess , Fakir ended up having to tend to Mytho more than usual due to his constant fears. Fakir truly does care deeply for Mytho and he's willing to do everything in his power to protect him.",tsundere
90c8dbd58ec78bf2,America,deredere/90c8dbd58ec78bf2.webp,"America is a cheerful, energetic, yet somewhat conceited young man who is obsessed with heroes, justice, and freedom. He has the habit of sticking his nose into everyone else's business, which causes him to have difficulty making friends. He loves hamburgers and junk food, to the point of an obsession, and can even eat strange and inedible things due to inheriting England 's sense of taste (or lack thereof). America is also known for not being aware of how ""the atmosphere"" is when he is around others (which, at one point, he was told to read it), but it has been noted that it is not that he lacks the ability to ""assess the situation"", he simply chooses not to. His profile states that his hobbies are sports, games, and making movies, but he also enjoys watching movies specifically of the horror genre. On multiple occasions, he has forced Japan to watch movies that he calls ""Too freaking scary!"" because they are about ghosts and paranormal activity. Japan gives him zombie video games to come over his fear of ghosts. Furthermore, in the side-story Black Ships Have Come , in introducing himself to Japan , he states that his hobbies are ""quick-draw, archaeology, and adventures"" (which is translated to Japan as America's hobby being lechery).",deredere
fd85904b3ad8db26,Soushi Miketsukami,deredere/fd85904b3ad8db26.webp,"Soushi in Youkai form. Before Soushi met Ririchiyo, he was a person with no identity, no sense of self, no feelings. To gain his freedom from the twisted household that never gave him the nurturing he needed to develop feelings, he created a persona that allowed him to fit naturally into any type of situation; targeting ever more powerful women of the house to help him achieve his goal. As he wrote letters to Ririchiyo at his former master Kagerou's command impersonating Kagerou, Soushi found himself changing. He realized he was becoming a kinder person, someone who could feel, because of this interaction with Ririchiyo - at first only from imitating her, and later noticing his own unique feelings. Currently, he is calm, sweet, caring, possessive, and a little self-defeating. Despite his innocent and collected demeanor he is shown in later episodes to be a pervert. He is clearly obsessed with Ririchiyo, as evidenced by the huge poster of her he keeps in his secret room. Soushi's compassion-fueled willingness to do anything for her is demonstrated by his response to the two men who insulted her.",deredere
94418334c435e5a4,Dia Kurosawa,kuudere/94418334c435e5a4.webp,"Dia is a very refined, polite and mature young woman who speaks in a formal style of Japanese, regarding all of her friends with politeness by referring to each of them as ""-san"", and usually ending her phrases with ""-desu wa."" Strict, hardworking, and a bit of a perfectionist, she dislikes it when things are done sloppily or incorrectly, which is part of the reason why she initially rejected Chika's application for a school idol club. She is very meticulous regarding small details, as far as going on tirades regarding the unorthodox reading of certain Kanji . Though always trying to remain dignified and serious, Dia has a short temper, and she can be quite brash and melodramatic, while she also has a smiley heart and is very kind to her group. Whenever she denies something, she uses her catchphrase ""Buu buu desu wa!"" ( ブッブーですわ！ , ""Bzzt bzzt, it is not!"" ) , as if imitating a buzzer. She also tends to become overly zealous when school idols are involved, as she is very passionate about the subject, which becomes apparent in Season 1 Episode 2 .",kuudere
571ac9e229f5c72e,Ayano Yuugiri,tsundere/571ac9e229f5c72e.webp,"At the beginning of the story, Ayano is shown as a sweet, kind and generous individual when she treats a lunch to Shu Ogata . She likes to take care of others, though she herself always refuses to admit this, instead thinking of it as her own selfishness or something everyone would do in her position despite that often not being true. She dislikes relying on others who tend to be out of unnecessary troubles. She has a hidden irritable side that comes out around Shu or the women associated with him. Her rebellious attitude makes other obvious that she is worried about someone. She sometimes tends to get jealous and can be very mad and angry over Shu's relationships with women, especially Kisara . One such instance is when she saw the photo of Kisara taking a snap with the sleeping Shu.",tsundere
1720e462519e1249,Akane Sakuramori,tsundere/1720e462519e1249.webp,"A serious and competitive person by nature, she is generally irritated by constantly losing to Saito in tests and his overall lazy demeanour. She's not, however, a bad person and is generally friendly with others. Akane is nonetheless easily embarrassed and has shown difficulty to express herself properly at times, mostly with Saito, which results in unintended actions for which she feels badly after calming herself down. Living together with Saito, forces her to retrospect herself, and be more willing to concede and cooperate, resulting in less hostility and lowering more of her guard. More than anything she's laser focused on achieving an undisclosed dream, and is willing to marry Saito to achieve it.",tsundere
c53cfdd75da6f78c,Issac Dian,deredere/c53cfdd75da6f78c.webp,"Isaac and Miria are both extremely charismatic and vivacious, spreading happiness to anyone and everyone they meet without conscious effort. In the process, they often befriend all manner of unlikely people including the likes of famed hitman Ladd Russo and stoic assassin Chané Laforet . That their personalities remain unchanged into the early 2000s is a testament to their indomitable will. While Miria tends to follow Isaac's lead, she does so not out of obligation or deference but simply because she wants to, delighted in how her partner can make her laugh. In fact, on at least one occasion, she takes the lead when Isaac is trying to muster the courage to rescue Ennis , Miria grabs his hand and shouts that they ""absolutely, positively have to save her"" before taking off down the street with Isaac in tow. When the two are involuntarily separated, Miria weeps when she is out of sight and away from others' prying eyes. With her friends, she puts on a brave front and acts like her typically cheerful self; though terribly sad, she remains sincere in her efforts and her belief that she will see Isaac again. Isaac, meanwhile, thinks about Miria constantly and cannot wait to reunite with her.",deredere
2c0b5df2e81bde2b,Yin,kuudere/2c0b5df2e81bde2b.webp,"At first, Yin was portrayed a doll unable to show any emotion. Huang mentions that this is due to her ""program"" which was minimal and didn't allow her to make her own decisions. However, during the course of the series, Yin begins to display emotions and her own will, deciding to follow Hei and remain to be his partner, and even observes and notices a change in his behavior, despite not being ordered to do so. This has been made apparent when she called Hei from the void to come back to her and not leave her alone. In the process, her observation specter evolved or upgraded, now having a human-like body shaped with her silhouette and is capable of physical touch. She also seems to have feelings and affection for Hei, as commented by Amber . Which is then confirmed in Gaiden. Earlier in the story, Yin saw that Hei was helping a friend who had a doll and she just came to his apartment on her own accord which shocked Hei. She then showed that she really cared for the other doll as she urged Hei to assists in her silent pleas for help. Mao simply didn't understand this.",kuudere
387bf1c7d3cf1648,Setsuna F. Seiei,kuudere/387bf1c7d3cf1648.webp,"Having grown up as a Kurdish child soldier after being brainwashed by Ali al-Saachez to murder his own parents, and later cast away when he was no longer deemed useful, Setsuna became taciturn, introverted, and wholeheartedly against war. He believes deeply that there are key disturbances that prevent the world from coming together in peace and harmony, to the point of developing a habit of labelling specific people and/or forces as sources of conflict towards the world's path to peace. He has little tolerance for diplomats and politicians, believing that their negotiations only prolong wars and cause more strife. He has got a vendetta to settle and his past battle experiences stir up old bitter feelings, increasing his combat potential as a beneficial side effect. Though a self-proclaimed atheist, he often questions the motivations of God with people and worldly events. Having been saved by a Gundam when he was a child, he came to view the Gundams as the manifestation of salvation itself. He idolizes the Gundams so much that he wants to embody the Gundam himself, a means to eradicate all conflict. Ever since being saved and recruited into Celestial Being, he has devoted his being to realizing the organization's ideals and would not hesitate to fulfill them.",kuudere
8dfc1866bb984e23,Yuriko Mifune,deredere/8dfc1866bb984e23.webp,"Yuriko tends to be outgoing and confident, contrasting to Haruka Kotoura 's timid personality. At first, Yuriko was shown as a person who wants to use Haruka in order to prove she had psychic abilities. Later, it was shown that deep down, she has a caring side and was angered at the fact that Haruka was being bullied by Hiyori Moritani , blaming herself for the one who persuaded Haruka to do fortune-telling and apologized to her. She is also a very lively person and a bit bossy, often shown when she does not hesitate to drag other people to the club room in order to try and persuade them to join, to the point that she locks the door to prevent Yoshihisa Manabe and Haruka from escaping the club room when they entered there for the first time.",deredere
57cf289bb6da6752,Maria Inomata,tsundere/57cf289bb6da6752.webp,"Maria has a harsh personality and low tolerance for those who come to school for reasons besides studying, which distances her from the other students. She also has a strict policy on following the rules, and gets furious when others do not. Her strong personality also defends her well against gossip. She tries hard in everything she does, be it studying, club activities or playing with the children. Although she is devoted to her studies and does not initially try to get along with her classmates, she feels the strain of being alone and becomes more eager to make friends—being noticeably happy when she first shares contact details with new friends (only having her parents' info before). She is a member of the cooking club, though her skills were somewhat limited (the cookies she baked were too tough to chew). She improves her culinary skills over time, to the point where her classmate Yagi considers her capable of teaching others how to bake cookies. She is quick to flip between being cold or angry to upset or embarrassed, often due to her awkwardness with social situations from studying all the time. She loves the daycare children but does not express it well. She is adored by Kirin who sees her as an older sister figure despite her gruff behaviour.",tsundere
3d5809c428dee16a,Anna Akagi,tsundere/3d5809c428dee16a.webp,"Outwardly, Anna is a charming celebrity with cuteness appeal that even threatening animals can't resist. But in reality she is very childish and selfish, always putting herself ahead of others to get what she wants or tampering with things to make competition as hard as possible for others. She has a foul temper and takes everything personally, and she loves to make a big show out of everything she does. But deep down she can be kind, and over time she is growing up a little to be less self-serving. She has also been shown to be quite the perfectionist, as she believed the reason for her failure to obtain her colored jewel coord was because she slipped up on the rotation of her dance in Heroine's Drama . In season 3, Anna becomes a little more distant and less interactive with other channels (specifically Miracle Kiratts) because of her determination to win the competition presented to her. After winning the Melody Princess Cup , she stops acting distant like before.",tsundere
28de7296d411e762,Copa,deredere/28de7296d411e762.webp,"Copa is a scared and helpless girl as she cried in tears of fear when she learns that Rogue Out had kidnapped her and taken her to Guilst. However, Copa seemed smarter than she looks when she is the first of the kidnapped B-Cubers to notice that the foam Illega used to dissolve their clothes also dissolves the glass and metal, which gives Rebecca an idea to escape through their cell's only glass window.",deredere
d72334d0626e4050,Lucas,tsundere/d72334d0626e4050.webp,"A taciturn and unfriendly man. His parents upheld a very lackadaisical French lifestyle and, as a result, were not very good role models to him growing up. Because of that, he hates players, resulting in him and Leon quarreling often. Because he's the composer of I♥B , he's good at performing alone. He is a transfer student from France. He's a fan of Kusakabe Torahiko 's children’s stories, so they get together to talk about writing them from time to time.",tsundere
cc394fe6709bbce0,Futaba Marui,deredere/cc394fe6709bbce0.webp,"Futaba is a cheerful, respectful and happy prepubescent tomboy. she is by far the nicest, but also the dimmest. Like a warrior, she is humble and always reflects on bad actions, and she consistently refers to herself with the humble pronoun shousei (小生). Futaba tends to think of others before herself, but she has odd ideas about what common sense is and frequently misunderstands situations. One way she tries to be helpful is by ""becoming"" things for her sisters; for instance, she tried to act as a replacement for Hitoha's thumb when it was injured, and she even gets jealous of Mitsuba's vibrating ab belt because Mitsuba thinks that it's better at vibrating than her. While Futaba is goofy, she can be quite dedicated to topics that interest her. A particular passion of hers is breasts, with which she has an odd obsession. Her fascination with breasts is probably due to the lack of mother figure in her childhood she uses a breast-shaped pillow to sleep and views it as an object of comfort. This sort of behavior is misunderstood by others - especially Chiba - who view it as perverted behavior. In reality, her obsession does not seem to be sexual in nature, though it sometimes comes off that way, especially to people who don't know her.",deredere
483b92bb3002bc43,Kanade Tachibana,kuudere/483b92bb3002bc43.webp,"Kanade does not appear to be much different than a typical High School girl, but this is contrasted by her lack of detectable emotion. It is difficult to understand what she is thinking due to her rarely showing any outward emotion. Her lack of expression also makes it difficult to determine whether or not she has any consciousness. The story reveals her to be rather intelligent, as she was able to make use of the Angel Player program, creating weapons and giving herself defense mechanisms. This lead to the Afterlife Battle Front to believe she is an angel from God. In later events, she is shown to have abandoned being friendly because of the rules of the world she is in, as her newly-found friends inevitably leave her when they disappear. As the series progresses, she shows a little of her emotions, mostly to Otonashi. In Episode 13, Kanade goes as far as to give a small pout and can be seen smiling at times. She is fond of eating Mapo Tofu , even going so far as to ignore school rules to eat it. She also includes it in her self-made school anthem at the close of the series. She spends portions of her free time gardening, and is actually part of the disbanded gardening club. She recently became friends with Otonashi , even though she didn't realize this until Otonashi said so.",kuudere
f4f866ec178b5514,Hazumu Osaragi,deredere/f4f866ec178b5514.webp,"After Hazumu's resurrection, she retained just about all of her personality traits, since they were mostly feminine to begin with. However, she had many masculine habits and ways of doing things that seemingly needed to be readjusted, and/or replaced with feminine social habits and customs. She continued her loyalty to her friends, male and female alike. And she had always got along well with her parents, anyway. But some social friction and necessary adjustments were in order, as always comes upon a girl when she goes through the teenage years. Hazumu evenhandedly relearns many attributes, with the help of her friends, notably Tomari, and is able to adapt to her new social situation rather well. Not so much so for her friend's and schoolmate's attempts to adapt. Hazumu shows that she is humble and teachable with regard to the efforts of others to help her, even if her parents are off on a tangent and going 'bananas' about the whole gender transformation. Hazumu has always had a kind, caring, and loving personality. However, Hazumu has always felt shy and reserved, not wishing to interact with many people, lest it go sour due to their perceiving 'male' personality actually sporting feminine traits and actions.",deredere
fba52c614dbfca57,Kotori Moegi,deredere/fba52c614dbfca57.webp,"According to Kotori's school information, she is a typical quiet student who only has two friends in her class. Because she carries around her doll Satori, she is considered weird by some and interesting by others. She is popular among boys for being cute and small. She can also be quite hypocritical, as shown when she called Ryu Yamada a weirdo (after her memories of him were erased) when he came from behind her, talking to Shoba Doll .",deredere
199fb443814bd5c5,Yuusuke Tani,kuudere/199fb443814bd5c5.webp,"Hard to approach, Tani rarely shows his emotions and always gives off a cold impression towards others, even Suzuki, leading her to misunderstand his feelings sometimes. His manner of speaking is quite blunt, never sugarcoating his words, although, he is also mindful of his words. As the story progresses, Tani is shown to be very attentive, while also possessing a strong sense of memory, such as when he hesitated to wipe Suzuki's tears knowing the delicacy of her mascara, or when he remembered all locations and names of characters in the Yeti movie; yet missed major emotional themes that Suzuki picked up on as his counterpart. Uniquely, he's rather good at giving direct compliments to others, such as when he complimented Yamada regarding his friendliness, or the especially unsuspecting Taira on more than one occasion.",kuudere
803996cf0b89ec42,Yuu Sonoda,tsundere/803996cf0b89ec42.webp,"Yū is a cheery girl with a happy-go-lucky, energetic and childish attitude, which quickly endears her to everyone around. Whenever she's in a foul mood, she can be difficult to communicate with, but she is overall shown to be innocent and sweet. She often has no idea about the subject if the topic doesn't involve sports of some kind. She prefers running around outside than sitting still. Yuu has a tendency to fall asleep -namely in class or during study- whenever she gets bored. She can't remember much and struggles focusing, to the point of having to come up with some outlandish ideas to try to remember whatever she's learning. Despite this she does possess some common sense and is capable of picking up on things Haruka Takayama and Mitsuki Sonoda miss. Compared to Haruka, she is more reluctant to openly show her affection and needs convincing often, but she enjoys all the kisses with Haruka. With the progressing of the series and their relationship developing, she started to initiate kisses more often.",tsundere
198f6dab1774caf9,Ouka Shiunji,tsundere/198f6dab1774caf9.webp,"Ōka is very popular and outgoing, easily able to make friends of any gender. She is the ace of the school swim team while simultaneously ranking as one of the top students in their entire school, second only to her older sister Seiha Shiunji . Her ranking in academics is mainly due to her ability to put in hard work. While kind hearted to most people, she tends to be rather feisty with Arata as the ""twins"" regularly butt heads. Despite this, the two share a close bond and it's stated that they had many moments in their childhood where their thoughts and actions were so in sync that friends assumed that it must be some kind of twin psychic connection. The bond between them is very special to her.",tsundere
94351d5059bf25ff,Juvia Lockser,deredere/94351d5059bf25ff.webp,"Juvia is first introduced portraying an emotionless face, seeming more secluded from everyone, including members of the Phantom Lord Guild. After she joins Fairy Tail, she develops a happier demeanor. She is obsessed with Gray Fullbuster to the point that her jealousy and paranoia considers anyone who remotely gets close to him a rival even if they show no interest. when Meredy threatened to end him, Juvia loses her calm demeanor and entered a somewhat satanic-appearing state that frightens Meredy and even Erza. Initially, Juvia came off as rather shy about her feelings for Gray, originally stalking him up until she worked the courage to talk to him and ask to join his guild. Even after joining, while becoming closer friends, she still had trouble expressing her affections to Gray. Overtime, Juvia has become quite bold towards Gray, being clingy and boldly expressing her love for him, cooking treats for him, even offered him to touch her body, all of which bother him greatly. Juvia also seems to have a slight masochistic side; upon making a mistake, she asks Gray to spank her as punishment, saying it's her ""hobby."" She's also very polite towards others, typically addressing others with honorifics, though she addresses Gray as ""Gray-sama"" only.",deredere
e8a4a2e1c08c3a67,Maki,tsundere/e8a4a2e1c08c3a67.webp,"Maki is a rude, violent, merciless, murderous, and sadistic psychopath who enjoys hurting people she doesn't like and has zero qualms about killing another person, given her job as an assassin. She has a manipulative side, often using her cuteness to an advantage, to get what she wants with fake tears and lies. Such as manipulating both Mawari and Nagasumi's Parents at different points into thinking that Nagasumi had mistreated her. She often puts up an innocent facade with strangers to hide her true intentions, but her true personality inevitably shines through. She deeply cares and is devoted to Sun. Her devotion to Sun can be seen as being that of a big sister, or possibly even having a crush on her. However, she is not above manipulating Sun to distract her so she can kill Nagasumi, which she continues trying to do despite her objections out of both loyalty to Gozaburo and personal feelings. However, Maki cares absolutely nothing for her ACTUAL younger sister, Fuki. From a young age, she saw her biological sister as a cheap copy of herself (Maki 2) and cruelly bullied/tortured her. She held no remorse for this, and cared so little about Fuki overall that she completely forgot she even EXISTED after moving to Seto. Showing her sociopathic, sadistic, and cruel sides.",tsundere
a99bb3c947137f90,Yuno Grinberryall,kuudere/a99bb3c947137f90.webp,"Yuno has a calm and emotionless demeanor and speaks only when he really needs to convey his thoughts. His manner of speaking often makes people misinterpret what he means. Despite his detached nature, Yuno harbors a strong ambition to be the Wizard King , which he developed while growing up with Asta . Additionally, Yuno has a sense of rivalry with him so strong that he will go to any length to stop anyone who tries to put Asta in harm's way. He also goes out of his way to make Asta look good in the eyes of others, even to the point of Asta's expense, such as when he attacked Asta with his most powerful magic, knowing Asta would block it. Yuno is also known to be very blunt and not hold back what he thinks. While cold and distant towards his Golden Dawn members at first, he has grown more friendly and sociable, and he has since established great friendships with mages such as Mimosa and Klaus. Because he spent most of his childhood living with Asta, Yuno possesses similar traits as he does. One is his tenacity and will to never give up, both of which he learned from training together with Asta in their early days.",kuudere
34049e287e8d4fd4,Rinne,kuudere/34049e287e8d4fd4.webp,"Rinne is shown to be happy and quite outgoing, but when she lost her memory, she appeared to be emotionless most of the time. Due to her amnesia, she can also be a bit naive, which attracts many males with her mysterious nature. Her expression starts to change when Naru teaches her the meaning of 'happiness'. When performing in Prism Shows, Rinne is the exact opposite of her emotionless self, as she clearly can be seen smiling happily.",kuudere
ca5a93aa89f06ec9,Torako Koshi,tsundere/ca5a93aa89f06ec9.webp,"Wanting to change for the better after being a delinquent, Koshi has vowed to renew her ways. Within a year, has become the complete opposite, becoming an honor student who's athletic, kind, helpful, and adored by all. She is introduced as a composed person who is always in control, although this becomes challenged after meeting Shikanoko Noko , wherein the latter's antics makes some of her delinquent-like traits slip out more often than she would like to admit. Her delinquent mannerisms can include more threatening language, sharp glares, and a deeper voice. She dislikes being the only one self-aware about the consequences of Noko's nature and antics, especially when her own reputation is put on the line. She also dislikes whenever she is the only one putting in any effort in doing things that is expected of a group. She dislikes when her past as a delinquent or other secrets are brought to light, often by Shikanoko Noko. She is very easily embarrassed, often heavily blushing from romantic gestures like love letters, or inquiries about her love life. Torako also tends to get embarrassed from situations she puts herself in - such as being observed when singing to a deer . This embarrassment often causes Torako to freak out.",tsundere
0945bed2b56b008b,Mikako Kouda,tsundere/0945bed2b56b008b.webp,"Much like the original series, Mikako's tendency to shout ""WARP!"" and dash off at the speed of light remains intact. Something that usually (albeit comically) results those to outwardly question how old she is. Aside from that habit, Mikako is introduced as a well-rounded, charismatic, kind, mature, and hardworking young woman. Now that she's the president of her own clothing company and that she also has a family of her own.",tsundere
d5f9a3410bde16fa,Lacia,kuudere/d5f9a3410bde16fa.webp,"Any normal Android has an artificial and mechanical ""personality"", getting ""happy"" only when its owner is satisfied. Lacia was like this when she saved Arato's life, doing so only after he agreed to become her owner and take full responsibility for her actions. Even after saving his life and moving to the home of Arato and his sister, Lacia maintained her robotic personality, doing everything only for the happiness of her owner and his sister, without ever thinking about her own happiness and free will. This changes, however, when She receives Arato’s Love Confession. In that moment something changes in her programming that gives her somekind of free will and Lacia makes her own first choice by destroying and ripping her Contractor from her chest thus making it impossible for someone else to become her owner and making it impossible for her to continue to exist without him, thus linking their lives permanently. From this moment forward, Lacia's personality continues to evolve, becoming less artificial and mechanical, acquiring traces of humanity with signs of shyness becoming visible whenever she is alone with Arato, she also starts to smile more in his presence, showing her evolution and how his presence makes her happy.",kuudere
932abf680f358733,Luna,tsundere/932abf680f358733.webp,"Luna is very dedicated to the mission of the Sailor Guardians , always reminding them of the importance of their duties. She is particularly stern towards Usagi , who she hopes will mature and progress the fastest. However, this is only because she wants the best for Usagi , even if she is unable to express it. Luna usually has a serious disposition and always encourages the girls to be mindful of what they need to do. However, she can lighten up at times, and has shown somewhat of a silly side, sometimes letting the girls do their own thing and occasionally getting involved in some way. She teases Usagi from time to time as well. Luna is also into romance, and hopes to find love, curling up with Artemis, or falling in love during some storylines. Luna can also be somewhat quick to judge others (like when she mistakes Ami for a monster upon their first meeting) and can also be quite cold, taking a while to warm up to others.",tsundere
1576560ac85a11cc,Keiko Yukimura,tsundere/1576560ac85a11cc.webp,"Keiko is Yusuke's childhood friend, and later they became a couple. They grew up and studied together in the same school since they were kids. In many ways, Keiko is the opposite of Yusuke. She is sweet and calm, but sometimes she gets angry. But she is mostly angry at Yusuke. She is also equally known for her intelligence (she is the class representative of their section) and dependability. As a class representative, she often scolds Yusuke because of his bad student habits like skipping classes and being absent for many times but inside, she really wants to protect him. She and Yusuke are a lot closer than they would like to be sometimes (i.e. Yusuke groping her etc.), but nonetheless, it is clear that they love each other. Despite her sweet nature, it is revealed she has a short temper which is more often revealed in her interactions with Yusuke, who tends to annoy her with his at times insensitive comments (most of the time he never means to be insensitive or hurt her feelings) and is willing to retaliate with punches towards Yusuke.",tsundere
138d210f07fd95e5,Aoba Tsukishima,tsundere/138d210f07fd95e5.webp,"Aoba's a tomboy with a somewhat short temper, especially when it comes to Kou. She's an amazing pitcher, with Kou modeling his pitching style after her. She had a big sister complex when it came to her sister, Wakaba and really didn't like Kou taking Wakaba away from her. As the series progresses, she becomes less and less hostile. She attracts the attention of a lot of guys as well, but doesn't seem to be interested in any of them. She is also not a good cook.",tsundere
f13577ee8af1babc,Fear Kubrick,tsundere/f13577ee8af1babc.webp,"Fear Kubrick , originally known as Fear-in-Cube , is known as the first Waas who was created by the Dominion Lord, Trinac Agana. She tried to steal rice crackers from Haruaki 's kitchen and was caught by Haruaki. Later, Haruaki gave her rice crackers and roasted tea. She also Likes ""Furry Cute Creatures"" that was shown on TV. She is easily fascinated by many things. She thinks a spider is a monstrosity. She also doesn't like to be in the center of attention.",tsundere
b97368936ac1251f,Maki Nishikino,tsundere/b97368936ac1251f.webp,"She also has somewhat childish beliefs which are undoubtedly reflections on her somewhat sheltered upbringing. One such example is her uninterrupted belief in Santa Claus, which the rest of the group finds out about while together. Maki continues on to describe (somewhat proudly) how she cleans the chimney for Santa, and how he never misses her house. Nico attempts to disillusion her, but is held back by other members who did not want to ruin Maki's belief. Maki was initially portrayed as a loner in the first few episodes, and spent her time alone in the music room. Throughout the series, Maki opens up more and more, but elements of her solitary life before µ's crop up from time to time with her awkwardness and inability to properly admit her investment in their friendship. Maki is also quite stubborn. This was shown when she was invited to play at the beach, as she was withdrawn from the group and not interested in playing with them. Although Maki is not conceited nor stuck up, there are moments where her pride combined with her privileged and sheltered upbringing with few other friends lead Maki to unintentionally act insensitively or arrogantly. Her personality often clashes with Nico Yazawa , such as when she called Nico stubborn during Season 2 Episode 4 .",tsundere
7fb3e28a018850d1,Shio Kobe,deredere/7fb3e28a018850d1.webp,"Shio is shown to be a kind, naïve and innocent little girl who doesn't know many things outside of the apartment she resides in. She tries her best to work hard as she can and watch over the house while Satou Matsuzaka is away at school and work, and routinely greets Satou whenever she returns back home and is always happy to spend time together with Satou, showing a genuine love and kindness towards her. Shio believes that both she and Satou need to stay together, otherwise they would both be broken and incomplete forever, thus further exemplifying her love for Satou. While her interactions with other people besides Satou are limited, she still displays the same kindness and sincerity she would with Satou, which draws many people to her and sometimes draw obsession with other people. She is typically referred to as an ""angel"", a ""light"", ""the Moon"", and other otherworldly symbols and beings, suggesting that her purity is a rare and enlightening trait of her personality that makes her almost ephemeral, though she is shown to not be as pure as she retorted to Taiyou Mitsuboshi that she is not pure.",deredere
03dfec822dde279c,Aki Adagaki,tsundere/03dfec822dde279c.webp,"Aki is known to have a cruel personality who rejects boys in humiliating ways by giving them bad or cruel nicknames often in front of the whole school and she hurts others to avoid hurting herself. She hates boys and tends to scare them off that she earned the nickname ""The Brutal Princess"" or ""The Cruel Princess."" She has no background knowledge on what is considered as ""normal"" outside, as shown when she wore cosplay clothing to her first date with Masamune Makabe and she relies mostly on Yoshino Koiwai (Aki's maid) as she is incapable of a lot of things. She is also self-aware and embarrassed about her eating habits, partly due to hypoglycemia, but mainly because of the disappearance of Masamune, in which she told him that she gorged it off on food and felt miserable ever since. Since she is called the Cruel Princess, if anything embarrassing was to come out of the school that revolves around her (such as her habit of eating too much) Aki's image of being the cruel princess would be tarnished. This is one of the reasons why she eats in the storage room, another is that if she was eating a normal amount of lunch, her stomach would rumble loudly afterward which can distract her classmates and would embarrass her at the same time.",tsundere
8ed2179d34f7e0e1,Mel Shidou,deredere/8ed2179d34f7e0e1.webp,"Mel is a cheerful and highly energetic girl with an emotional side. She is a bit eccentric and greets everyone with a kiss on the cheek. She is also a foodie and she loves eating; once eating several cupcakes Mirai's mother made, and fought with Emo for a doughnut. She's highly optimistic and rarely ever shows anything on the contrary. Though, she has a weakness of staying idle for even one second.",deredere
b63674aed6cfc4a8,Rushuna Tendou,deredere/b63674aed6cfc4a8.webp,"Rushuna is fairly natural and straightforward, and even before she is framed as a wanted criminal, she is mistaken for an outlaw femme-fatale, forgets a pouch containing extra bullets, has her panties come off in an attack and goes into a no-panties state, and fights wearing a rabbit doll outfit. There are many times when she faces all sorts of peril, such as getting into trouble, but she overcomes everything with a smile regardless. Also, if a hostage is taken or a colleague is injured, she will not jump over or even turn the castle into an enemy. There is an upright side that tries to face difficulties head-on, such as asserting that 'I did nothing wrong' even though there is a bounty on it. Rushuna has a weakness for taking hot baths, and she indulges in this pursuit frequently. One of the characters with the most different personality from the anime version and the original. Even though Yajiro also shows different aspects of his personality, he basically maintains consistency as a serious swordsman character, but in the case of Rushuna, it is so different that it can be considered a separate person with the same name.",deredere
9533ba26eebfae55,Sakura Kinomoto,deredere/9533ba26eebfae55.webp,"Sakura is a very energetic and cheerful ten-year-old girl. She often comes across as naïve, clumsy, dense and clueless. However, she has her perceptive moments on occasion and cheerfulness is one of her best qualities. She is very athletic, being a member of her school's cheer-leading squad and an excellent runner, a trait she inherited from her father. Her ""invincible spell"" ""Everything will surely be all right"" (""絶対大丈夫だよ"" ""Zettai daijoubu da yo"" ) has carried her through innumerable trials and obstacles as she masters her magical skills. Her catchphrase is ""Hoeh!"" (""ほえ！"" "" hoe!"" ) which is usually stretched and is used whenever she is shocked or scared even the slightest. She also frequently shouts ""KERO, NO!!!"" when scolding Kero. Sakura's optimistic and trustworthy character allows her to be friendly with everybody, she is very outgoing and the entire series focuses on the friendships she creates with people, whether strangers, loose acquaintances, or rivals. In fact, her personality is a dominating factor in her relationships, especially with Syaoran Li . Though sometimes she's quite gullible and believes what everyone tells her, her charm can win over anyone (as shown with Syaoran in the series).",deredere
ced1d8efc5aa38a7,Hikaru Shidou,deredere/ced1d8efc5aa38a7.webp,"Hikaru Shidou is brave, cheerful, spirited, affectionate and humble girl with a tomboy-ish disposition. She gets excited with little things and has the strongest will among the trio. As the Knight of Fire, she is innocent and empathetic, yet possesses immense bravery and skill in kendo. While sometimes naive, she is a deeply loyal friend who matures through the journey, ultimately choosing to fight against the tragic Pillar system to create a better future. Empathetic, Hikaru possesses a deep capacity for compassion, resilience and forgiveness, often trying to understand her enemies motivations rather than simply fighting them. That aside, she developed deep trauma after the guilt of killing Emeraude , becoming introspective and more melancholic. In the anime she repressed her trauma creating a darker twin called Nova . Hikaru also has a deep love for animals, as shown in her bond with her dog, and desire to take care and connect with Cephiro creatures, her dream in earth was to be a dog trainer. Reflecting her Kendo skills, her magic weapon is a sword made from Escudo , her weapon would turn into flames if touched by anyone but herself. During a field trip in Tokyo Tower , Hikaru is summoned to Cephiro by Princess Emeraude , along with Fuu Hououji and Umi Ryuuzaki .",deredere
687969d976a378cf,Mem-Cho,deredere/687969d976a378cf.webp,"Mem-Cho is generally playful, bubbly and somewhat mischievous, which makes her look adorable to any onlooker. In some regards these characteristics could be perceived as lies to protect herself and allow her to fake her age and portray the persona of a typical high schooler. Mem-Cho is overall a person burdened by circumstances. Due to her mother overworking herself in order to allow Mem-Cho to follow her dreams of being an idol, she decided by her own volition to put her own desires aside in order to support her family, working hard extensively and successfully to bring enough income to put her younger siblings in college, showing her as a mature, responsible and selfless person who can gauge her priorities adequately. However, by the time their financial situation was stable, she was far too old to pursue her dreams, due to the discriminatory demands from most agencies. Ultimately she turned her passion into streaming by portraying herself as a ""High School Student"" gaining a massive following. This eventuality, shows her as crafty in the making of her online character; she's technically not lying due to having put her high school studies on hold, but is also self-aware of her public perception.",deredere
335b78c2ff9024db,Tanya Akurou,kuudere/335b78c2ff9024db.webp,"Suou Pavlichenko about to photograph a shy Tanya. Before she becomes a Contractor, Tanya was a normal high school girl with a shy disposition. Afterwards, like most other Contractors, she became cold and logical who still does have a human side to her as evidenced when she apologized to Nika Lobanov or when she started to reminisce over her life as a human after Suou Pavlichenko splashed her with water, smiling afterwards.",kuudere
5f0bb56c22fd2ab1,Suzu Kanade,deredere/5f0bb56c22fd2ab1.webp,"Suzu is a very empathetic person, and especially with Ayakashi, with whom she developed a strong bond since her youth. She is oftenly seen caring for them, using her powers to heal them, or trying to fix the problems they encounter, which made most of them fond of her. Her caring and generous nature makes her also compassionate towards her enemies, she is shown able to sympathize with their situation and feel emotionally involved in their struggles and motives. She avoids hurting them even in a life or death situation, and would even go to the extent of crying over their death, she'd rather try to convince them to stop their mischiefs than fighting and killing them. In general, she tries her best to use her powers to help people around her regardless of their motives or personality. Suzu is also really passionate about love, making up all kind of plans to make Matsuri Kazamaki fall for her, and is determined to not let her rival in love, Reo, have the upper hand on this matter. She is depicted as having a strong libido, Shirogane describes her as ""shameless"", her mind oftenly wandering to lewd thoughts, mostly involving Matsuri and what she wants to do with him. She also sometimes act ouf of her sexual attraction to Matsuri, trying to seduce him, feel his body or kiss him.",deredere
4091972204dd084c,Shiho Izumi,tsundere/4091972204dd084c.webp,"Shiho is generally a kind girl; she's easily swayed by her own emotions and tend to say things that might make others upset. When she first appeared, we can see her showing some hostility toward Aki and especially Yori . In spite of this, she actually behaves kindly toward other people, for instance, she still cares a lot about Himari even after learning that Himari was Yori's girlfriend. Toward the later chapters, we found out the reason for her past behaviors. These behaviors change after she listen to Aki's speech of reconciliation at the culture festival. Now we get to see a new side of Shiho, she's still the same as before, but meeker and more modest. At this point, she doesn't show her hostility anymore and seems like she has turned a new leaf.",tsundere
af925c2b9f8768ba,Wakatoshi Ushijima,kuudere/af925c2b9f8768ba.webp,"Ushijima is a quiet and stoic individual, not speaking very often, and often maintaining the same fierce expression on his face which often gives him an intimidating appearance. One of Ushijima's most notable characteristics is his tendency to bluntly, but honestly, say what is on his mind, causing him to come off as tactless or rude. Due to his limited social skills and being incredibly earnest, Ushijima can appear awkward and unintentionally funny. He does not seem to be able to read people or certain situations very well, and often takes jokes and figurative language from others literally. Despite this, it is noted that when Ushijima does give actual praise or support, it is completely sincere as he never sugarcoats or minces his words. He is immensely confident in his skills and does not ever doubt that he or his team will win to the point that when Oikawa bragged that he and Aoba Johsai would be the one's going to nationals, Ushijima genuinely thought that he was confused and corrected him that only one team is allowed to go.",kuudere
b9b75c31535c8038,Mei Yoneme,tsundere/b9b75c31535c8038.webp,"Mei speaks to strangers in a rather abrasive tone and comes off as frightening to other students, but she is actually very shy and has a diehard adoration for school idols that she keeps secret out of fear of being judged. Mei gets embarrassed when she is called ""cute"". After joining, Mei starts to come out of her shell, and becomes much more comfortable being herself around her new friends. Her tone of speaking changes from sarcastic and dry to calm and soft during live performances. She is very close with Shiki, and confides in her regularly about her troubles.",tsundere
c64a7d7e9933776d,Mizore Shirayuki,kuudere/c64a7d7e9933776d.webp,"When Mizore was first introduced, she was portrayed as a lonely, depressed and misunderstood girl. In the first semester she confessed her love to Okuto Kotsubo (Mizore's teacher), who then began to take advantage of her, which leads Mizore to freeze him. With the incident rumors spreading about her, but after meeting Tsukune Aono and becoming friends with everyone after a short about between her and the vampire named Moka Akashiya , Mizore is shown to be a calm and reserved girl with little emotion, which she only expresses when having moments with Tsukune. She starts to love Tsukune so much that she wants to have babies with him, even if she has to force him. She is often seen stalking and hiding in different locations, which is often played up for comedic effects. (She often hides in amusing places; in bushes, under tables and occasionally within furniture). In addition, she gets into comedic arguments with Kurumu Kurono quite often, and they are often seen butting heads or having childish fist fights, though they remain to be close friends. For instance, when Mizore is forcefully kissed by Miyabi Fujisaki , Kurumu comforts her and prevents Mizore from committing suicide.",kuudere
2906bf8e2828bb12,Yurin Ullen / Hasebe Yuika,deredere/2906bf8e2828bb12.webp,"Due to unfortunate circumstances, Yuri was abandoned to the Church in Alleius to be raised. All alone and scared, Yuri developed a warped personality and became a religious fanatic, believing entirely in the Word of God religion. She often tries to force other people to believe the same things as feverishly as she does, and any slight against her faith is also a slight on her. She does not understand how anyone could not believe in the Word of God, and so does not take any social cues that other people do not want to talk about her faith. She is also overzealous about people who become enemies of the Word of God, often going straight for the ""execution"" route. As seen in the flashbacks, in her previous life before reincarnating, Yuika had a much more normal personality. As seen during her time in school, she was also one of the more considerate and understanding people of her class, this is seen where she was one of the few who believed that Natsume wasn't that bad of a person and thought that there was more to him than his arrogant, surface demeanor.",deredere
e91b8245c6416369,Aoba Suzukaze,deredere/e91b8245c6416369.webp,"Aoba has a cheerful personality. She is very polite and strives to do her best for the company, but she has a childish side to her, especially when it comes to things that she likes, such as her favorite games. She is hardworking and is loyal to her friends. Due to her earnest personality, she is able to earn the respect and trust of both her colleagues and her superiors in the company. She is also shown to have a sadistic side, as remarked by Hifumi Takimoto , as Aoba would have liked to see her squirm in embarrassment, and also teases her childhood friend Nene. This is also seen when she 'tortures' a snowman in a hot spring. Aoba contrasts strongly with Momiji Mochizuki 's personality. They appear to be exact opposites in every way, from attitude to physique.",deredere
25a2ac7f4718ebd2,Shizuku Hasei,kuudere/25a2ac7f4718ebd2.webp,"Shizuku is a maid in the service of Aya . She has been serving Aya since her birth as a family tradition. She is loyal to Aya and is usually cool and taciturn, but she treats Tsugaru with disdain and often violence, as she is more than glad to punish him when Aya asks. She carries a bayoneted rifle called ""Tachikage,"" which she can use either as a firearm or sword. Tachikage is based on a Spenser 1865 Carbine .",kuudere
c0500e4e614f08de,Yui Hirasawa,deredere/c0500e4e614f08de.webp,"Always looking for fun, Yui is fearless; anxiety and stage fright are unknown to her. She likes everything cute and makes a lot of physical contact with others, like holding hands or hugging. She also loves everything sweet, so she's energized by the sweets that Tsumugi brings and her physical constitution is such that she does not gain weight no matter how much she eats. She can't stand being hot or cold, so she spends the winter under the kotatsu and rolls around on the floor in the summer in front of the fan to keep cool. Yui is rather lazy, so her grades with the exception of fine arts are always on the verge of failing; sometimes she is the only person in her class who needs to retake a test , while other times she manages to avoid failing all of her subjects by a one point margin. She has an average figure. Yui lives in a family of four with her younger sister Ui and both parents. Her parents are a ""lovey-dovey"" couple and often go on trips together, leaving both daughters behind. Having misunderstood that ""light music"" means ""easy music"" (like whistling), Yui joined the Light Music Club and picked up the guitar with absolutely no prior experience.",deredere
fd94de8b03ccf841,Chisame Hasegawa,tsundere/fd94de8b03ccf841.webp,"Ken Akamatsu 's previous series, Love Hina , centered around the lives of several girls, particularly in the main lead of Naru Narusegawa . Although typically depicted by her beautiful, yet fiery nature, Naru was also a genius in studies. She has an alternate appearance, which included braided hair and a pair of glasses. This is intended to hide her more studious side while attending the cram school and maintain the image of the fiery Naru of the Hinata House. With the establishment of Negima! , Akamatsu knowingly split up Naru's personality into two separate characters: the fiery, powerful yet concerned lead part went to Asuna Kagurazaka and the more reclusive girl with the split personality went to Chisame. The split in Chisame's own personality is more dynamic compared to Naru because of the contrast between her forms with and without her glasses. The typical Chisame, ponytailed and wearing glasses, is depicted as a smart but extremely cynical girl with a logical view of the world. On the other hand, the alternative free-hair and glasses-free Chiu is a joyous personality, who expresses a sense of exhibitionism via her manipulations creating popularity through her own website.",tsundere
849235e1fd9476a0,Anne Anetani,kuudere/849235e1fd9476a0.webp,"Anne seems to be a serious person and doesn’t usually show much emotion. However she does hold a grudge against modern humans, as they played a large part in the extinction of her species. As such, she views them as barbaric, egocentric creatures and wishes for them to die out as well To aid her goal, she is shown to be deceptive as well as manipulative. This is demonstrated when she pretended to be a human in order to get closer to Jin Mazama and Hitomi Hino , as well as when she tried to convince Ranka Ookami that humans were cruel beings and that she should leave Jin.",kuudere
41132937716a3bc7,Yumoto Hakone,deredere/41132937716a3bc7.webp,"Yumoto is innocent, appears to be gullible, and seems to be a cheerful and happy-go-lucky person. He lacks a bit of common sense and seems completely unfazed by strange events, as seen when he wasn't bothered by the fact that there was a talking pink wombat near him. He gets upset when anybody points out the fact that he is an airhead, which may indicate that he doesn't try to act gullible on purpose. He also has a living fascination with cute and cuddly objects, as seen when he doesn't give up on a chance to hug Wombat . His unorthodox thinking, while not the best for his grades, assists him with defeating The Loveless.",deredere
fc15d3fc2019cd57,Kagura Baldwin,tsundere/fc15d3fc2019cd57.webp,"Kagura has been shown to exhibit the attributes of a two-faced person, with one incredibly kind and warm-hearted on the outside, but a very sadistic one on the inside. The warm smile that her family first taught her, being that one tool with which she manages to hide her intentions and malicious nature from those around her. Most of the time, she's shown to be an incredibly level-headed person, who tries to solve problems that might arise in a rational and calm manner. But instances where she's lost her composure, or has lashed out at someone in anger and ended up throwing a tantrum, have happened more than once. With the limits of tolerance being finally exceeded, all the emotions she has stored inside her will burst out in an instant. And she, without a doubt, will resort to grievous physical or mental traumas on those who have made her too angry. As far as the Baldwin family name goes, she has proven herself to have an incredible sense of duty in her lifelong mission to awaken Mia's erotic side. Barely ever giving a second thought to using acts such as deception, blackmail, threats of death or grievous bodily harm to ensure that her plans are ultimately successful.",tsundere
b3175dcc580a33ec,Junon,kuudere/b3175dcc580a33ec.webp,"As the third form of Non Manaka , she is the pinnacle of Cool Idols. As a result, Junon displays a stoic and cool attitude. She is highly serious and boasts a considerable level of high intelligence. She is competitive towards those she deems a threat, even declaring a contest against SoLaMi♡SMILE and Dressing Pafé after she just debuted. Despite appearing distant, she was able to capture attention with ease from others. She also talks a lot about things that are cool in temperature-for example, she stated that Triangle would ""usher in a new Ice Age"". She often ends her sentences with ""Ju~"".",kuudere
7f212af7077c3eea,Meiling Li,deredere/7f212af7077c3eea.webp,"Meiling was initially a spoiled, arrogant, aggressive, selfish, and an obnoxious young girl. She is a bit hot-tempered, an energetic girl who wants to show off, and chased Syaoran from Hong Kong. Meiling has no magic power, so she can't use magic, but her martial arts skills are very strong. Due to her single-minded devotion to Syaoran, she was extremely jealous of Sakura Kinomoto and made her care little for everybody else. Meiling tried to assist Syaoran in his mission to capture the Clow Cards but would unintentionally often end up interfering or making the situation worse due to her lack of magic powers and bull-headness, which further added to her jealousy towards Sakura. However, she was ultimately a good and caring person at heart, as seen when Sakura was ill, and especially during the subsequent capture of The Cloud , Meiling was willing to lend a helping hand to Sakura when the latter was in distress. After some time in Tomoeda, Meiling slowly integrated into her new surroundings and became friends with the people around her, including Sakura and Tomoyo . When Meiling had to return to Hong Kong, Sakura told her that she wished the former could stay longer, to which Meiling replied that she'd try and visit soon.",deredere
98004a0fd8cebcc8,Nia Teppelin,deredere/98004a0fd8cebcc8.webp,"Nia is a kind, caring, sweet and soft-spoken girl who always likes people to be happy and she is highly empathetic to others, especially Simon . She naturally tried to comfort Simon when he was distressed over Kamina 's death, saying that he isn't helpless on his own and shouldn't be so dependent on Kamina, but ends up upsetting a heart-broken Yoko Littner to the point where she shouted at her and stormed off. She is never intentionally mean and almost always has a smile on her face even when she was fading away in the last episode of the series. Throughout her travels with Team Dai-Gurren , Nia opts for a change in her personality a little as she eventually follows Kamina's words and believes in Simon with her entire being. Also in her travels, she shows a rational thought process similar to Yoko and is very willing to stand up against the odds when need be. Likewise, she is a bit rash though and will not hesitate to throw herself into the fray to try and reason with the enemy. In season 1, she does so three times (although one of them was addressing soldiers about them sacrificing themselves.). In this regard, Nia can often be oblivious to certain words and meanings due to her sheltered life. Messenger Nia's emotionless.",deredere
d9cede11ac804a51,Kanon Shibuya,deredere/d9cede11ac804a51.webp,"Kanon is seen as being somewhat shy and flustered, admitting that she is not good at communicating in front of others. However, while walking in town Kanon would often listen to music on her headphones, and would usually find herself singing the words to a song. Although she yearns to sing in front of people, Kanon is particularly nervous about doing so. Despite seeing herself as being very ordinary - having no particular talents or aspirations for her life - Kanon wishes to cheer people up through her favorite songs. Deciding to become a school idol was a way for her to do so, and to break away from merely seeing herself as simply ""normal."" But even though she thinks girly outfits are cute to look at, Kanon is a little shy and apprehensive about wearing anything too frilly or slightly revealing. Her favorite saying is, ""It's always sunny above the clouds."" Kanon, despite being more shy than previous protagonists Honoka Kosaka and Chika Takami , is nonetheless naturally charismatic and people-oriented. She is very kind-hearted, friendly, cheerful, passionate and supportive. She's a selfless and loyal friend, with a sense of justice, and used to confront bullies who threatened Chisato when they were children.",deredere
ef6c18b7a6948b68,Kamui Katsuragi,deredere/ef6c18b7a6948b68.webp,"A youngster with a big mouth and the skill to back it up. He's very enthusiastic and energetic about Vanguard and doesn't care who his opponent is so long as they are not weak in his eyes. He hates being looked down upon because of his size and age. He also has a crush on Aichi 's little sister, Emi , and constantly vies for her attention, even going as far as to refer to Aichi as his older brother. Kamui is almost always accompanied by his two friends Reiji Uno and Eiji Saga . Their usual routine is that after one of Kamui's boasts or while cheering for him, Reiji would make a comment, and Eiji would abbreviate what Reiji just said and add ""-ssu!"" (""yo!"" in the dub) at the end. The three sometimes use abbreviations to describe others (such as B.K. for Morikawa), typically letting them work out the abbreviation's meaning on their own. As a consequence of his youth and energy, he frequently misuses words and phrases, primarily confusing one word for another within a phrase (e.g. ""what we've caught"" instead of ""what we've got""), but also occurring with individual words, such as calling Kai a ""chimp"" when he meant ""chump"".",deredere
75efc955f97b1369,Rias Gremory,deredere/75efc955f97b1369.webp,"As a Devil from the House of Gremory , Rias is very kind and compassionate, especially to her servants and people close to her. She gets angry and violent whenever people insult her or her peerage, showing a fiery side to her. This also plays into the fact that she dislikes cruelty towards people, as shown with her disgust over Marius Tepes , who abused his own sister for his own benefit, and how she killed the Fallen Angels, such as Mittelt , Dohnaseek , Kalawarna , and Raynare for their cruel treatment of Issei. Rias also holds great sympathy towards Sairaorg and his mother Misla Bael for how badly they were treated by the Bael clan . Rias is proud of her family's name, but she does not like being seen as Rias of the Gremory Family. The reason for her living in the human world (as revealed in Volume 2 of the novels) is because there, everyone sees her as Rias, not as a Devil or as the Crimson-Haired Ruin Princess. Due to this and the fact that the only men who showed interest in her were interested in her due to being the Heiress of the House of Gremory, Rias soured on the idea of finding a lover, until meeting and falling in love with Issei.",deredere
9534c505449cb86d,Mera Chisato,deredere/9534c505449cb86d.webp,"Chisato is a poverty-stricken, clumsy, very selfish, tactless, self-serving, greedy, albeit determined, remorseful, diligent, mild-mannered, good-hearted girl who frequently breaks dishes and may eat her customer's food. When Kusuo becomes Kuriko for a brief time and has a meal with her, Chisato eats everything. She complains about having to stop eating, Kuriko remarks it is a horrible thing to say. . She asks for food from her classmates by giving them an acorn. When she constantly complains about their gifts and steals from them, they are taken away from her and she breaks down in tears and admits to her mistakes. When shipwrecked, she eats everyone's food, but she also gives them safe plants to eat and kills a snake which was threatening their lives. She then apologizes about the food and works really hard to make up for it. She works hard for her family, taking on multiple jobs to support them and possibly skipping meals so her siblings can eat. 20 days after New Year's Day, she states that a bowl of ramen she is having is her first meal of the year and over a summer break she ate mostly grass.",deredere
1e32b76480a2da8f,Shirley Fenette,deredere/1e32b76480a2da8f.webp,"Shirley is generally viewed as cheerful, caring, highly intelligent. She is a member of Swimming club, and holds a position in the Student Council, and has nice grades in her class at Ashford Academy. She actively shows concern for Lelouch , due in part to his gambling with nobles prior to the beginning of the series and actively expresses these concerns throughout the series as a consequence of her love for him. She started developing feelings for Lelouch due to his act of selflessness during a car accident, which is different from other female students of Ashford Academy who generally like him because he's a ""very handsome,"" popular and mysterious prince of the institution. Much to her chagrin, everyone in the Student Council is aware that she loves Lelouch; Lelouch just has more on his mind than Shirley's love for him. Due to her feeling for Lelouch she often express jealousy whenever Lelouch seem to shown interest toward other girl such as Kallen when she thought Lelouch and Kallen had kiss and confronted her about it despite Kallen insisting that it not like that. When Shirley expressed her distress over her father's death to Lelouch (not knowing that Lelouch was responsible for her father's death), she ends up kissing Lelouch out of desperation to ease her pain.",deredere
7893ae4a8b7e94bd,Ruru Amour,kuudere/7893ae4a8b7e94bd.webp,"Ruru was at first emotionless and followed instructions from Criasu faithfully. She then used her strong analyzing abilities to gather data on the Cures, but began developing emotions and free will during her investigations. She is also extremely analytical and calculable thanks to her programming, resulting in precise advice and the ability to remain calm in almost any situation. She also feels guilt for her past actions and she is very self-aware, but she slowly accepts her flaws later on.",kuudere
4141b735e0d80e09,Izumi Akazawa,tsundere/4141b735e0d80e09.webp,"In the anime, Izumi is the straightforward, unabashed, and strong leader of the Countermeasures at Yomiyama Middle School's 3rd-year class. She is impulsive and irascible; even though she puts on a show of being tough, she is actually rather fragile and can be shown to have a tender side. While she doesn't hesitate to blame others when misfortune occurs, she is humble enough to admit responsibility herself if she makes mistakes. Izumi has a self-confident nature, with a sense of responsibility, which is probably why she volunteered to be head of countermeasures in the first place. On several occasions, she can be seen trying to console her friends, most notably Aya Ayano after Shoji Kubodera 's suicide, and Takako Sugiura after the latter became depressed following Junta Nakao 's death. Despite her outwardly harsh personality, Izumi cares deeply for her friends, and her inability to protect them (especially Takako) leads to her repeated attempts to kill Mei Misaki in the series finale. In her last moments, her last words show that she is affectionate towards Kōichi Sakakibara . At the start of the series, she is first uncertain and concerned over the question of Kōichi: Is he the extra? How to fit him into the existing scheme in class?",tsundere
7f6ed317c1e25e1b,Tanaka,kuudere/7f6ed317c1e25e1b.webp,"Tanaka is a listless teenager who always dozes off and acts exhausted when awake. He often sighs and avoids putting effort into things, all while being accompanied by his friend, Oota . Due to his disdain towards hard work, he often relies on his family and friends to assist him. Tanaka is apathetic and hardly ever outwardly expresses how he feels. When he does, it's normally done in a lazy manner, thus making him seem mature at best and uncaring at worst. He rarely exerts more energy than required of him; however, he shows a surprising dedication to maintaining his lazy lifestyle and daily routine, even going out of his way sometimes to maintain it even at the cost of expending energy he'd rather not use. Tanaka only exerts effort for things that he is either interested in or believes to concern him a great deal. Though, he is noted to be a kind person, such as buying Oota ice cream or worrying about not being a good brother to Rino . Although Tanaka's personality may come across as self-centered or overly demanding, he has no malice behind his behavior, and just genuinely desires an uneventful, peaceful life. He is somewhat scatterbrained at times, coming up with eccentric ideas that hold some merit behind them, but end up with stupid or bizarre results.",kuudere
9a222d112041d03f,Kenma Kozume,kuudere/9a222d112041d03f.webp,"Kenma usually has a quiet, composed and analytical personality. He rarely loses his temper, and usually does not get too excited or fired-up about most things, with a few exceptions being video games, Hinata , Lev -in The Arrival of Haiba Lev (OVA) , and Yamamoto during their first year in high school. Because of his reserved nature, Kenma does not often voice his opinions since he is afraid of what others might think of him and does not like standing out or being noticed in any way. His shy tendencies also prevent him from being very approachable and because of this, he has a difficult time making friends, with Kuroo being stated to have been the only friend he's made since elementary school. He also is not fond of the authority that comes with being an upperclassman and doesn't expect his junior's to automatically respect him, often reminding Lev that he does not need to be so formal with him. Kenma rarely tends to show many emotions which usually causes him to look like he is giving a cold impression to others. However, it is shown that he does care about his friends and notices small upsets in their behavior. An example is when they were younger, Kuroo's team had badly lost a volleyball match and was feeling down.",kuudere
a6b2288aaf79a552,Ranmaru Kurosaki,tsundere/a6b2288aaf79a552.webp,"He does, however, have a strong sense of duty. Ranmaru considers himself a rocker through and through and has his own ideas about what 'being a rocker' actually means. In All Star, Ranmaru is fairly misogynistic in nature, refusing to work with Haruka because he wouldn't sing a song written by a girl. He stated that he didn't think anything but rock could speak to him after hearing ST☆RISH's song Maji LOVE 2000%. In All Star, it is revealed that the reason for this negative attitude is that the bands he was in previously were all disbanded because of women as well as seeing the betrayal his dad went through with their family business. He has a lot of trust issues. Despite appearing standoffish and aggressive, Ranmaru has a kind side to him as well, as is shown when he worked to help an elderly couple repay their debt to the Yakuza. He likes to show-off and gives off the idea of feeling self-important, especially when he's performing.",tsundere
9684b13e32cbae32,Tsubasa Hanekawa,deredere/9684b13e32cbae32.webp,"To most people she interacts with, Tsubasa is a soft-spoken girl with a kind heart and a positive personality. Her top grades make her a favorite of the teachers, while her approachable character makes admirers out of her classmates. Tsubasa is also a wealth of information due to her study habits, but keeps humble about it, always stating that ""I don’t know everything, I just know what I know"" to those who commend her knowledge (although it should be noted that she only says this to Koyomi as this catchphrase makes Koyomi happy). She is never seen angry, but even when she does get mad, she retains her positive appearance, and often resorts to scolding the offender like a teacher, only to show a smile afterwards. The only instance where she is seen with a genuiely angry expression is during Sodachi Lost , when she confronts the trickster Ougi Oshino . However, those who are familiar with her true identity know that all of those are a facade that she shows to the public. The truth is that she often does things without the sentiment that comes along with it, and moves only through common sense. She also possesses a strong sense of righteousness that becomes a double-edged sword, to the point of interacting with her may cause oneself to notice one's imperfections.",deredere
8e8c295447eb18ea,Karui Akamichi,tsundere/8e8c295447eb18ea.webp,"Karui is quite self-assured, outspoken, stubborn, combative, and impulsive, allowing her emotions to come out. This was shown when she angrily yelled at Team Kakashi for allowing the renegade Sasuke Uchiha to run loose and cause chaos in Kumo. She came to a violent point when she took out her rage on Naruto Uzumaki and beat him without hesitation, though, according to her partner Omoi , she felt remorse for doing so. Karui has demonstrated great teamwork skills, able to coordinate attacks with Omoi without either needing to communicate. Nevertheless, she has a somewhat comedically antagonistic relationship with Omoi. During their début, they argued over the possible reasons that the Raikage could have called them. She assumed that he wanted them to get him more protein shakes. However, the argument started with Omoi, implying that she is flat-chested in comparison to their other teammate, Samui . Like the rest of her team, Karui highly respects Killer B and was steadfast in her pursuit of revenge against Sasuke. As a mother, Karui is close to her daughter Chōchō , who inherited her self-assured personality.",tsundere
c5d7b3b04d404a4a,Yuriko Takagi,kuudere/c5d7b3b04d404a4a.webp,"Like Saya Takagi , Yuriko is a genius. But unlike Saya, Yuriko is a calm and reserved woman rather than loud and arrogant. She is extremely loyal and slightly submissive to her husband Souichiro, and she tends to stand back silently while he interacts with others; even when he was trying to take the guns away from Kohta Hirano . She loves Saya very much and will do whatever she can to ensure her daughter gets what is best for her; even if that means staying behind and potentially sacrificing herself so that Saya and the others can escape.",kuudere
595651a754073ff1,Wien Margarete,kuudere/595651a754073ff1.webp,"Margarete is a cold-blooded, passionate and stoic girl, who can act recklessly or overdramatically when fussy. She is extremely competitive and outright hostile to other idols she sees as threats. Originally signing up as a Love Live! contestant as a solo idol in her final year of middle school, she boldly makes it known that she has no interest in either school idols or Love Live! other than setting out to prove she can easily win the competition by herself. Once forming a unit with Kanon, Margarete slowly reveals her kinder side, but she never loses her competitive nature. Margarete isn't fond of people who don't put in a lot of effort, as shown when she argues with Tomari who has been skipping practice. Her favorite saying is, ""Stick to your guns.""",kuudere
ca6338bc6ad7ac67,Yuu Kanda,tsundere/ca6338bc6ad7ac67.webp,"Kanda is a cold, stoic and arrogant person who shows little regard to the lives of those around him, even his fellow Exorcists. He is, more often than not, willing to leave those who slow him down behind, even if it means their death and especially if they are not Exorcists, viewing any field officers (especially Finders) who are not Exorcists expendable pawns who should not be expected to be saved. He is even often seen turning his blade on his own comrades over small things, such as Lavi calling him by his given name, Yu , or Allen Walker simply trying to talk to him. Despite his words, Kanda frequently rescues those around him, even putting his own life at risk (like he does with Gozu ); although he does it grudgingly and openly complains. Because of their conflicting views about the worth of the lives of others, Kanda and Allen are almost constantly at one another's throats; Kanda ready to blame Allen for anything that goes wrong and Allen often breaking his polite exterior to let his ""dark side"" out as he incites an argument with Kanda, which frequently leads to physical confrontation. Kanda has openly told Allen he hates people ""like him""; people who make promises they cannot keep and seem to fight without purpose.",tsundere
6e89148b9654469e,Asa Mitaka,tsundere/6e89148b9654469e.webp,"Asa is a quiet and unsociable girl, who dislikes her classmates, frequently wishing they would drop dead and spurning any offers of friendship. She has a very negative outlook on the world, other humans, and Devils, and tends to assume the worst of others. She is, however, very fond of cats and would rather kill a human than a cat. Asa later admits to herself that her mean-spirited attitude towards her peers was a result of jealousy and a lack of belonging. She also suffers from low self-esteem and considers herself to be clumsy. Despite this, Asa can be falsely self-assured and overconfident, such as her belief that she would easily be able to seduce Denji. When the public gives her the recognition she yearns for, she initially claims to dislike being popular, but then smiles while watching people on TV praising her. Asa can be extremely socially inept, so much so that Yoru , the War Devil, shows more social awareness than her despite having limited knowledge about humanity. For example, she believes that giving Denji long lectures about ocean facts on their aquarium date would be a great way to win his affection.",tsundere
a26de5771adbd567,Sousuke Sagara,kuudere/a26de5771adbd567.webp,"Due to his upbringing in a war torn regions of the world, he is fairly inept in normal society. Raised as a dog of war from the time he was a small child, he has been surrounded by turmoil, bombs, fighting, and death for as long as he can remember, leading to his current paranoid and militaristic approach to everything and everyday life. The smallest detail out of place can lead him to blow up buildings or objects that look suspicious. He is also prone to attacking people and threatening them with guns and uses his weapons without regard to the damage he causes to the objects or people nearby. His paranoia goes to the point he can't trust himself or his feelings with others and is always on edge. Because of his busy schedule, he is sometimes sleep deprived which further worsens his condition. However, at heart he is a goodhearted person willing to help those close to him. He always has the best interests at heart when he helps someone but sometimes goes about it the wrong way. Over time, he learns and develops his common sense with the help of Chidori while growing to understand human emotions and relations, which he never got to as he lived in a war infested area where the rule was kill or be killed.",kuudere
d5440d4eb45ae68c,Ririchiyo Shirakiin,tsundere/d5440d4eb45ae68c.webp,"As the result of her isolated childhood, Ririchiyo harbored a cold and brooding personality. She would inadvertently lash out at others and interacted poorly with people. This was the reason for her decision to move to Ayakashi Kan: she wanted to live on her own. Her plan, however, is disrupted by the arrival of Soushi, who unexpectedly enters her life. At first, she is initially surprised and uninterested by his offer to form a contract with her, but after his persuasion that his one duty in life was to serve her, she creates a true connection with him, and he becomes her Secret Service agent in the process. All her life she had been respected merely for her family or social status, yet because of his genuine kindness and services towards her, Soushi was the only one to take interest in her for who she was. Though she continued to treat him with some (unintended) bitterness, she began to warm up to Soushi, and eventually those around her as well. Over time, she came to see her friends as an almost family, and although her slight abrasive nature remained, she reached out to people more in attempt to better understand them. Full of joy. During this course of her inner development, as Ririchiyo spent more time around Soushi, she found that she was falling in love with him.",tsundere
df5e5e85f5293ac0,Vintage,kuudere/df5e5e85f5293ac0.webp,"Vintage has a high opinion of himself and his team, refusing to associate himself with others of lower rank. He is extremely competitive and arrogant as he looks down on the opposing teams and believes that nobody below X rank has any chance of beating him or any chance of becoming an X ranker. He usually has an emotionless and cool-headed demeanor that can change in a second once irritated in the slightest. He is also somewhat spiteful, as shown when he destroyed the wall of Inklings' prayers and wishes to become stronger, and calling anyone who was below S Rank ""trash"". Hachi described him as seeming empty inside, and Skull explained that when they were on a team together, all Vintage wanted was power at all costs. Even after his defeat against Team Blueperor during the Ranked Battle Cup Final in Chapter 43 , Vintage remained serious and prideful but lost his competitive nature, becoming kinder towards his team and showing more emotion.",kuudere
58483b7d97cc5cd8,Chi Yamada,deredere/58483b7d97cc5cd8.webp,"Chi has a loud, bubbly, and happy personality. She acts childish due to her age of 2-3 months, which is about equivalent to a human 7-year-old. She is known to be very clumsy with terrible agility, especially for a cat. She can be rash, impulsive and inconsiderate when it comes to her decisions and actions, though she means well and this usually stems from a lack of knowing any better. Chi is easily distracted- retaining concentration is a struggle for her. Additionally, Chi is an amnesiac, as over the course of the series Chi begins to forget significant details of her past. Chi has a childish way of talking called Chi-speak, which reflects her nature and character. Her favorite things include milk, attention, the park , and Chewy-Chewy .",deredere
c5cfb289c3c6720c,Kogorou Mouri,deredere/c5cfb289c3c6720c.webp,"Kogoro has an overinflated sense of his own importance and detective prowess to the point where he doesn't investigate why he is suddenly and consistently passing out at crime scenes and solving cases in his sleep with different deductions than he was making while awake. Kogoro is also frequently unprofessional in his work, frequently making sarcastic and blunt comments about suspects or even his own clients. On cases, Kogoro is typically lax with his deductions and investigation, following only the most obvious clues or assumptions to reach his conclusions, which are often silly or fall directly into a culprit's trap. The police, especially Megure, often find him to be an embarrassment while awake and hope to see ""Sleeping Kogoro"" as soon as possible. Kogoro does have a serious side which only emerges when the case has personal importance to him, such as when Eri and Ran are involved. When this happens, Kogoro's entire personality and demeanor change and he begin to act professionally, demonstrating improved deductive skills and cunning. While he is not up to the standards of Shinichi and he still can have problems with finding clues, his logical reasoning becomes better, and Kogoro often demonstrates he has a better sense of interpersonal relationships than Shinichi does.",deredere
17f51f3fe4071afe,Elsea de Lute Ima,deredere/17f51f3fe4071afe.webp,"Elsie is an overly optimistic individual with a playful personality. Despite claiming to be over 300 years old, she has the mentality of an incompetent teenager, and is in many aspects conspicuously immature. Although earnest and hard-working, Elsie has become infamously inept at virtually everything save cooking and cleaning, but she only owes her skills during her post as a custodian. Yet, with all the insults and derision Elsie receives from Keima, she usually does not dwell on them for very long and continues to make mistakes anyway. Though whether it is because of a strong will or her inability to comprehend the verbal abuse is unclear. Furthermore, Elsie has the tendency to stay positive and persevere regardless of her flaws, demonstrating that she is at least the type of person who is determined to succeed while she still has chances. Elsie after being insulted by Keima Elsie is very loyal towards Keima and cares about his well being and opinion of her. She is often seen trying to help him and please him. Though she is not always useful on quests, she works hard in her own way. However, after being criticized by Keima, Elsie was shown to be extremely upset.",deredere
fdc756fa94976e28,Sakurako Oomuro,tsundere/fdc756fa94976e28.webp,"While she applied for the position of Student Council, Sakurako is very lazy and usually unreliable. She has very short-term memory, usually nearly instantly forgetting most things she's told about. She's very resilient in doing her homework, and Himawari ends up doing most of it. She's also showed to be a glutton. To make things short, she and Kyōko have very similar personalities, but unlike Kyōko, Sakurako doesn't seem to do well in school, often messing up her kanji writing and ending up writing completely different things than she initially wanted to. She's also much lazier, preferring to prepare pre-prepared food rather than actually learn to cook, as shown when she asked suggestions from Yui for what to prepare for dinner, Yui tried to suggest a simple recipe that Sakurako could prepare on her own, but Sakurako kept wanting to buy pre-prepared ingredients no matter what Yui suggested. However, she's showcased as being quite sporty, a thing she teases Himawari about since the latter is not. Sakurako looks up to her veterans, especially Kyōko. She's showed to be very gullible, usually believing most things she's told about.",tsundere
2be6e5dac42e28a5,Mitsuba Sousuke,tsundere/2be6e5dac42e28a5.webp,"Mitsuba is cocky, foul-mouthed, and overly confident in himself, particularly his looks; he often will brag about how cute he is. He also has a tendency to call people by rude nicknames and isn't afraid to insult others. He knows how to get on people's good sides and sometimes acts nice to someone if he wants something from them, or to falsely trust him. He has also been shown to be quick to cry, especially in threatening situations. Due to his personality making him a target of bullying in elementary school, he created another, gentler personality in middle school to get along with others better. During this time, Mitsuba was nice, considerate, and friendly with everyone. This fake persona was created in an attempt to make friends and avoid being bullied again, however it failed, as Mitsuba ended up completely forgettable, thus making no friends and having most of his classmates forget about him. Despite being rude and loud, Mitsuba also has a more mellow side to him. He gets noticeably dispirited when talking about his past and gets lonely very easily. He seems to have a hard time being honest, choosing to hurl harsh words instead. Despite this, at times he is able to genuinely express happiness and kindness, and is shown to care for the wellbeing of others.",tsundere
51a8d2ad069b38d2,Mei Misaki,kuudere/51a8d2ad069b38d2.webp,"Mei is fascinated by a pair of conjoined dolls in her grandmother's shop, wondering how they can be so calm even though they are attached. When Kōichi Sakakibara suggests that it is the reason, Mei claims that that's impossible. She also claims that, in the end, everyone is alone, no matter how many bonds they may have. However, despite telling Kōichi to stay away from her, as time goes on, she becomes accustomed to his presence and doesn't seem to mind having him around. She even seems to develop feelings for him, as she was deeply touched by his standing up for her when Izumi Akazawa blamed her for the Curse, despite both Naoya Teshigawara and Yūya Mochizuki standing up for her as well. This is further implied when it's revealed that she had figured out who the Extra student was some time before the school trip, but kept it a secret because she didn't want Kōichi to be sad, a decision she ultimately comes to regret. Mei's withdrawn and gloomy nature is later revealed to be the result of the death of her cousin Misaki Fujioka , who, as she discovered in the 5th grade, was actually her twin sister. When Misaki was alive, Mei was much happier, even wearing brighter clothes, though she was still notably shy compared to her sister.",kuudere
8f6a25b93e79c4d4,Yuu Ishigami,tsundere/8f6a25b93e79c4d4.webp,"Yu is a reserved and somewhat gloomy student who would rarely show up to the student council meetings, preferring to do most of his work at home. He normally spends most of his time playing video games by himself, as he is generally be disliked by the other students due to an incident that occurred in his past. Yu has an incredibly cynical and depressing outlook on life, often going on long rants against youth and the other students who he refers to as “normies”. This discontent very obviously comes from his own misery and loneliness as he seems very jealous of the guys who are popular and manage to get themselves a girlfriend. Yu can be quite awkward at times, making statements that cause others to see him as a creep. That being said, he is quite snarky and is often the one to make sarcastic remarks pertaining to the situations he gets in. Despite his negative attitude, Yu is a kind and well-meaning student who suffers from an inferiority complex and he is ultimately willing to help others in need, even if it means sacrificing his own pride, and even advised Kaguya Shinomiya to not associate herself with him simply because it may lower her reputation. Yu enjoys playing video games and reading manga.",tsundere
ea0ccda6276e624f,Ran Mouri,tsundere/ea0ccda6276e624f.webp,"Ran is a kind and caring person, at the same time, she can be scary, aggressive, fierce and has a very overwhelming personality, being able to intimidate people when angered. She cares for those she loves and she is also patient, kind, and nurturing. Ran is someone who values life immensely. Even if it is the life of someone threatening her own. This is proven during her trip to New York with Shinichi, despite a serial killer-disguised Vermouth pulling a gun on her, she didn't think twice about saving her when Vermouth was about to fall to her death; Another instance is when the detective agency was taken hostage by a man strapped with bombs, she close the curtains to prevent the police snipers across the building from shooting the hostage-taker. Ran is also brave and resourceful when she wants to and has rescued Conan from trouble. She has remained bold, steady, confident and calm in many situations that would cause others to remain frozen in fear, such as being threatened by a gun or surrounded by flames. However, she has an irrational fear of the supernatural and is no fan of anything related to the horror genre and she may not always be able to fight if scared too much such when a bandaged man attacks her and frozen in fear and she couldn't fight back.",tsundere
836e8e2b85a67208,Fuusenkazura,kuudere/836e8e2b85a67208.webp,"Heartseed always talks with a slow, monotone voice as if tired, and when controlling others, his movements are similarly sluggish. He also uses very polite language when speaking to StuCS. In his quest to be entertained, Heartseed has proven willing to take extreme measures should he feel that, under the current conditions, the StuCS are not being interesting enough. Despite his seemingly sadistic fascination with the Cultural Club, he always refers to them politely and has stated he would never go as far as to kill someone for the sake of his entertainment, though whether or not his word can be trusted is debatable. Heartseed is also very secretive, only ever revealing what the club members need to know and never anything more. A mysterious being, Heartseed claims that he wishes to be entertained. To that end, he observes Yamaboshi High's Cultural Club, just because he thought the members were ""fascinating."" Despite the ordeals he puts the StuCS through, he always seems faintly pleased when they do overcome his phenomenons. Heartseed has plagued other groups with phenomenons in the past, but the ones he had the longest and most intimate contact with was the StuCS.",kuudere
758dab3449f4ef98,Saki Hanajima,kuudere/758dab3449f4ef98.webp,"Saki’s monotone expression Saki is a natural loner who initially almost completely isolated herself from others due to her past experiences. She was self-loathing to such an extent that she spent most of her childhood punishing herself, believing she deserved to be bullied and ostracized for what she had done. When Tohru and Arisa break through her defenses, she begins forgiving herself and gains much more confidence. Saki gives off a very aloof, mysterious, quiet, and spooky aura. Although she is polite, she speaks very little; and when she does speak to people who are not her friends, she is very blunt and not afraid to confront people head-on. On the other side, she can be quite humorous and tends to make fun of people with a poker-face on. She also is stoic; always monotone and rarely emotional, and only shows her smile to those closest to her. In fact, Saki does not care about the assumptions and rumors about her, because she knows she has people who cherish her for who she is. Saki is also shown to be very protective of her friends and family. She is very mature for her age and extremely level-headed. Because of her powers, Saki is incredibly perceptive, as she picks up on things that no one else does, and can figure people and their feelings out flawlessly.",kuudere
f0a63e3d73fa89da,Yuzu Kurosaki,tsundere/f0a63e3d73fa89da.webp,"Compared to Karin, Yuzu is more soft-spoken. She is also the more empathetic of the two girls. She takes care of the housework, such as cooking meals and tidying up the living space, on a daily basis. She also regularly cuts Ichigo's hair. Unlike her siblings, Yuzu is only able to see faint outlines of spirits as she is able to inform Ichigo that another ghost is present while they are about to sit down to dinner Both girls help out in the family's clinic. Yuzu greatly admires her brother and looks up to him a lot. It was the image of Yuzu in the arms of a Hollow that initially shocked Ichigo into action despite the fear he'd been feeling at the time having never seen a Hollow before. She tends to get very worried and upset whenever Ichigo disappears for any period longer than a day due to her mother complex. Unlike Karin, Yuzu has maintained a much more emotional side than her twin, not holding back when displaying upset tears of worry or cries of joy when the time arises, while Karin would remain almost aloof to most things outside of soccer or her father's annoyances. Yuzu has a very playful side to her as well, despite the increased responsibility she takes on when regarding the housework and looking after her family after the death of their mother.",tsundere
e4fdfa0ae1d42a28,Akito Hayama,kuudere/e4fdfa0ae1d42a28.webp,"For the most part, Akito is a very cool and collected guy. Not many things appear to faze him, unless the situation includes a close friend that is in trouble. He is known to be very intimidating to people of all ages. In the beginning of the story, Akito rules his elementary school with some of his trouble-making peers, even striking fear into both teachers and classmates. He has been shown blushing often near Sana, although he always denies it. He smiled once in the series (Episode 15) and even laughed once (Episode 19) at the prospect of Sana being named ""Sam"" instead. He is shown to be very athletic, excelling heavily in martial arts and being able to beat those that are considered to be his seniors with ease. In the beginning of the story, Akito rules his school with some of his trouble-making peers, even striking fear into both his teachers and classmates. Only Sana is courageous enough to stand up to him, which is something that he eventually admires and appreciates. Akito is protective and loyal to his friends, especially Sana, willing to help them in whatever way he can. He has only truly shown his emotions to Sana, crying in front of her when he is about to move to America, and opening up to her about his feelings and past.",kuudere
8273a09e7893be13,Usacha,tsundere/8273a09e7893be13.webp,"Usacha is as ambitious and cunning as her first idol, Non . She is very inquisitive, gathering as much information as possible before proceeding with any action, having everything be in service of her goal to overthrow her seniors. Once idolizing her brother, she now sees him as an obstacle to overcome and defeat. She is very oppertunistic with a great intuition, clearly seeing when success presents itself and the correct course of action. Above all of her skills, her best quality is her devotion to her goals and idols, willing to do anything to succeed. Much like her brother, she is very successful, managing a talented idol early in her career. She is currently the most successful manager in Parajuku.",tsundere
3166fbc675f726ac,Wendy Garret,deredere/3166fbc675f726ac.webp,"Although she comes across as a rather klutzy girl, Wendy is actually very smart. She tends to always gets herself wrapped up in a big mess, but is usually saved by Van or Carmen most of the time. Rather energetic, Wendy does have quite the keen learning curve and big curiosity. With a big heart, her main goal is to find her brother and rescue him from The Claw. Throughout their journey, Wendy appears to have grown a fondness toward Van. Always caring for him, his wounds, and the likes when she feels it's necessary. Intuitive and strong willed, Wendy always perseveres through. Her first bold act was when Van first came to Evergreen and walked away from helping them fight against the gang holding the townspeople in the mall. She did as such by saying, ""If you help us, I'll be your bride!"" Even though she was immediately shot down, she did learn that Van was a really nice person under those rough edges. Wendy is often underestimated because of her youth, but proves her worth by helping people and showing her smarts where she can.",deredere
5315f6506809cf8d,Minori Ichinose,kuudere/5315f6506809cf8d.webp,"Minori is an intelligent 2nd year middle school student who loves to read. She's an honor student with the best grades in her class. She has a poker face, so she struggles to show any emotions. However, she has a strong sense of self. She has loved the fairytale The Little Mermaid since she was a child, and she knows a lot of stories about mermaids. Originally, she does not believe in herself after her story got rejected and criticized, but gradually learns to have more faith in herself. Minori is also reluctant when people insist on reading her own written works, though she eventually becomes more open-minded about her friends' praise for them. She has also learned that sometimes it is important to try something new by herself and not just rely on book knowledge. As Cure Papaya, she is more energetic compared to her usual self. She also displays more emotions and confidence.",kuudere
a36aa7b278505d45,Shou Kurusu,tsundere/a36aa7b278505d45.webp,"Syo gets angry when called short. Syo has a lot of energy and has an upbeat personality. At times, he can be very hot-headed and a bit defensive, especially when it comes to him being teased about his height. When Syo was a child, he was hospitalized often due to his heart condition and cursed the body he was given. He was told that he would only live to the age of 12. Even though Syo was told this, he stayed lively, and even beat his odds by living longer than his life expectancy and is still living strong. Due to his heart problem, Syo had a great desire to make himself and his body stronger, so he eventually took up karate and is on-par with his idol, Ryuya Hyuga .",tsundere
331e7c2731536001,Ai Haibara,tsundere/331e7c2731536001.webp,"Ai Haibara is highly intelligent and has a calm, cool, and sarcastic attitude. After defecting from the Black Organization, Ai was skeptical and pushed others away due to her belief that the people she had involved in her life after shrinking into a child may be put into harm should the Black Organization discover her true identity. As the series progresses, Ai has warmed herself up by embracing her new life and established strong bonds with Conan Edogawa, Ran Mouri , Professor Agasa , and the Detective Boys . Ai Haibara currently idolizes the Big Osaka Soccer Player - Ryusuke Higo since both of them have similar situations with her being betrayed by the Black Organization and Ryusuke by Noir Tokyo. She also likes to hear Yoko Okino 's songs due to the fact that Ryusuke also likes her songs but eventually deleted all of them after hearing a rumored date between the two of them. Soon, she renews her interest in both of them and goes to play soccer with the Detective Boys while singing Yoko's song ""Dandy Lion"". In Non-Canon, she was shown admiring Sannomiya Kazunori, an actor playing a detective role. Although she may be normally cool and cold person, there are times when her composed demeanour is disrupted. This was shown when she lost her Higo Strap that Higo himself touch.",tsundere
3344403d644c388e,Ioryogi,tsundere/3344403d644c388e.webp,"He may look cute and un-harmful when he's in public, but he is really bad-tempered whenever Kobato does something wrong and stupid. He's always pushing her down back to earth and serving her as a guide since Kobato is very light-headed and is frequently making detours. Ioryogi has a lot of common sense and knows people's bad intentions, but he also likes to make fun of Kobato as well, like calling her ""Dobato"".",tsundere
325ad54880f29080,Yui Kotegawa,tsundere/325ad54880f29080.webp,"Yui Kotegawa is a high-strung and uptight girl, she has little to no tolerance for anything perverted, students who bring personal items to school, misbehaving, or whatever she does not consider to be ""acceptable behavior"". Her opinions, quick temper, and habit of speaking her mind often results in her vocally reprimanding classmates. Yui quickly grows annoyed and disgusted by eccentricities and bizarre actions, especially with regards to Yūki Rito and Lala Satalin Deviluke . Unfortunately, almost every encounter with Rito usually ends up with her embarrassed, naked or fondled (sometimes all three combined), and although her nature prevents her from easing her behavior, she is slowly warming up to his usual antics. After Rito saves Yui from a group of delinquents, she develops feelings for him. Her inexperience with boys leaves her unable to understand her own feelings and continually denies them to herself. For some time now she has come to realize that she is in love with Rito, a fact she is annoyed about given her opinion of him. Deep down (despite being strongly against lewd things) she actually desires to do these things with him.",tsundere
cadd0c822ef6e4a2,Maiya Hisau,kuudere/cadd0c822ef6e4a2.webp,"Little is known about her history, save that Kiritsugu had rescued her from a war-torn land many years ago. When Maiya was a child, she was forced into the army and trained to be a soldier. She had been raped by other soldiers and eventually became pregnant. She was separated from her unnamed child , not knowing his fate. Maiya was rescued by Kiritsugu, who became Maiya's mentor, and taught her his way of life. Her real name is unknown; her current name was given to her by Kiritsugu when he created identity documents for her. When Kiritsugu was hired by the Einzberns to obtain the Holy Grail eight years before the Fourth Holy Grail War, he entrusted Maiya with all his former equipment - in particular, the gun which allows Kiritsugu to employ his Mystic Code . She dresses entirely in black, and gives the cold, distant impression of someone who doesn't have a strong sense of self. Due to having spent her childhood in an environment deprived of humanity, Maiya lacks a sense of self. She currently considers that her entire being belongs to Kiritsugu, and asking whether she loves Kiritsugu is like asking whether the innards love the brain. The question itself is meaningless. They share a sexual relationship that contains no real emotions.",kuudere
b8752c4e0a0e144b,Kururiin-chan / Sparkle,tsundere/b8752c4e0a0e144b.webp,"Sparkle is a spoiled pop star hamster; the self-proclaimed ""cutest hamster in the world"". She first appeared in Pop Star along with her owner, Glitter Kurihara . She has her own record albums, as Glitter takes her everywhere she goes. Sparkle did not like the Ham-Hams when she first met them. She was shown to be quite selfish and self-centered to them; for example, when the Ham-Hams were talking about her, but then changed the subject, Sparkle said ""I'd like to talk about me again!"". But as time went on, Sparkle gradually became attached to them, and they consider each other to be friends. Although she's energetic and cheerful, she's also very bossy, arrogant, bratty and somewhat grumpy. It's shown that past her abrasiveness and fame-heavy persona, while she can be relatively snooty, Sparkle is kind on the inside, and cares for Bijou in particular like a best friend. In the later Japanese episodes, Sparkle developed a crush on Hamtaro . Sparkle initially tried to repress her feelings, even trying to push Hamtaro and Bijou together to stop her crush, but her feelings for Hamtaro always come back again. She races against Bijou and Oshare to win Hamtaro's heart in A Valentine Battle! , but ultimately helps them finish the race with her.",tsundere
aa136031a46192a3,Noel Izumi,kuudere/aa136031a46192a3.webp,"She is a kind girl but due to her having trouble controlling her emotions, she had no choice but to pretend to be mean in order to not get close to anyone. This made her lonely as she was unable to make friends. When she became a high school student she knew something had to change so she got a part-time job in order to get used to people and control her emotions better. When it comes to Shintarō she can be quite possessive due to him being her first friend. She is pretty awkward when hanging out with her friends due to her only form of reference of friendship being anime and manga and the tropes found within them, many of which do not tend to happen in real life.",kuudere
9054e2a99e5d801d,Sucy Manbavaran,kuudere/9054e2a99e5d801d.webp,"When introduced in the short films, Sucy is portrayed as an aloof, calm, sarcastic, and somewhat sadistic person. She also surprisingly remains indifferent in various situations and things that drive the other girls crazy, which shows that she is calmer than her roommates. The same goes to her anime iteration, although she appears to be somewhat more apathetic. As shown in "" Sleeping Sucy "" and other separate occasions in either continuities, it has been suggested that even with her own kind, Sucy was considered an eccentric freak; she had a clear preference on something which scared or at least disturbed other girls, such as the idea of getting eaten, foul-smelling fumes of potions or poisons, performing experiments with potions and poisons on Akko, and pulling scary pranks that she found amusing, less so for her victims. Hannah and Barbara also refer to her as ""Creepy Sucy"" when they were picking on Sucy, Akko and Lotte. However, contrary to their belief, Sucy is neither a complete freak nor a heartless anti-social girl, as she does care a lot for her friends in spite of having no qualms about using them as test subjects in her potion experiments, whether or not they give consent to it. In addition to this, her other hobbies are shown to include yoga and meditation.",kuudere
a1754226a3c152c3,Kazuki Juumonji,tsundere/a1754226a3c152c3.webp,"Kazuki, following his trope and archetype of ""bully leader,"" is, while brash and simple-minded at times, relatively intelligent. He is rather closed-off and private about his emotions and what he is going through, but can be very perceptive when it comes to others. This can be seen when he is among the first characters to realize that Sena is, in all reality, Eyeshield 21. He is one of the three to realize this on their own, the other two before him being Seijuro Shin and Taro Raimon . From how he reveals this aloud to Sena without outright giving it up to everyone else shows some level of respect and consideration for others, especially those he has acknowledged as capable. Kazuki bows his head and asks Sena to let him, Shozo and Koji help him break through the American line. Along with his brash behavior it isn't difficult to provoke him, though it should be noted he is much calmer than his friends Shozo Togano and Koji Kuroki . He is capable of leading, something that can be naturally found between him, Shozo and Koji, a trio of best friends.",tsundere
56c68c1c844aa739,Ayase Shinomiya,tsundere/56c68c1c844aa739.webp,"Initially, Ayase is quite cold to Shu Ouma due to getting off on the wrong foot with him as a result of him bringing up her disability. Nevertheless, she is a kind and strong-willed person who does all she can to help Funeral Parlor, and doesn't hesitate to give credit where credit is due; when Shu suspects that he cheated in the mock battle due to the fact that he used a Void, Ayase disagrees, saying he simply made use of the one thing he was good at. She is shown to have a crush on Gai Tsutsugami , blushing whenever he compliments her and always being concerned for his safety. However, she denies this whenever it's pointed out to her, claiming she only has respect for him. Ayase doesn't like being pitied for her disability, insisting that it no way inhibits her ability to do her job and getting angry whenever people try to help her. However, this trait ultimately proves to be more trouble than it's worth, since it causes her to overestimate herself and forget that she simply can't do everything that ordinary people can e.g. run away when people attempt to sexually harass her. This insecurity becomes especially apparent when she goes undercover in Tennozu High School, where she's lost her ability to pilot an Endlave, which to her is like losing her legs all over again.",tsundere
05c9614c9164aaa9,Lugh Tuatha Dé,kuudere/05c9614c9164aaa9.webp,"As a master assassin from his previous world, he is ruthless in killing his targets. He has shown a calm and collected demeanor even during life-threatening situations. This façade only falls apart whenever any of his fiancées tease him, especially Maha . He is described to be a kindhearted person as shown when he saves Tarte from dying alone in the cold and telling her he needed her. He saved Maha and Tarte from dreadful situations, gave them a purpose, and raised them to be capable people even without him present. Despite being tasked with killing the hero, he actively looks for an alternative to save her instead, empathizing with the hero for the pressure put upon her by the world. He is a sharp person who can easily figure out people's true intentions, even if the other person is a supreme deity like the Goddess . He can also easily manipulate any person and gain their trust. Despite being a wise person, he is seen by many who know him to be a very dangerous person. His motto is to avoid killing innocent people and to annihilate the entities who would or might come in the way of his mission of killing (or saving) the hero.",kuudere
551e1b59a47aa2ea,Atsushi Otani,deredere/551e1b59a47aa2ea.webp,"Throughout the series, Ōtani would often act prideful and arrogant displaying a pseudo-Napoleon Syndrome especially when being praised in any manner. However he is actually a very kind and funny person. He greatly struggles with his short stature, which was made worse after his then-girlfriend, Mayu, broke up with him for someone taller. Ōtani has a very happy and carefree attitude when he is goofing around with Risa, and this is especially obvious when they are talking about Umibōzu or at an arcade. Despite his short stature, Ōtani is an aspiring basketball player. Even after his final season, he continues to show up to the basketball club and cheer on his teammates, and was able to play a scrimmage with them one last time before graduating. Ōtani loves basketball so much that he studied hard to get into a good University to become a teacher so he can teach children how to play basketball. Ōtani has a very gentleman-like personality when it comes to a woman who is upset, often assisting them in any way possible to cheer them up. This is seen when he gives up trying to date Chiharu so she can be with Suzuki and again when he is tricked by Hitomi Ōtani .",deredere
4076856aa3ff8365,Strength,tsundere/4076856aa3ff8365.webp,"Strength has two different personalities depending on whether she has her Gigantic Arms equipped or not. Strength's main personality, which is with them equipped, is belligerent, foul-mouthed, and rough around the edges with a tendency to be irritated. She especially makes dirty threats towards Lunatic . Strength's other personality without her Gigantic Arms is the polar opposite, in which she is fearful and cowardly, and claims to disapprove of violence. These two sides of her personality conflict with each other in Drink because you are happy , each one represented in the side with her Gigantic Arm and the side without, respectively. As her Gigantic Arms are her only means of fighting, having them with her is shown to make her far more bold than without them. In the present time, Strength suffers from gaps in her memories and occasional headaches, and believes that Empress is the cause of her suffering. She wonders why she cannot help but hate Empress, which is due to the torture and brainwashing she was forced through by Lunatic.",tsundere
8343cb00bb85e515,Kofuku,deredere/8343cb00bb85e515.webp,"Kofuku is known to have a bright and mischievous personality, similar to Yato . She's described as a bit of a dunce airhead; carefree and openly stating that she likes to have fun (and sometimes cause chaos). However, Daikoku keeps her from doing anything too hectic. She is very loving to those she's close to, treating Daikoku more like a companion/spouse than a servant. Kofuku is also shown to have a serious side and isn't afraid to intimidate and challenge others regardless of who they are, as proven when she threatens Bishamonten when the safety and presence of Yato are called under question. Though she shows a personality relative to an airhead, it's shown through a plethora of interactions with Yukine and Hiyori that she is very aware of the world and the dangers that lurk out in the open.",deredere
36850f692f5b17bc,Kana Arima,tsundere/36850f692f5b17bc.webp,"Initially introduced as a cocky child actress with a sharp tongue, Kana was moved to tears after witnessing Aqua Hoshino 's performance. However, since then, she has matured and grown into a much kinder person, although her gruff manner of speaking still surfaces when she experiences intense emotions. She has consistently strived to become a better version of herself. Though things have cooled down for Kana toward stardom, being a great actress is still her main goal. Kana is described as a diligent and hardworking girl who is empathetic, cheerful and confident with an impressive sense of responsibility. She can also be rude and sharp-tongued at times due to her past. She continued honing her acting even when she could not find work, as mentioned above. She also puts the quality of the product above everything else, even willing to lower her acting level and risk her reputation as an actor. As a young child, Arima Kana was known as a child genius who had high acting skills even at such an early age. Many adults would praise her and think highly of her, therefore resulting in a egoistic and pompous personality, with a large superiority complex and a sharp tongue.",tsundere
61c8dd2ffb3da986,Oota,kuudere/61c8dd2ffb3da986.webp,"Oota is a serious and kind guy. He is the one who always looks after Tanaka . Oota is pretty much Tanaka's caretaker, always assisting him with different school activities, making sure he gets to class on time, and even carrying him when necessary. He is very capable and responsible, though he occasionally jumps to conclusions relatively quickly. He seems to be patient despite Tanaka's incredibly listless behavior. He is an optimist and is always encouraging people no matter the circumstances.",kuudere
33916d1960914ff1,Nicol Ascart,kuudere/33916d1960914ff1.webp,"Nicol is a quiet man who generally keeps to himself. Ever since he was young, he refused to speak up and open his heart to others because he is aware that the other party would only see him for his handsome face. He prefers to keep a stoic expression all the time, to prevent people from misunderstanding his intentions. He would share words and smiles with only the people he is closest with, such as his family and friends.",kuudere
6ae784fe0e4ef08a,Ueno,tsundere/6ae784fe0e4ef08a.webp,"Ueno is a brilliant inventor, bringing in a new device to every club meeting. However, she is smitten with Tanaka and many things she invents become schemes to put Tanaka in a perverse situation with her. She often does this with the idea that he will notice her. These plans almost always backfire, and she becomes frustrated or embarrassed at the situation she's put herself in. She is often angry with others, and will call Tanaka stupid often. She also will provide inventions to the other club presidents when they ask her.",tsundere
270d815d9a7e089b,Casca,tsundere/270d815d9a7e089b.webp,"As one of the Band of the Falcon's most formidable warriors, Casca commands the respect of her comrades. Prior to the events of the fifth Eclipse, Casca proves to be a determined and capable leader within the Band of the Falcon who merits the respect of her comrades in arms. So great is her leadership that she is able to rally the band behind her in their moment of utmost peril and prevent the complete annihilation of the fugitive band for a year following Griffith's imprisonment. She fosters morale among the rank and file of the band, who in turn affectionately call her ""Big Sis"". Even amid the Eclipse, Casca does not allow the band members to panic, commanding them to assume formation and contribute what they can. Casca's hardened appearance and austere attitude can be seen as ""unfeminine"", prompting Judeau 's initial observation that she ""gave up on being a woman in order to become a mercenary"". In actuality, her womanhood forms an integral part of her identity; she wears men's clothing for its practicality in battle, rather than because of any inherent desire to do so on her part. Occasionally, her status as a woman is the source of her perturbation, though she masks such doubts with an exterior of sternness, lashing out with physical violence in moments of vulnerability.",tsundere
a5e3f7fe8589490f,Carmen 99,tsundere/a5e3f7fe8589490f.webp,"Carmen is a rather sly and cunning character. Always finding a way to twist the jobs into her favor, she ends up getting Wendy and Van wrapped up in quite the mess. However, it usually provides new leads in their pursuit of The Claw. Carmen possesses a playful personality, often teasing Van, Wendy and the others in a humorous manner. She has a sardonic sense of humour, often ironically revelling in the dire situations they all get into. Despite this, she has a kindness to her, and often looks out for those around her, albeit coated in her sarcasm. She is also a realist, quick to observe the situation critically. Although she can seem outwardly focuses on her job and getting paid, Carmen has a lot of passion in her that she uses to support her friends and fight the good fight.",tsundere
bd0b01d96fba40c1,Momoko Sudou,deredere/bd0b01d96fba40c1.webp,"Momoko has a cheerful and soft-spoken personality. She is a supportive friend, often looking out for the people around her. This has led to her playing the role of a peacemaker often. However, her altruistic nature makes her prone to putting the needs of her friends before herself. Hence, while she is happy to lend a listening ear to her friends, she feels guilty about sharing her own personal problems. This can be seen when she apologised to Kazusa after sharing her concerns meeting Sugimoto.",deredere
8e6cf871d8e6bb3b,Rin Hoshizora,deredere/8e6cf871d8e6bb3b.webp,"Rin appears to be a bit of a tomboy, though with a girly streak. She likes sports and is arguably the most athletic member of μ's, on par with Eli . Like Honoka , Rin is very energetic, hard-working and active; her hard-working personality is notably displayed in Season 1 Episode 7 , where she, Honoka, and Nico had to work hard to pass exams in order to enter the Love Live! tournament . Together, the three are known as the "" san baka ( 三馬鹿 , lit. Three idiots ) "". One key difference between her and Honoka, however, is that Rin is known for being very mindful of other people's opinions, as she puts their feelings first before taking action into something. This is shown multiple times throughout the anime. Part of Rin's tomboyish personality stems from the fact she was teased by her classmates for wearing skirts and dresses in public, to the point she stopped wearing them as often, and wore shorts or pants instead. This insecurity later grew into a complex as time passed, to the point she no longer wore skirts or dresses, other than for her uniform or her idol outfits. This is also further compounded by her petite body shape.",deredere
15414841b4d451a6,Hayato Kamitani,kuudere/15414841b4d451a6.webp,"He is quiet and rarely shows any other emotion besides annoyance or boredom. He tends not to speak unless its necessary, a trait which he shares with his father, Taizou . It has been noted on numerous occasions that Hayato's bad habit of hitting people on the head comes from Shizuka . He is not prone to angry outbursts but uses baseball batting as an outlet to vent his emotions. Hebihara notes that Hayato rarely cried as a child in contrast to Taka, who cries often when upset. He cares for his family and friends deeply, threatening to send Inui ""flying to the sky"" if he hurts ""Ryuuko-san"" (Ryuuichi in disguise as a girl) and also searches for Taka who runs away after his mother refuses to buy him a carp jet. He loves baseball—his biggest wish is to play at Koshien Stadium—and he is good enough to be considered the club's ace (though he himself describes the club as being ""weak"" repeatedly ).",kuudere
659f88abf72bb502,Shinei Nouzen,kuudere/659f88abf72bb502.webp,"Shin is an incredibly kind person, even after being wronged by so many people in his life. He considers himself to be at fault in the matter with his brother and believes he is the one that needs to apologize. Even after being ostracized and feared by the other Eighty-Six, Shin felt that it was his responsibility to shoulder the deaths of his comrades and let them pass peacefully into the afterlife. He had always been the only person left alive until he met Raiden Shuga . Thus, even after meeting a companion that could survive along side him, he always felt it was his duty as the survivor to silently carry the tags of the fallen to his final destination. Even once letting go of his fallen comrades on the border between San Magnolia and Giad, he still used his comrades' deaths as an excuse to return to the battlefield. Shin's ability to hear the voices of the Legion places enormous mental strain on him, even when he has become accustomed to listening to the constant wails of the dead. The weight of both his responsibilities and the effects of his ability have contributed to his stoic nature and lack of mirth. Despite that, he has a gentle side to him that usually comes out when interacting with Fido . His kindness also manifests in selflessness to an extreme degree.",kuudere
6519a6a1d3d8149b,Spain,deredere/6519a6a1d3d8149b.webp,"A cheerful country bumpkin, Spain was once a super powerful nation and traveler until he was tormented by England and Netherlands , beaten by a younger America, and thrown into war and poverty. Despite all his hardships, he remained optimistic and passionate. The source of his constant happiness is the sunshine that cast over his land. Although he means well, he happens to come off as insensitive and clueless at times because of his inability to ""read the atmosphere"" (it is said that he does not even try to assess the situation). Spain speaks in the Osaka-ben variant of the Kansai dialect in the Japanese version. He is also very fond of children, especially the Italy brothers and had once taken care of Romano. It was shown when he was younger that his ultimate dream is for both of them to live with him. Spain is often shown spending time with either Romano, Prussia, or France.",deredere
dca8ef6daa950cad,England,tsundere/dca8ef6daa950cad.webp,"England is a fanciful, blunt, obstinate former pirate who used to torment Spain . In modern times he claims to be a gentleman; however, he is cynical, sharp-tongued, prone to rough speech, and yearns for the golden years. He often uses British vocabulary, such as wanker, Yank (Yankee), bloody, twit, and git. He is noted for being horrible at cooking which has caused America , his former charge, to have ""bad"" taste in food. England is also, apparently, the ""king of losing things"", and France has described him as ""somehow extremely useless when it comes to matters not pertaining to himself or America"". He can be described as ""spacey"" because of his strong belief in magic, spirits, fairies, and other fantasy creatures. He has the ability to perform magic, such as spells and curses, and can also summon demons and other magical creatures. He is able to communicate with supernatural beings and is not limited to creatures from his homeland, being able to interact with youkai and spirits from Japanese folklore. He also happens to have fantasy friends, such as a flying bunny, unicorns, fairies, gnomes, and Captain Hook, but oddly enough he did not believe in Santa Claus until Finland came and brought them presents. Despite this, England often ridicules America's belief in aliens and Tony.",tsundere
7922db3acc70ac67,Erika Itsumi,tsundere/7922db3acc70ac67.webp,"Of all the people I've analyzed on the sensha-do circuit, Erika Itsumi is one of the most complex leaders I've had the pleasure of understanding. Underneath the arrogance and abrasiveness, is a burning desire to become stronger by any means necessary. Joining Kuromorimine's sensha-do team, Erika had to come to terms with the fact that she was just another soldier, fighting under the Nishizumi banner. What she could never come to terms with, is the fact that the younger daughter was already being groomed as their future leader - despite her obvious flaws in and out of the tank. The fact that Miho was just too nice for her own good - even letting her win, in their first match on opposite sides - only added fuel to the fire. When Kuromorimine lost to Pravda in the 62nd National High School tournament, Erika's anger hit boiling point. Not only was she angry at Miho for transferring out of school (""running away"", as she called it) - she was also angry at herself for failing to be as strong as she needed to be. It was in that moment, that the flower which bloomed on the heath turned into a mighty force on the Kuromorimine team, ready to lead the charge to victory.",tsundere
dd22569dd9b7070a,Lancelot,kuudere/dd22569dd9b7070a.webp,"At first glance, Lancelot appears to be cheerful and friendly towards a con artist merchant, appearing naive and innocent, but he later revealed a crueler side, similar to his father, when he sees that the merchant was tricking the fairies with junk to get their treasures. Just like his mother, Lancelot always seems to be a very serious, quiet, stoic and responsible person, however, he also takes a little after his father, such as his sloppy and playful nature. Like his parents, he rarely shows any compassion for his enemy, never hesitating to kill them when necessary. Although he rarely shows it, he cares deeply for those he loves, determined to punish anyone who makes them suffer. As Sin, he was blunt and straightforward in his conversation with Percival and Donny after saving them from Pellegarde. At first, he showed no interest in Percival, as he did not bother to speak to him until he had reason to believe that the boy was one of the Four Knights of the Apocalypse, as he claims to be part of a group that opposes King Arthur Pendragon and the Holy Knights of Camelot who hunt down the four in hopes of preventing the prophecy of the world's destruction from being in their hands.",kuudere
e607f76b405904f6,Shingo Kinjou,kuudere/e607f76b405904f6.webp,"Mature and logical, Shingo cares deeply for the Sohoku bicycle club. He supports and encourages the team in all their endeavors even at their lowest, and believes in the potential of the new first-years. As the ace, he believes it's his job to carry the dreams of the members of the club to the finish line. This feeling is heightened due to being the only ace for Sohoku (compared to Hakone Academy consisting of six aces). Initially seen as harsh and cold as a captain, the first-years soon realize that he is constantly testing them and helping them to grow, as cyclists and as people. He greatly wants to achieve victory at the Inter High and does everything he can to ensure that. In team races, while he plots out a game plan as to each member's role, he will defer to their judgment on how they fulfill that role if they have a better feel for it than himself. Even though he himself is a strong cyclist, Shingo will not put down teams from other schools and will recognize what strengths they do have. At Chiba Prefecture's Inter High Qualifiers , Sokohu implemented their plan to overtake the leaders in the last laps, which happened to be Kashiwa East.",kuudere
45600a41ca4f3e91,Vorona,kuudere/45600a41ca4f3e91.webp,"Close up of Vorona's face. Vorona is a slender young woman with light blonde hair that has bangs covering the right side of her face and pale violet eyes. In the anime, she wears a white and orange bodysuit that occasionally reveals the cross-shaped scar on the left side of her chest. Vorona is described in the novels as having extensive knowledge about even the most trivial of subjects and can bring up such information right off the top of her head. This trait can be attributed to all the time she spent studying as a child and what she inherited from her father. Lingerin remarks that while Vorona is physically mature, she is still a child mentally, by which he means that there is still a lot about the world that she has yet to experience. She is regarded by her partner Slon as a ""fighting addict."" She enjoys defeating opponents that are significantly stronger than her in order to increase her strength and loves to fight enemies that bring something unusual to the table (such as Celty , Anri , and Shizuo ). Surprisingly, she also has a rather large sweet tooth. This is first shown in Volume 08 where, after Shizuo and Tom ask her about her home in Russia, she somehow steered the conversation over to Russia's history of cake.",kuudere
424556c94f1bffe1,Nano Eiai,kuudere/424556c94f1bffe1.webp,"Initially, Nano came across as cold and stoic. She believed in living life as efficiently as possible, and saw relationships as meaningless - hence, she felt uncomfortable when coming to terms with her budding feelings for Rentarou. As the series progressed, Nano slowly opened up to the rest of the Rentarou Family, and became more comfortable with expressing her feelings. She admits that she spends time with her other co-girlfriends not because they happen to be dating the same person, but because she genuinely likes them. Nano is also calm under pressure, and is able to solve almost any problem that comes her way with almost computer-like efficiency, earning her the epithet of the ""A.I. girl"". Unlike most characters in the series, Nano has a habit of referring to others by their full name. Nano has acrophobia , stating that is is ""only logical"" to fear life-threatening elevation.",kuudere
ba0cbd3bf706342c,Triela,tsundere/ba0cbd3bf706342c.webp,"Triela is troubled and very witty and sarcastic, mostly towards adults. She is also, however, very kind and understanding, and serves as a sort of mentor to the other girls of the SWA . She retains a realistic outlook on her situation within the Agency, and appears to be the most level-headed cyborg out of all the girls there. Through books Nine to Twelve , Triela begins to experience the memory loss and drug withdrawals that plagued Angelica's final months, and, as the second oldest cyborg in the Agency, she realizes that she will probably die soon.",tsundere
f2c04ab06e299cfa,Annie Leonhart,kuudere/f2c04ab06e299cfa.webp,"Annie says that she respects Eren Due to her harsh upbringing, Annie has become an isolated, exclusionary person; friendships do not come to her easily. She is rarely seen smiling and often has an emotionless expression. She is apathetic and somnolent, with little desire to put in any effort into meaningless disciplines or activities, and instead claims to focus exclusively on making it into the Military Police Brigade to obtain an easy life. While Annie tends to have a realistic outlook on life, she holds a fascination and even feelings of respect towards people who have a deep sense of duty and righteousness—people who devote their lives to and even die for causes they believe in. Annie's sense of humor tends to be mocking, sarcastic, deadpan, and surprising. It also sometimes expresses a partial truth, and it happens mostly in intense situations. For example, when she was cornered by the Survey Corps in front of an underground passage, she claimed that she was a feeble maiden and mocked Eren as a suicidal blockhead. Despite Annie's usually cold and calm demeanor, she is capable of expressing her feelings in various ways. At the times she does lose her composure, she usually reacts with violence.",kuudere
b8d7f520328fe344,Kurumi Tokisaki,tsundere/b8d7f520328fe344.webp,"Kurumi is the type of person whose character is difficult to read. She possesses a dislike of humanity that borders on mistrust, which is something that she shares with most of the other Spirits in her debut. She is a skilled actress as she is capable of putting on the façade of an innocent, curious young girl when she needs to. This skill of hers is shown when she registers as a student at Raizen High School and speaks in a polite manner. However, under that mask lies a madwoman, prone to fits of insane laughter and possessing no regard for human life, viewing them as a food source to restore her own time, and thus, a disposable commodity. There is a twisted justice behind her methods, however, as the people that she brutally murdered were would-be rapists and animal abusers. Also, a good sign of her sense of justice lies in her ultimate objective: to go back in time, kill the First Spirit, prevent the Spacequakes from ever happening, and save millions of lives in the process. This goal made <Phantom> call her a kind person, albeit sarcastically. In hindsight, Kurumi possesses some degree of innocence that her psychotic behavior has not entirely ruined; she has a soft spot for small animals and other creatures.",tsundere
80b3dc41c42f3263,Ayano Kannagi,tsundere/80b3dc41c42f3263.webp,"Ayano is a brash, short-tempered, impetuous and an easily arrogant girl who takes her role as the next head of the Kannagi family very seriously. She rarely thinks things through, preferring to charge in blindly to situations. Her pride for her family and heritage is often the fuel for her recklessness, as she believes her family name and force alone would allow her to beat anyone. This never ceases to annoy her father, who has to constantly remind her that not all problems can be solved with brute force. In contrast to what would be expected from a woman of a prestigious Japanese family, Ayano is far from elegant and very rebellious, being more than willing to disobey her father's orders if they collide with her own personal sense of justice. This can be to her detriment, as she'll often go and do what she believes to be right without learning the entire picture beforehand and she is very prone to jumping to conclusions. Ayano is also shown to be very naive, especially when it comes to anything involving her family; whenever a problem arises for the family, Ayano is usually unable to see that it was the very policies of the Kannagi family that caused the problem in the first place, believing that there is nothing wrong with the way the Kannagis do things.",tsundere
adab1b7fa5ad9ac6,Karane Inda,tsundere/adab1b7fa5ad9ac6.webp,"Karane has a straightfoward, honest personality, and is not afraid to speak her mind about anything. She deeply cares for her friends and family, and stands up for them when they have trouble expressing their wishes or if they are in danger. This usually manifests as mean remarks (denying that she's doing things for someone because she cares about them), or physical violence (mostly towards Rentarou).",tsundere
e97f23a04903be7b,Saki Asami,kuudere/e97f23a04903be7b.png,"Saki is tough on the outside and always maintains her cool, as required from someone in her position. However, she cares not only for the safety of her teammates safety, but also for their morale. She effectively assumes leadership of the Pleiades Saints, and is an apt commander both in battle and outside of it. She is shown to have short fuse at times, becoming angry when being teased or provoked. She is also known to have a sad past, because her sister Miyuki died in a car accident.",kuudere
dbd0c68f0b84eb63,Ran Shibuki,tsundere/dbd0c68f0b84eb63.webp,"Ran is a quiet, independent girl with a professional air about her. She is multi-talented and mature but she has a short temper and does not like being pestered. Despite this, Ran is a kind person. She is humble about who she is as a person and idol, despite her popularity. She dislikes being nicknamed ""Ran-chan"" ( 蘭ちゃん , ""Ran-chan"" ) and prefers to just be known as ""Ran."" She doesn't eat sweets as she is concerned they will ruin her image.",tsundere
4657ba887b9ae6a7,Saya Kisaragi,deredere/4657ba887b9ae6a7.webp,"During her years at the Zoo, Saya was spoiled by the original Joel, and therefore became very immature, self-centered and rude. She herself realized this as a result of her friendships with Diva and Hagi , which help reveal and nurture her compassion for others. Overall, however, Saya was a bright, cheerful and innocent person. After she unwittingly released the vengeful, bloodthirsty Diva upon her foster family and friends and accidentally turned Hagi into her chevalier, coupled with learning the truth about her life and her own inhuman nature, Saya lost her happy demeanor and becomes much more serious and plagued with doubts and guilt. As a result of losing her memories and spending a year in Okinawa as an ordinary girl, with family and friends, Saya develops a sweet and caring albeit somewhat reserved personality. Kai Miyagusuku later refers to her as being ""a crybaby and a glutton"". The latter name suits her as she is much inclined to eating. According to Kaori Kinjō , no matter how much she eats, she never gets fat. The constant hunger is possibly due to insufficient consumption of blood.",deredere
1a784d3767626fbe,Hinata Sakaguchi,kuudere/1a784d3767626fbe.webp,"Hinata is a cold pragmatist who doesn't shy away from cooperating with anyone as long as it benefits mankind as a whole, even cooperating willingly with Demon Lords even though the Western Holy Church believes in killing all monsters . She is willing to give anyone who asks her advice, but if that advice is ignored then she won't bother repeating herself. She is also extremely stubborn, always refusing to compromise with others, and will not listen to reason unless ordered to by Luminous. She does not like being made fun of, as she angrily glared at four of the Saints when they mocked her sensitive tongue, and even threatened Kenya with her sword when he was about to insult her. She also doesn't seem to enjoy exposing much of herself; she appeared to feel embarrassed of being completely naked in a public bath, despite only being in the presence of women at the time (however, she felt more comfortable when bathing alone), and when her chest is exposed after Luminous healed her, she covered quickly herself up and even scolded Rimuru for being a pervert. Within the Church, she is an extremely harsh but powerful and efficient leader, who singlehandedly reformed the Crusaders into a much more efficient and streamlined version of itself within two years of her rise to power.",kuudere
a3b481ea769bc35f,Algard Von Palettia,tsundere/a3b481ea769bc35f.webp,"Algard is a complicated young man whose personality stems from his relationships with others. In truth, he never wanted to be crown prince and was angered by the position being forced onto him, leaving him without his own identity. His frustration with his role and complicated feelings toward his sister caused Algard to develop a great resentment toward the Kingdom of Palettia itself. He showed some world wariness in this regard, aware that ""a country mired in tradition has no future."" He also despises those who just accept their role, which was one of the reasons why his relationship with Euphyllia fell apart. Algard also suffers from a inferiority complex due to his abilities, be it magic or politics, being just average, especially when comparing himself with his ""genius"" sister and ex-fiancée. These feelings essentially overpowered his aversion toward his position, but wanting to earn it through merit rather than birthright. To change the Kingdom, Algard attempted to stage a coup d'état which would have destroyed the peace that his father secured. However, after his plan failed, he was shown to have mellowed out a lot, taking full responsibility for his crimes and being adamant that his anger laid not with his family.",tsundere
fc49a5ff46b9c93a,Shiki Wakana,kuudere/fc49a5ff46b9c93a.webp,"Shiki is a stoic girl who has difficulty expressing herself. She isn't very fond of loud places. Her favorite things are Mei , stag beetles and butterflies. She appears to have a calm demeanor and is quiet most of the time. She also does not smile much, but the reason why is yet to be determined. She is also very conscious of her surroundings, as she easily noticed Mei looking at her from the Science Club room while she is with the other Liella! members at the rooftop. At her core, Shiki is a kind and well meaning girl who does her best to support her best friend; initially becoming a member of the school idol club on a trial period in an attempt to bait Mei into joining. Eventually, she officially joins the group in order to spend more time with Mei and bond over their newly found shared interest. However, despite her gentle nature, Shiki can become noticeably jealous, clingy and possessive when Mei spends time with others, as well as remarking about Mei's looks almost every chance she gets. She has a strange unexplained habit of blurting out English sentences at random occasions. Shiki prefers to stay in the shade, as the light is too bright for her. She has a habit of fainting when placed in situations that are too much for her.",kuudere
e888f6d92456ba80,Aiura Mikoto,deredere/e888f6d92456ba80.webp,"Fun-loving, extroverted and a bit eccentric. Mikoto is open about her psychic powers and wants to use them to help people, which she believes sets her apart from Kusuo. She openly uses her powers to help those who ask, unlike Kusuo, who is more discreet and deliberate in his actions. This causes her to experience a life-threatening event, having a firearm pointed at her head when she continues to openly use her powers despite Kusuo’s warning. Kusuo rescues her from the gang and prevents her other clients from fully believing in her powers. While she offers her soothsaying services to other students for free, Mikoto charges adults money, sometimes even charging more than what was originally agreed upon. Mikoto quickly befriends Chiyo and Chisato , giving them affectionate nicknames. Due to her impressive aura and beauty, Mikoto expresses great admiration for Kokomi , briefly attempting to imitate her by dressing in a more traditionally feminine way. Mikoto shows little interest in schoolwork and often sleeps during class, admitting that she is ""pretty dumb"", due to placing 165 of the 181 students in her grade.",deredere
4627d89f16d01e68,Alyssa,deredere/4627d89f16d01e68.webp,"Alyssa is shown to be very gentle and selfless. She would always give the best of everything she got to her daughter Viola , and was a very caring mother overall. When finding baby Viola abandoned in a forest, Alyssa was quick to feel sympathy for her, resulting in her deciding to take the baby in and raise her. Alyssa has always tried her hardest to make sure Viola has a good life, doing things such as comforting her, sleeping with her, and getting her anything she wishes for. Alyssa is also quite humble. She admires Lira for her ability to raise her son easily, but thinks of herself as a clumsy mother who always makes mistakes. Lira encourages Alyssa by mentioning her great qualities and telling her she is raising Viola right as long as she's happy. Alyssa is very touched by this, to the point where she begins to shed tears. Alyssa does have a stricter side when raising Viola. She would get mad at Viola for her aggresiveness towards Fennel, scolding her and forcing her to apologize. Alyssa is somewhat oblivious towards Fennel cruhing on her, and insists he is only like a little brother. She often interprets Fennel's feelings for her as something else, such as interpreting his panting from being on her lap as hyperventilating from shock.",deredere
25886fea551825b5,Kurisu Makise,tsundere/25886fea551825b5.webp,"Kurisu is generally sensible, serious, and mature. Usually calm and collected, even when someone is acting tense in front of her. However, she can also show a more timid side at times. She is shown frequently to hate being nicknamed, as she dislikes all of the names that Okabe gives her, with 'The Zombie' bugging her most of all. Ironically, on the rare occasions that Okabe uses her real name, she takes it as a sign that something is seriously wrong. Kurisu is also practical and a realist, almost to a fault; initially, she believes firmly that time machines are fiction and refuses to believe the Phonewave is one, even after seeing it in action, claiming that Okabe had simply seen what he wanted to see. It takes the group's looking up SERN 's research about time travel to finally convince Kurisu of the truth. However, in Steins;Gate 0 , she doesn't deny the possibility of time machines and would build one herself if she had the materials. Mature as she is, Kurisu is very sarcastic and often expresses this through her interactions with Okabe and Daru , the former due to his eccentricities and frequent insensitivity, and the latter due to his perverted remarks.",tsundere
d7627165549d63c2,Lazuli-chan,deredere/d7627165549d63c2.webp,"Lazuli and her sister Lapis are owned by Mindy O'Hara . They live in Jewelry House and work in a magical candy world called Sweet Paradise , which the Ham-Hams visit frequently in later episodes. When she first meets the Ham-Hams she is excited to have new friends, unlike Lapis who doesn't think they need any friends as long as they have each other. She and Lapis play with The Ham-Hams at the Clubhouse or Sweet Paradise. Lazuli is very childish. She doesn't care about danger, for the most part. She goes through very risky and dangerous situations for the sake of fun. When she is inevitably rescued, she, instead of thanking her saviors and apologizing, tends to go on about how much she enjoyed it. She is very oblivious to the harsher aspects of life and is quite unempathetic at times, which is mostly what gets her in trouble, much to Lapis ' annoyance. She always has Lapis watching over her due to this. Lazuli also speaks in the third person most of the time. Out of the two, Lazuli is the one wielding magic. She is often seen mixing ingredients at her magic cauldron, in Sweet Paradise . The cauldron is mostly used to transport the Ham-Hams to far-away and unique places or dimensions. According to Lazuli, she somehow finds these places herself.",deredere
7e1104a22aa3bc53,Yumiella Dolkness,kuudere/7e1104a22aa3bc53.webp,"Yumiella has the mystical Boss aura is stoic with a phlegmatic facial expression, which often leads others to be scared and distance themselves from her. Despite black hair being seen as a sign of evil in her country, Yumiella remains logical and approaches situations with a smart and unusual way of thinking that others may not consider or fear. She may has problems with mutual social interaction and exchange (e.g. understanding and building relationships) but she's still a resourceful and smart problem-solver, finding creative solutions to the challenges she faces. Although rational she is, her ego can easily overshadow this when her level capacity is mocked or belittled(e.g. When she was mocked by Alicia for being level ""13"" in volume 4 and when the first king of Valshein belittled her physical capabilities in volume 6) which results in her transforming into something the world would consider as the end of the world that lacks to the capacity to be reason with.",kuudere
5b7742263820f1ab,Juliet Queen Elizabeth VIII / Jobko,tsundere/5b7742263820f1ab.webp,"A 12-year-old genius exchange-student who became a high school student from skipping grades. Since her father is the president of a well-known IT company and is thoroughly educated with a high level of knowledge related to cutting-edge technology. She hates inefficiency and adheres to science, so she looks down on old-fashioned manual work, even if she's passionate about it herself. She lives in a privileged environment where she can get everything, but feels lonely because of her personality that keeps people away.",tsundere
ac96178f83f8b56d,Nyaruko,deredere/ac96178f83f8b56d.webp,"She is always friendly to Mahiro , eager to pursue him, but often shows abusive and brutal habits to any hostile aliens. She claims to be one of the best fighters on Earth, as she states that her combat level is 530,000, while a normal farmer armed with a hunting rifle is 5 (though this may be a parody of Dragonball Z ). Despite this, she is always unsuccessful when dodging Mahiro 's fork attacks. She happens to be smart and self-confident, as she graduated from one of the best universities at the top of her class. She has even shown fourth wall awareness and hints seemingly towards the viewer (you). Her actual age is unknown since she always stops Mahiro whenever he becomes curious or questions her age. Nyaruko is shown to be highly into gaming, and says that Earth's entertainment is well known to aliens across the universe. She is also obsessed with otaku culture.",deredere
f9fb1558e4324cee,Setsuna Yuki / Nana Nakagawa,deredere/f9fb1558e4324cee.webp,"Setsuna has an energetic smile and a distinctive style of performing. She's very friendly, charismatic and naturally people oriented. She is easily excitable and full of energy, and she can be moved emotionally very easily. She lights up whenever she is asked a question about her interests, which include anime, manga, video games, and school idols. While she is a very passionate geek and loves to talk about her otaku hobbies with her friends, due to her status as a serious and hard-working student council president, she feels she has to hide them from her mom. When the latter learns about Setsuna, she is happy with it and cheerfully goes to the concert. She takes her passions very seriously, and with regards to being a school idol, always wants to improve. She wants to share her love of school idols with the world, and help others feel more comfortable saying what they love, but she can be too passionate about idol activities, the reason that drove the members of the original School Idol Club apart and forcing her to disband the club afterwards. As Nana, she also strives to do well in school, so she always does homework as soon as possible and studies on her off days. Setsuna is also very kind and helpful, and is shown to be very supportive of her friends.",deredere
348b0582ee219229,Kneesocks,kuudere/348b0582ee219229.webp,"Kneesocks, like her sister Scanty, is obsessed with orderliness and believes that suppression keeps people in check. She has gone to great lengths to ensure order is maintained, such as mandating uniforms in Daten City High School and constantly cleaning up after Panty and Stocking in the church with Scanty. As opposed to Scanty, however, Kneesocks is far more sensible and capable of controlling her emotions, as she seemed to be the brains behind many of their schemes to kill the Anarchy sisters. Although Kneesocks is practically inseparable to Scanty, she enjoys being alone in the comfort of her room, implying that she is an introvert. She is also quite refined, usually opting to use complex and proper words instead of expletives. In addition, she is the most industrious of the four main girls, as she is known to have had two casual jobs to provide for herself and Scanty. Kneesocks red with anger. However, these traits do not indicate that Kneesocks is completely mature. She tends to lose her temper at times, causing her face to glow bright red; she only becomes aware of this when Scanty points it out. She also participated in a contest to become the ""god"" of Influenstagram with Panty, Stocking, and Scanty and shamelessly gained sexual pleasure from the attention she received.",kuudere
1a263e53e31aaa1c,Karamatsu Matsuno,deredere/1a263e53e31aaa1c.webp,"As with his brothers, Karamatsu has short, dark hair with two cowlicks sticking up in the back. He is most often seen wearing the three-buttoned uniform shirt, pants, and running shoes, wearing a shorter-sleeved short and shirts in the summer. In the Comic BomBom and Takeshobo reprints of -kun, he is often associated with the color red, even appearing with his shirt in that color on a cover. This was also reflected in the April Fools' joke for the Osomatsu-san website. Karamatsu is a cheerful and carefree young boy said to have the most energy. Yet, he is also described as being energetic because of his bravado/""empty spirit"" ( karagenki ). He is a bit of a crybaby and often winding up with the worst luck of the brothers, or getting another brother into trouble along with him due to his impulsive ways. He can be eager to fight like any of the others, but can wind up a scapegoat and vulnerable in situations, and his impulsive nature leads him to get injured in brawls , if he doesn't simply run away crying in fear (such as the boxing match against Knock-Out Tsuyoi) . When shown to wrestle against Osomatsu in one story, he is too easily defeated and thrown to the ground . However, he was once able to evade Chibita's wrath by falling over to ""play dead"" .",deredere
267f0fa5641e4b18,Anya Alstreim,kuudere/267f0fa5641e4b18.webp,"Anya comes off as rather stoic, deadpan and uninterested, similar to a person who suffers from depression. Anya maintains a detached attitude in most situations, usually declaring most things to be boring or dull. However, this detached attitude also gives her a lack of ""common sense""; she had piloted her personal Knightmare Frame for the sake of capturing Lelouch ’s hat, disregarding the fact that she was piloting her Mordred in a non-combat area and had aroused the suspicion of the military and the Knight Police, sending the Tokyo Concession into Defcon 2. Anya is loyal to Britannia and her Emperor, never questioning or disobeying orders given to her. This loyalty is further shown when Lelouch takes control of the empire after ""killing"" Charles zi Britannia , Anya sided with Schneizel and his faction, seeing him as the legitimate of the two. On the battlefield she's a deadly and fully capable pilot, showing no mercy to her enemies. Her fighting style reflects her heavily-armored Knightmare; she annihilates her enemies with overwhelming force and doesn't hesitate to kill disabled foes. Despite her stoic personality and ruthlessness in battle, Anya does have a softer side as she has been shown to be warm and caring towards her friends.",kuudere
5d7253b5738951f5,Charlotte Evans,deredere/5d7253b5738951f5.webp,"Charlotte as described by Allen Crawford, is an extremely pure, honest, and genuine person. She does not bear any hatred towards the Duke's family even after they falsely accused her of various crimes that she did not commit. At first, when Allen offered to take her in as a housekeeper, she hesitated as she felt that she might be a burden to him, but eventually accepted after Allen placed a death curse on himself and refused to remove it unless she accepted his offer. In episode 5, she revealed that she had a good relationship with her mother, who sadly died when she was young.",deredere
3061f6d124752571,Mai Kawakami,deredere/3061f6d124752571.webp,"Mai has a lively, upbeat and headstrong personality who is confident in her skills. She is rather active, fit, and strong; often fighting the phantoms using only her legs and sometimes hands. Even as a child, Mai possessed great strength. She is very straightforward and she is the one that will do what she has to even if it’s a bit embarrassing, but she’s also very determined to get into the phantom jobs. Mai is also very kind, somewhat motherly and protective of those she cares about, as she has even earned herself the nickname ""Phantom-Hunting Mom."" She is very understanding of situations and can sympathize with others. Mai is also very supportive of her friends but doesn't particularly like people with selfish and rude personalities. She is also very close to Haruhiko Ichijo , but she does enjoy to tease him sometimes. Since she is very confident in herself and skills, Mai will usually take on opponents that she thinks she can handle by herself since she doesn't want to put her friends in danger. But since Haruhiko works well with Mai, the two often ends up working together. Even though she lives alone, Mai has remained cheerful. She acts like a big sister to Reina Izumi , whom she deeply cares for.",deredere
a01085bd423c567a,Naru Ayase,deredere/a01085bd423c567a.webp,"When Naru is happy, she can see the colors of music and a whole image spreads through her mind, however, when Naru can't, generally as a result of some emotional distress, she simply starts crying. She tends to have a cheerful, lighthearted personality, which is reflected in her catchphrase, ""Happy Naru!"". When pairs were being decided for Winter White Session , she was noted to be especially similar in personality to Otoha , since they both please others with a graceful and refreshing aura despite their clumsiness. Naru has never been good with Prism Shows but is on a whole new level when she hears music and can successfully perform up to three consecutive jumps and the Prism Live . Decorating items is one of Naru's strong points and can be considered as one of her hobbies. She is also very friendly and tries to get along with many people, especially those who might seem scary at first like Ito or Kouji ; though she ends up getting along with them. She is also really perceptive to people's emotions, such as when she figured out that Ito and Kouji liked each other from the music. A personality development occurs in Naru when she decided to try new things on her own even though she couldn't do anything when she first became the manager.",deredere
67110b1effd3a243,Mavis Vermillion,deredere/67110b1effd3a243.webp,"Mavis' reckless nature Mavis is kind and protective of Fairy Tail. She cares, guides and protects the guild whenever it's possible. She seems to be quite cheerful as she's smiling and happy most of the time. Mavis can also be quite carefree and reckless, and this side of her is shown when she allowed Jellal Fernandes to participate in the Grand Magic Games as a part of Team Fairy Tail B , as long as it improved their chances of winning, despite the fact that if anyone found out about the ex-member of the Ten Wizard Saints and escaped convict, it could be disastrous to the guild. Another sign of her reckless nature is shown when she lent Fairy Glitter to Cana Alberona just to win the MPF event. Mavis is quite playful and to a certain degree, childish. She even left Tenrou Island just to cheer on Fairy Tail in the Grand Magic Games, solely because she was bored on the island. She seems to be indifferent to certain things. For example, when Mavis felt a malicious force coming from the Raven Tail guild members, she was not especially worried. Though playful, she can be quite serious at times.",deredere
d93ceb935c1cb45d,Maho Nitori,tsundere/d93ceb935c1cb45d.webp,"Maho is the older sister of Nitori Shuichi , in fact, Shuichi dressed as a girl looks almost identical to the older sister. She is one year older than Shuichi is, and at the beginning of Wandering Son , she is in the sixth grade of elementary school. Maho shows a strong interest in her appearance, and spends much of her money on new apparel. So it is no surprise that she earns her money by modeling teen clothing fashions. Her personality is seen as the opposite to Shuichi's calm and quiet demeanor, often being loud and outspoken. Although very loyal to her family and Shuichi, she views Shuichi's perceived "" cross-dressing "" supposedly as a mental sickness, thinking and tolerating it because she feels that it supposedly is only a phase. But she acts out of concern for Shuichi, even if it isn't shown outwardly. At times, Maho's protective nature causes her to bully and mock Shuichi, but at other times, she will distance herself from Shuichi. When Shuichi goes to school dressed as a girl, she quits going to school herself, out of fear and derision that she feels would be directed at her. Maho has a rebellious streak, causing her to talk back to her parents, and often times flatly tells them exactly what she is going to do, like it or not.",tsundere
2b28af1447e60166,Kaitou Kuroba / Kaitou Kid,deredere/2b28af1447e60166.webp,"In both civilian and costumed life, Kaito is a compulsive trickster who is drawn to any challenge just for the sheer thrill of overcoming all hazards in the end. Kaito is infamous for having a rather overconfident (close to the point of arrogance) attitude, always preferring to create as big a bang as possible. He loves nothing more than leading the police in wild goose chases, letting them get within a hair's breadth of catching him, before exiting one way or another. Seemingly having a soft-spot for his fans, there has been more than one occasion when Kid has refused to show when the police tried to bar the general public from witnessing his act. Generally, when these instances occur, one of Kaito's tricks rely, one way or another, on his ability to blend in with a crowd. Kaito is also quite a charmer, seeming to always know just what to say to the ladies to leave them speechless. Kaito hates to see others get hurt, and he never hesitates in leaping to rescue someone, whether physically or mentally.",deredere
65d94372156c3c0e,Mai Meido,tsundere/65d94372156c3c0e.webp,"Much like Mei's loyalty for Hahari , Mai is absolutely dedicated to Mei, often getting lost in thought while admiring her. Mai takes great pride in being close to Mei, often bragging about being her little sister. Her dedication is so strong that she initially resents Rentarou for being a threat that may take Mei away from her. Despite her hard exterior, Rentarou always makes her fall for him, often seeing everything in a flowery filter. Unlike Mei, Mai is very clumsy, consistently slipping and tripping over things, although she is often caught by Mei before she can get hurt. Mai appears to have girlish tastes, and enjoys shoujo manga, romantic novels, and medieval European fairytales. She is also easily lovestruck when someone either looks or acts in way that is princely, knightly, or in-line with shoujo mangas.",tsundere
6537dedfe25a065f,Kimihiro Watanuki,deredere/6537dedfe25a065f.webp,"Watanuki is known for having both volatile and caring in his personality. Depending upon the person he talks to, his emotions tend to be overly exaggerated. When he's with Himawari, he is prone to throwing himself into the air and usually squeals ""Himawari-chaaaaan!"", accompanied by hearts. With Doumeki, he almost always expresses disgust or irritation with various facial expressions, ranging from screaming, to erratic arm motions that Himawari has noted reminds her of an angry cat. With the exception of these two and Yūko, Watanuki tends to address everyone around him with formality and kindness. In the beginning of the story, he is exceptionally childish, often doing stupid things and complaining, but as the series progresses he starts to become more serious. He also gets along better with Doumeki and after the incident with his eye, keeps his distance from Himawari to make sure her bad luck doesn't affect him (until he gives her Tanpopo). After keeping his distance from her, all his goofy expressions disappear, he no longer squeals "" Himawari !""when she appears, and is shown to have a better friendship with Doumeki. He begins to question his own humanity and starts to understand more about the world and his own existence.",deredere
0e5d0344b2c84d50,Rina Touin,kuudere/0e5d0344b2c84d50.webp,"Rina has a very serious and fearless personality. At the beginning of the series, she is seen somewhat of a loner and acts a little bit like a tomboy at first, but later warms up to Lucia, Hanon and Kaito. Because of her ""cool attitude"" and beauty, Rina is admired by all her classmates, which brings out her honest, intelligent, and loyal nature. Many people believe she has the best voice out of all the mermaids . Since becoming friends with Lucia and Hanon, Rina has been shown to be the most mature, analytical, and clear-headed out of the trio, allowing her to often act like an older sister to the other two. Her logic has often helped get her and her friends out of tight situations by quickly understanding dangerous situations and thinking about the safest solution possible. Her mindset often aims towards reaching the goal to ""get the job done"" while focusing on other things afterwards. Throughout the first season, she made it clear that she had no interest in love. Despite this, being single throughout the first season was beneficial for Rina. Her two mermaid friends have had clouded judgement due to their relationships with their lovers, sometimes forcing Rina to step in and act as a guide towards her friends' priorities with friendship, safety, love, and duty.",kuudere
5d6161996f202ad7,Falfa,deredere/5d6161996f202ad7.jpg,"In contrast to her younger sister, Falfa is characterized as an energetic, sociable, and outgoing young girl, eager to meet new people and join in social events. Examples of attending some social event being the Red Dragon's Wedding and the first trip to the Demon Kingdom. Unlike Shalsha, Falfa immediately loved Azusa as her mother; grateful her murder of slimes for 250 years gave birth to her. She similarly focuses her academic capabilities into practical sciences and mathematics, and as such has a much more practical mindset than her sister, enabling her to make economically informed decisions. These decisions can be blunt and straightforward, however, as evidenced when she successfully proposed dropping Rosalie in Halkara 's body from a high height in an attempt to separate the two. While in slime form, Falfa seems to lose most of her conscious mind; she still recognized her family, but eats random stuff off the ground like a regular slime.",deredere
88b5d549df9098c2,Anthy Himemiya,kuudere/88b5d549df9098c2.webp,"Anthy initially expresses no personal emotions or thoughts for herself whatsoever, other than her care for Chu-Chu , although this is could only be an extension of her role as the Rose Bride. In order to obey her fiancée's wishes, Anthy attempts to limit her visible persona to one of subservient docility and portrays herself as having an affable, polite, friendly and obedient exterior that speaks in a gentle, pleasant and highly courteous tone, with her face rarely betraying her inner thoughts due to her presenting a generally calm and placid demeanor, and displays an almost uncanny ability to adapt and become exactly what other people expect and want out of her, no matter what it may be. In reality, however, Anthy's true emotions are often dark and at times vengeful, due to the amount of abuse she is constantly subjected to. For this very reason, Anthy holds little hope in humanity and thus refuses to trust others with her feelings until Utena endeavors to destroy the barrier between herself as a duelist and Anthy as the Rose Bride.",kuudere
807bdd4a8d093154,Ikaros,kuudere/807bdd4a8d093154.webp,"Ikaros is initially submissive, melancholic, and usually placid but resorts to violence if her master, Tomoki, is in danger. She is fiercely loyal to Tomoki and does anything to please and protect him. She loves anything round and smooth, like watermelons. Ikaros has incrementally developed the capacity to experience various emotions throughout the series, such as sorrow, love, anger, anguish and more. Due to her low emotional capacity, Ikaros was initially unable to experience or express emotions. She has developed intense feelings towards Tomoki, but was unable to express them until they reached the Synapse. Before entering the Synapse, Ikaros passionately kisses Tomoki and confesses her true feelings, telling him that she loves him. After she was resurrected, she was embarrassed by the recollection of her confession to Tomoki. In the manga, after she was embarrassed by the recollection of her confession to Tomoki prior to her ""death"", Tomoki settled things with Ikaros about her confession. The story concludes with them deciding to stay together for ever.",kuudere
8075d37c032f7adf,Nana Astar Deviluke,tsundere/8075d37c032f7adf.webp,"Nana seems short-tempered, impatient, and somewhat tomboyish, much unlike her twin sister, Momo. But underneath her brash, overactive, and angry behavior, Nana is actually very kind, helpful, cheerful, and even adorable. She has an open, sincere, and somewhat childlike side that cherishes her friendship very much, which also makes her easily heartbroken when those relations were ever lost or betrayed, such as with Mea, whom she considers her first true and intimate friend. Despite her tomboyish personality and temper, Nana has the vague charm that has even impressed some of the most mindless of individuals. Mea is an excellent example of this; When Nana was talking about how the two birds were going to fly west, Mea was astonished and amused when she found out that Nana could talk to animals, being fully accepting of this odd trait. Before, Mea has been just a mindless being that was sent to Earth. Before she met Nana, Mea was following Nemesis's orders without question. Thanks to Nana's ""charm"", Mea has opened up her mind and has become best friends with Nana. She can be very brave whenever her friends are in trouble, such as when she risks her own life just to save Haruna and her dog, when Mea is trying to scare her away, or when a little monkey is about to get hit by a truck.",tsundere
34fedeccc9dbae30,Kusunoki Kasuga,tsundere/34fedeccc9dbae30.webp,"Kusunoki is an upperclassman at Maijima High who is well respected for both her beauty and strength. Beneath her tough exterior as a young woman who has lived her entire life attempting to live up to expectations as the successor to a martial arts dojo lies a teenage girl who is actually attracted to and enjoys cute and feminine things. Because of the fundamental dissonance between these two sides of her personality, Kusunoki chose to deny the feminine part of her personality and entirely embrace the martial arts side of her life. Despite this, it was shown that she still have a soft spot for cute things. Aside from this, she is also shown to have the utmost respect for her capricious elder sister, Hinoki Kasuga , who is a fashion designer (along with a couple other jobs) that ran away to America. After her experiences with Keima, she is still shown to value martial arts, but has interspersed her life with the recurring cat from her arc, in addition to more feminine things, like placing a houseplant in the dojo. As a result, this improves the amount of respect she receives from her invariably male disciples at the dojo. Hinoki said that she was a cry-baby when she was young, possibly suggesting that Kunsonoki was meek and gentle before.",tsundere
e47c11bb054644b2,Masumi Sera / Akai,deredere/e47c11bb054644b2.webp,"Masumi has a cheery, sociable, boyish personality and is well-liked by her classmates at Teitan High. On their first meeting, Masumi fails to correct Sonoko's mistaken impression that she is a man and even makes it worse by declaring that Ran is ""[her] type"". Her rather boyish appearance - especially in relation to her flat chest - is a bit of a touchy subject to Masumi, who claims that her mother's bust size is rather well developed and keeps expressing her hope that someday her own chest size will similarly change for her. Masumi is quite quick-minded, coming up with clever plans and adapting them to sudden changes rapidly. Masumi seems to be prone to dramatics like most detectives are, but perhaps to a lesser degree than Shinichi or Heiji as she bluntly says who the criminal is without preamble. On the other hand, Masumi is tough to the point that she is willing to risk all to achieve a successful conclusion of a case. In one instance, she purposefully lured a hostage-taker into a sniper's sight with a smile, hoping he would be shot without showing any apprehension about his possible demise.",deredere
7b4422ea3170da69,Yayoi Nakano,tsundere/7b4422ea3170da69.webp,"Yayoi is really good at sports, and she is the ace of the basketball club. While the others in the family get good marks, she is the only one that does terribly when it comes to tests and studying. Yayoi is extremely violent towards Haruki and is quick to attack him for the smallest things. However, she is nice to her sisters. Despite that, Yayoi actually cares about Haruki but she won't admit it. She wants Haruki to keep a proper image at school. In episode 2, Haruki says that Yayoi suddenly hits him, but it's probably her way of showing affection. Yayoi is also quick to jump to conclusions when it comes to Haruki, and she accuses him of things especially when Mutsuki is around. However, Yayoi acknowledges that Haruki is good at teaching and even asks him to help her study for midterms.",tsundere
9b6732df444b177a,Rino Tanaka,kuudere/9b6732df444b177a.webp,"Rino is a stern, serious girl, many people describing her as ""cold"". Rino is often told that she looks similar to Tanaka as they both have a listless appearance to them. Unlike her brother, Rino is very diligent and mostly does the shopping, cooking, and cleaning for their household. She has gained the habit of cleaning leather shoes, as shown when Oota paid a visit to their apartment. It is also shown that Rino has a brother complex, and despite often lecturing Tanaka about his lazy behavior, is actually quite attached to him. She expresses a dislike towards Oota, brought about by his closeness to Tanaka, and sometimes gets jealous of him. However, she appreciates the fact that Oota always takes care of Tanaka when she isn't around. Although Rino is a no-nonsense girl, she has a surprisingly childish side, such as spelling out ""gotcha!"" on the floor with tangerines when she managed to lure Tanaka out of the kotatsu , and going along with Sora 's jokes by drawing a rabbit on his hand. She is often exasperated by Sora's persistent attitude, but greatly respects his skill in volleyball.",kuudere
d639dff148aa4248,Mikaela Hyakuya,kuudere/d639dff148aa4248.webp,"Happy despite awful experiences As a human, Mika is kind to others, and upbeat in spite of the harsh events in his childhood. He is able to keep smiling and remain happy because of his adopted family at the orphanage. Mika always considers what is nice for his new family and is happy to buy ice cream for them. He is cheerful, feisty, and friendly and even managed to befriend the extremely stubborn Yu. He is a little violent and beats up Yu within seconds of meeting him, when Yu thought he was picking a fight. As the eldest child, Mika takes charge and acts responsible for the other children. He is very charismatic and serves as their leader. Tears escape considering hope Growing up in Sanguinem , he becomes more astute and is willing to take drastic measures in order to help his family. While Mika is prepared to give his own blood, even approaching Ferid Bathory to let him drink it on multiple occasions, he refuses to let any of the other children take such hardships. Quick-witted, Mika gives an excuse that Yu will be unable to come to the mansion to keep him safe. Doing this in order to acquire food for them, Mika also thinks to commandeer a map to help his family escape.",kuudere
b28aba8c5eeece87,Sarada Uchiha,tsundere/b28aba8c5eeece87.webp,"Sarada and Boruto glare at each other often, just like Sasuke and Naruto. Sarada's personality is derived from both her parents, although she takes more after her mother which is noted by Naruto. While Sarada is friendly, sociable, and polite, she has a fierce temper similar to her mother's and doesn't back down from an argument; she also inherited Sakura's verbal tic, "" Shannaro! "". Like her father, she retains an aloof and calm demeanor unless she is provoked. She has a close attachment to her parents, whom she affectionately refers to as ""Papa"" and ""Mama"", despite being apart from her father for many years. Unlike her parents in their childhood, Sarada has respected manners. In contrast to Sakura, she is never overconfident nor obsessed with boys, but modest and treats her classmates nicely, especially her friends Chocho Akimichi and Boruto Uzumaki. Despite Sarada's often bickering with Boruto and her rivalry with him, they are close friends and she cares about him greatly. Sarada even when as far as to encourage her father to make Boruto his student after she witnessed how much effort he put in when trying to learn the Rasengan . When Sasuke finally decided to accept Boruto as his student, Sarada became excited on Boruto's behalf.",tsundere
7e232b4bdf38e544,Yokozawa Takafumi,tsundere/7e232b4bdf38e544.webp,"Yokozawa can easily be described as a scary man, seeming to always be easily prone to anger, earning him the title of ""The Wild Bear of Marukawa."" He scowls at people when they say something that he doesn't want to admit or hear, often intimidating those around him with ease. In addition, he is known to dive headfirst into any situation with little thought to how others would see him, which earned him the nickname the ""mouthy newbie"" upon his early years at Marukawa. As Kirishima has said, Yokozawa is quite stubborn. However, he has confessed to Kirishima that he is tolerant and can easily get jealous. His face often turns red whenever he is with Kirishima, who often makes him blush. On the outside, he looks calm and always keeps a distance with people. However, he has his doubts and insecurities that he is desperate to keep hidden. Although on the inside, also seen in the light novels, he is proven to be thoughtful and does care very deeply about those he is close to. He is good at cooking, handling household chores and is surprisingly excellent at handling children and animals. He is a little bit like a ""mother"" to Hiyori , and despite his strict authority, has garnered much respect around the office, even being somewhat of a role model to his subordinate, Henmi.",tsundere
16c95c4bfb8e86d8,Maka Albarn,tsundere/16c95c4bfb8e86d8.webp,"Maka is bright, cheerful, direct, confident, smart, and hardworking, in stark contrast to her partner Soul Eater , who is very laid-back, more likely to act on impulse, and impatient in comparison early on. She frequently studies and prefers to stay in her house and read or study, emphasized by her lack of ability to play games such as basketball despite her athleticism, and she is ignorant of its various rules. Maka is also caring and compassionate, willing to easily help a friend when in need with no personal gain in the end and help a newcomer such as Tsugumi Harudori on her first day. She achieves many great accomplishments and she always wants to help others and do the right things, thus she is well respected. She is also known to follow the rules of the DWMA and rarely breaks them, even going so far as to not kill Gopher despite his attempt on her life. and scolded Crona on their first meeting, telling them to save their ""excuses"" for Death himself. Maka also is capable to having great compassion and understanding, enough to not only befriend Crona despite their crimes but even put forth effort in helping them when they were seemingly forgone into madness .",tsundere
dd3cf956225e9806,Austria,tsundere/dd3cf956225e9806.webp,"He is usually described as a well-spoken, young master type, who was initially aloof until he was saddled with too many burdens. He is a reliable country that approaches things with sober seriousness. He gives higher priority to his hobbies rather than his work and is more optimistic and quiet in comparison to Germany who is more serious and work-oriented, though he does seem to have a temper as shown when he is seen yelling or acting paranoid. His interests include the fine arts, music (the piano in particular), and cake. In the first drama CD , it is revealed he is not an outdoors person and is afraid of marine animals (such as crabs and starfish). Despite being musically talented, he has no sense of direction and frequently gets lost; this is based on a joke Himaruya heard about an Austrian salesperson getting lost in his own storehouse. He seems to be camera shy, or at least in regards to events which are broadcast worldwide and his embarrassment was strong enough that he may have begun to sing. When Germany was going to take a picture, he immediately hid his face. He also remarked his inability to ""skillfully put together a pose"" as Germany was. In response to his being upset about the broadcasting of the event, Germany remarked that he hadn't read the invitation properly.",tsundere
d3c8c6455aa41bea,Yuuri Wakasa,deredere/d3c8c6455aa41bea.webp,"Yuuri is usually calm and mature, gives off a relaxed air, and is formal in her actions. She also is quite serious at times, but she always cares for her comrades as she looks after Yuki in the school, being fully understanding and accepting of her delusions. She manages food, electricity, lessons, and other resources and activities, showing that she is responsible. As the big-sister figure, Yuuri seems intelligent and knowledgeable, and occasionally helps Yuki with her studies. She tends to keep a strong front for the other members. However, in reality, she is mentally fragile and can be seen breaking down when in a seemingly hopeless situation. This is shown when a helicopter exploded at the school, and when Kurumi became infected and Yuuri was unable to end her. Due to the increasing stress about forgetting about her younger sister, Ruu, Yuuri creates a delusion that she had survived at her elementary school named Namekawa Grade School , quite similar to Yuki's case with Megumi. The others from Saint Isidore University and the School Living Club, including Yuki, were simply playing along to keep Yuuri happy and sane as they did for Yuki in the past. She begins to panic and sometimes screams when she is unable to handle a stressful or traumatizing situation.",deredere
7e71ae8061490728,Kei Nijimura,kuudere/7e71ae8061490728.webp,"Kei typically performed all the duties expected of a maid and shows no emotion whatsoever. It is eventually revealed her emotionless demeanor is a façade when Josuke asks her if she attacked him on the Higashikata's orders. Kei reacts harshly to this, calling her masters "" the goddamn Higashikata's "". She also threatens to kill Josuke if he approaches Holy, apparently out of more personal reasons, shedding tears and becoming more emotional. After Josuke finally gives into her demands, she breaks down and reveals that they knew each other in the past, and she is surprised that he has really lost all of his memories. She also points out the seams in his halved eyeballs and tongue. Her deep care for her mother is later shown further when during the The Wonder of You (The Miracle of Your Love) arc, after the events of the Ozone baby attack on the Higashikata household, Kei takes time away from the Higashikata's in order to take care of and clean up her mother Holy at the TG University Hospital .",kuudere
61630366c5567210,Michiru Matsushima,tsundere/61630366c5567210.webp,"Michiru has blonde hair which is tied into two ponytails. Her reactions would change depending on her personality and whenever she is portrayed as a chibi. Her bust size is second to the smallest, with Makina at the top and Amane at first among Mihama Academy girls, and although Michiru is of below average height, she is the ""average"" of the height of all five Mihama Academy girls, being taller than Makina and Sachi but is much shorter than Yumiko and Amane . Her usual outfit is a white button-up shirt with loosely-fit red shorts and thigh-high socks, paired with a ribbon on her left leg and a distinct pink shark fanny pack around her waist. She also wears a small choker with a little gold pendant.",tsundere
3487b57b82532a70,Shiemi Moriyama,deredere/3487b57b82532a70.webp,"When she is first introduced, Shiemi is a very shy, quiet and naive young girl, having grown up almost never going outside due to a childhood illness and later the grief of losing her grandmother. She is rather clueless about typical adolescent experiences, and greatly desired to make new friends. This made her very easy to take advantage of, as she believed that Izumo treating her like an errand girl was just something that real friends did to each other. She considers herself too young for romance, saying that she just doesn't have the time or comfort level for a boyfriend, especially since she wants to focus on becoming an Exorcist. She also starts rather clumsy, frequently tripping, though she overcomes this after swapping her kimono for a school uniform. Nevertheless, Shiemi is very kind and optimistic and treats everyone she meets with respect, even if they don't always return the favor. Her exceptional kindness, immense willpower, and good nature has made her popular with the Exwires. Izumo describes her as someone who's ""always cheerful in a ditsy way"" but is able to approach anyone without fear of who they are.",deredere
6444ec4f82fd97b6,Creo Brand,kuudere/6444ec4f82fd97b6.webp,"Creo is generally serious, but has showed a more 'fun' side to her when playing soccer with the second-years. She seems to have a sense of justice, hesitating to fight the injured Satellizer and Rana . Although when faced with defeat she relinquishes her 'sense of justice' and put on a more dreadful appearance. Creo has quite an appetite, as shown in Freezing: Zero , where her ""midnight snack"" is about five burgers.",kuudere
2a1d3d123f5e5cc2,Mayaka Ibara,tsundere/2a1d3d123f5e5cc2.webp,"Mayaka has a strong sense of responsibility and even nit-picky with herself and others, and consequently fairly irascible. Though she can be impulsive, stubborn and rudely frank, Ibara is very capable of being nice. She generally, unless annoyed, is very pleasant and kind to the people around her. Her more pleasant demeanor is shown through habits such as giving nicknames to her friends like Eru Chitanda , whom she calls ""Chii-chan"". She is also very fond and possessive of manga and their artists, as she is a manga artist herself. She also likes foreign mysteries.",tsundere
7f37e7c4337ea343,Miya Chinen,tsundere/7f37e7c4337ea343.webp,"Miya was a carefree boy when he was younger, but he has grown into someone who can seem very cocky at times. However, this is likely part of a persona he adopted following the events shown in the flashback after his beef with Langa Hasegawa . He was interested in skating from a young age and would often skate with his friends. During this time, Miya had fun skateboarding with others. He mastered the skills of skateboarding quickly, such as mastering the ollie in only two weeks. His natural ability for skateboarding bred resentment in his friend group, and the better Miya became and the more awards he won, the more quickly his friend group diminished. It was around this time that of his friends, Takashi , proclaimed that heroes can't team up with slimes, which was what led Miya to his world view that he is the hero and everyone else around him are the slimes. Miya arguing with Shadow Miya can be impertinent towards others, even maligning them upon first meeting, for example when he called Reki Kyan a slime. Miya appears to look empty often, as said by Adam and noted by Reki, who stated that Miya didn't look like he was having fun in a clip from one of Miya's recent interviews.",tsundere
697042d1e09babf1,Sonju,kuudere/697042d1e09babf1.webp,"Sonju acts stoic and composed, sometimes refraining from interacting with the orphans . During his interactions, he would use his appearance to intimidate them. Nevertheless, Sonju shows some care for the orphans' safety and believes they will succeed in breaking the Promise . In truth, however, Sonju is strongly motivated by his desire to resume eating human flesh. Sonju believes in the same religion as Mujika , which forbids eating farm-raised humans. However, Sonju believes this ban does not extend to humans naturally born and raised in free human-settlements. He sadistically and gleefully thinks about the day he can hunt humans in the wild again.",kuudere
5acefde55fe93362,Asuka Langley Soryu,tsundere/5acefde55fe93362.webp,"Asuka is one-quarter Japanese. Asuka is a native of Germany , having been raised there, though her nationality is American. Asuka's native language is German, and in both the series and the manga she tends to curse in German. Asuka was born to an American father, known only as Mr. Langley and a German-Japanese mother, Kyoko Zeppelin Sohryu . In addition, she also has a step-mother, Langley's second wife. She is a child prodigy and has earned a university degree in an unspecified field as a teenager; she also speaks fluent Japanese, but has trouble reading and writing kanji. Asuka had years of training starting from a young age to become a pilot for the Evangelion. Asuka is very proud of being an Eva pilot, and near-constantly wears her A10 nerve clips in her hair because she wants everyone around her to know that she is a pilot. Asuka's iconic catch-phrase ( always directed at Shinji ) was "" anta baka?! "" (あんたバカァ?! ), ""anta"" being a contraction of "" anata "" meaning "" you "" and "" baka "" literally meaning "" fool "" or "" idiot "". The official English voice recording renders this as "" What are you, stupid?!",tsundere
8bff43d54c988cf3,Shingo Tsukino,tsundere/8bff43d54c988cf3.webp,"Shingo is shown as being impatient and disrespectful to Usagi whom he doesn't get along and shares a sibling rivalry with, though he listens to authority. He sometimes talks condescendingly to his sister, to the point of aggravating and sometimes gets into arguments with her. He appears to be Sailor Moon's fan, not ever realizing that she's his older sister. Despite their usual bickering, he does genuinely love his sister and family and shows worry when she is upset, and vice versa. He is reasonably responsible and cares for others, including his friend Mika when he upset her. Shingo gets excellent grades in school compared to Usagi. In SuperS , he develops a crush on Ami Mizuno .",tsundere
4ec46fd63460148f,Nobume Imai,kuudere/4ec46fd63460148f.webp,"As a result of having been trained by the Naraku faction to be a professional assassin, Nobume is shown to be an emotionless person in both expression and speech. She appears to be sadistic and likes to cut down people (in the literal sense). According to Sasaki Isaburo , once she switches into her assassin mode, she annihilates everyone in her way. Although she seems to be quiet, she is surprisingly talkative. As shown during the Ikkoku Keisei arc, she thinks that it is better to cut down people that are knocked unconscious instead of leaving them alive, believing it is faster to cut them up in order to not get into trouble, with Gintoki and Tsukuyo trying to stop her. Despite her lack of showing emotions and serious attitude, she has been shown to be quite childish as she enjoyed it when she, Kagura and Soyo played a prank on the guards, and playing kick the can. Nobume eating a donut in Episode 247 . Nobume violent expression for donuts in Episode 258 . Nobume loves eating donuts and will often behave in an animalistic manner to get them.",kuudere
ae410bc76310855d,Yui Yumekawa,deredere/ae410bc76310855d.webp,"Yui is cheerful and bright and always finds herself daydreaming to the point of getting distracted or showing up late for various things. For a long time she has dreamed of becoming an Idol, but while she feels it is impossible for someone like her, she continues to allow her dream and ambition to grow. She also enjoys eating especially rice and has a tendency to put her right hand to her cheek. She also believes that people and their alter-egos are opposite people rather than the same person, until she sees them transformed into said alter-ego.",deredere
e5c97aca0c586013,Miko Iino,tsundere/e5c97aca0c586013.webp,"Miko is most notable for her strong and obstinate sense of justice and decency. She is convinced that the morality of Shuchi'in Academy has been declining, and thus wishes to impose heavy, though unreasonable, regulations on students. Because of her overbearing and borderline authoritarian attitude, she was generally disliked by the student body. Despite this, Miko’s determination never wavered, as she continued to confront those who she deemed were acting unfairly, even at the expense of her own reputation. Like Miyuki, she holds herself at a high standard, being at the top of her class and even running for President of the 68th Student Council despite being a freshman. Though she rarely shows it, Miko seeks the validation of her peers and wants them to understand her ideas. She seems to have crippling stage fright. Despite her no-nonsense attitude, Miko has her fair share of eccentricities. She has a voracious appetite in spite of her size, which she is embarrassed by. She also overuses emoticons when texting in contrast to her more professional demeanor. Ironically, while she is vehemently against anything lewd or perverted, Miko’s mind is actually quite suggestive and she has a tendency to misinterpret normal situations into being sexual.",tsundere
025099c3286e7c39,Izumo Kamiki,tsundere/025099c3286e7c39.webp,"Izumo is a talented Tamer and an academically gifted student, but her old and blunt personality makes her difficult to approach. By her own admission, she has a bad attitude and hates to lose. Like Ryuji Suguro , she is almost always frowning, one of the few times she isn't is when she is smiling smugly at someone's expense. Though not cruel, Izumo is somewhat manipulative, taking advantage of Shiemi 's naivety when asked to be her friend by essentially making her servant. Due to from the isolation she suffered as a child for being able to see demons and her family's separation by those she asked for help, Izumo grew up distrustful of other people, convincing herself that she couldn't rely on anyone and kept her distance from everyone in her class except Paku , even saying she would rather die than be friends with them. After the group starts working together though, Izumo starts to open up to them more, even putting herself in danger for her new friends and feeling down the few times she couldn't help them. At first, Izumo easily lost confidence when she saw her friends in distress, even temporarily losing control of her familiars after witnessing Paku get badly injured by a Ghoul . Overtime, Izumo has slowly learned to stay calm and composed during battles.",tsundere
f60209e1a7597372,Alice Baskerville,tsundere/f60209e1a7597372.webp,"Alice doesn't know what friends are. Alice is initially presented as an enigmatic, sardonic girl with an inclination towards violence. She is shown to be somewhat belligerent, domineering, and assertive. No matter the situation, Alice plainly expresses her thoughts, even if this does not serve her well. On occasion she experiences mood swings, suddenly expressing deep sadness or joy before returning to a neutral state only a few minutes later. Violence appears to be cathartic to her, many of her early appearances characterizing her as rude and somewhat sadistic. Her quest for identity drives her to great lengths, deliberately manipulating Oz and even taking Sharon hostage to achieve her ends. Alice behaves brashly towards her superiors. However, unlike nearly all Chains, Alice feels no drive to kill. When interrogated by Xerxes Break, she remarks she does not kill or eat humans simply because she does not want to, and the thought never struck her until Break brought it up. Instead, Alice appears to be a normal adolescent girl, if rather pugnacious and tomboyish. While her aggressive manner and desire for domination are certainly important parts of her character, her childishness makes it plain she is not a true threat to humans as a whole. Alice communicates through direct means.",tsundere
75ad52ff12f29d45,Hime Yarizakura,tsundere/75ad52ff12f29d45.webp,"Most of Hime beliefs stem from her grandmothers teachings. Hime is very devoted to her town and the people that inhabit it and goes to great efforts to ensure that the citizens enjoy living in Sakurashinmachi . In her earlier appearances, she is shown to have a very strict and stern demeanor, a face she upholds as the proud mayor of Sakurashinmachi. She didn't hesitate to harshly scold even her allies, especially her comrades at the Hiizumi Life Counselling Office, whenever she disagrees with an action or position they hold. Nonetheless, she is also very kind and forgiving, allowing many of her previous enemies to live in the town and refrains from killing. Hime will often put the needs of the town and its citizens before the needs of her own. At times Hime can behave childish, crying for food and being too stubborn to backdown from her position, which sometimes leads to her being at odds with her friends. Despite this, Hime does acknowledge the mistakes she makes and does her best to resolve them. Hime has a romantic interest in Akina and has kept the scarf he made for her when they were children, at all times since then. When she believed Akina was done in by Enjin , she was prepared to kill him in retaliation, despite going against her policy of no killing.",tsundere
57f85e07106eedaf,Aika Natsukawa,tsundere/57f85e07106eedaf.webp,"Aika appears to be a cute, diligent and friendly girl who is adored by her classmates. She is hardworking and gets frustrated on not being able to do good enough. She often comes off as harsh when dealing with Wataru Sajou but is actually kind and caring. She never used to be interested in matters regarding love and thus finds it difficult to understand and deal with romantic stuff. But when Wataru decided to keep his distance from her she started feeling insecure and lonely because, over the course of time, she started realizing that she actually enjoyed his company and wanted him to be around more like he used to be. Over the course of the story, she starts realizing that she actually has feelings for him.",tsundere
ca8a1f615abcbefd,Kyouya Onodera,kuudere/ca8a1f615abcbefd.webp,"Kyouya is a lone wolf with no apparent interest in what is going on around him. At first glance, he gives an impression of someone dark and dangerous, to the point where Moguo says that he probably killed someone in the past. However, as the story goes by, we see Kyouya's true personality: he is a somewhat socially awkward individual, who earnestly wants to make friends but has no idea how to. He is very straightforward with his desire to make friends, as he explicitly asks Nana and Fuuko how to make friends, and to be friends with him. The most remarkable thing about him is his intelligence and deduction. Kyouya is a logical, rational, and observant person, as shown from the beginning when he discovers that two of his classmates are in a relationship (this is based on the fact that one of them had the left side wet and the other the right side, which meant they had been sharing an umbrella). Not only that, he anticipates some of Nana's plans on several occasions, demonstrating a great capacity for analysis on his part. Due to his intelligence and ability to deduce things, he has a suspicion of Nana's actions and suspects her to be behind the disappearances and deaths.",kuudere
0341fa159de2bd7d,Kate,kuudere/0341fa159de2bd7d.webp,"Kate is a calm and intelligent young girl. She was even called “cunning” once by a member of the Shadows House . At the beginning of the story, she is very distant with Emilico , although she cares about her. From the beginning of the story, we see that Kate suffers a lot because of being a Shadow , and that we cannot easily understand her emotions. But as and with the help of Emilico, she becomes a little more open even if still a little distant with the other Shadow Masters . Kate is also against the illustrious Lord Grandfather and organized a revolution against him.",kuudere
a61351adc2b5166f,Mikan Sakura,deredere/a61351adc2b5166f.webp,"Mikan reading her Grandfather's letter Cute and optimistic, also energetic, Mikan may look like an ordinary girl, but she is a gifted Alice. In terms of personality, Mikan is good-natured and caring towards her friends. Her clumsiness may lead her to trouble most of the time, but she has a very determined spirit. Her mottoes, ""Never Lose!"" and ""Never Give up!"", have carried her through countless trials in her life in the academy. Despite being a klutz, Mikan is quite athletic and is an excellent runner. In fact, her best subject is P.E., along with Home Economics. She houses a number of talents, which includes singing, dancing and playing the recorder. While she is below average in academics, Mikan is considered to be a walking barrier in the school because of her Alice. Mikan is a capable cook, as such she was shown teaching Sumire Shoda how to cook in the Anime and her ability to make tasty mochi and valentines chocolate. Her favorite treat is Fluff Puffs ( Howalon in Japanese). Mikan winning the race Like her father, Mikan is highly upbeat, loud, outgoing yet foolish and several times in the series she is shown to cheer up her friends. Nodacchi comments on how similar she is to her father as she is able to befriend everybody around her and overcome many obstacles.",deredere
3437bf69bc7596cb,Kyoko Mogami,tsundere/3437bf69bc7596cb.webp,"Kyoko is a kind and hardworking girl who always puts others before her. For most of her life, she lived to please others. She is shown to be very clever academically; she manages to pass the High School entrance exam with the highest grades, 100% . However, she is a little bit dense and naive about some things. She believes in fairies and always dreamed of her ""prince charming"" (which was Sho) being her husband before he broke her heart. Due to negative experiences in her childhood, she constantly devalues her own worth. Kyoko is a perfectionist, once she does something, she won't stop until she feels that it's 'perfect'. As a sixteen year old she was hard working, having three jobs at once to support Sho . Although she is usually frugal, Kyoko obsessed over Sho and felt compelled to buy all of his merchandise . When she realized Sho's betrayal and her little vengeful demons were released , Kyoko became very quick to anger when his name was mentioned , although most people believe that this is because she's his fan . Kyoko is initially conservative; she doesn't like seeing people without their top on, even the people who are close to her, like Sho or any gestures relating to that.",tsundere
db11ee8a9eec749c,Bobble Hat,deredere/db11ee8a9eec749c.webp,"Bobble Hat is a cheerful, carefree Inkling, always sporting a happy expression on her face. Unlike most of her teammates, she seems to find Goggles ’ antics funny rather than annoying (and sometimes she even joins in). She often laughs in the face of danger, seemingly finding every situation funny or exciting regardless of the actual consequences. However, she is shown to be upset when Specs trips her by accident while fighting Inkfall.",deredere
291aedb6db8fffb7,Goggles,deredere/291aedb6db8fffb7.webp,"Goggles is rather friendly and optimistic, always trying to lift his teammates' spirits and being a good sport after turf wars, no matter the outcome. Even if his opponents acted in a rude manner towards him and his team, he always looks forward to becoming friends with them. He is also quite immature and scatter-brained and carefree, and shows it by pulling down his friends' pants at unconventional times or mishearing what other people say or dressing up in ridiculous costumes, or sometimes getting naked unintentionally. The jar of pickled plums he snacks on from his grandmother often finds its way on the battlefield by accident. However, sometimes, he is shown to have a serious side.",deredere
d27f435970be57d5,Akira Tachibana,kuudere/d27f435970be57d5.webp,"Akira is a quiet and reserved girl who only speaks up when needed and she is lost in her inner thoughts most of the time. She also often appears to be fierce which makes her friends wary and confused on how to react. She tends to have strong emotions and values on what is right and wrong, which sometimes releases as an outburst when opposed. As such, her strong personality makes her prone to making blunt and honest comments. Despite her cold personality, she is still considered to be as attractive by others such as Takashi Yoshizawa . She is fond of cute items and fashion magazines, making her a feminine character albeit the harshness on the surface. She is also diligent and goal-oriented in sports and love. She is athletic and a fast runner.",kuudere
305e28b0c14705a9,Hidomi Hibajiri,kuudere/305e28b0c14705a9.webp,"Hidomi Hibajiri, age 14, is the main character of the second season, FLCL Progressive . Her mother is Hinae Hibajiri . She enjoys blocking off the world with her mysterious headphones that have no sound playing through them. They have been stated to have the ability to ""put the world on pause"". She constantly has episodic dreams of a destroyed world in which her body decays and fuses with a suspicious looking robot that came from her forehead. This dream is possibly her deepest desire, which is why she prefers to ignore reality primarily. She can come off as very quiet and depressing. It might be because her father is away from her life that she isolates herself. In episode 4 , when her headphones are stuck to her head, she says, ""If everything was destroyed, they could start over,"" her mother wouldn't be crushed and her father would still be around.",kuudere
34eac1b5b02cc5fa,Kafuka Fuura,deredere/34eac1b5b02cc5fa.webp,"She always has an insanely optimistic outlook on life and always maintains a positive perspective in even the most grim situations. For example, when Nozomu attempts to hang himself from a tree at the beginning of the series, she concludes that he is ""making himself taller"". She often gives nicknames to objects, animals, and other people. She once named cherry blossom trees "" Pink Gabriel "", "" Pink Udaijin ""... and go on. She also called trash cans ""the treasure chest for the free people"". Kafuka nicknamed Nozomu ""Pink Branch Boss"" because he hanged himself from a cherry blossom tree named ""Pink Young Company President"". In the anime, she even paid to call Nozomu by that nickname. When Kafuka meets Meru, she thinks that regardless of whether you can text or talk, you can communicate with people by reading their eyes. She may have some kind of disturbing presence in her eyes, which terrifies Meru to the point of her attempting to escape. Kafuka is, at first, presented as an overly credulous girl who confronts all misfortunes, dangers, and malefactors with denial, trusting in providence even in the face of imminent death.",deredere
58311db60c887f64,Kaede Kayano,deredere/58311db60c887f64.webp,"Kayano is one of the most kind, cheerful and passive members of the class who frequently acts as support in assassination attempts with her ability to assess the situation and adapt herself to them. Despite her apparent passive nature, Kayano is an empathic and strong-willed person who can be extremely determined to the things that interest her or cares about, such as her love for sweets, and more tragically, her older sister Aguri Yukimura 's fate. She also experiences a severe complex when it comes to her sex appeal, loudly voicing her discomfort when being around large breasted women. Before confronting Korosensei , the passive and cheerful personality was a facade to hide her true motives. Her only true attributes were her tenacity, adapting skill, and sex appeal complex, the rest being mere fabrications; her love for sweets may have resulted from the influence of the tentacles . However, after getting her tentacles removed, the happy personality she created became a true part of who she is.",deredere
7483304e2757f8dd,Miyako Shikimori,deredere/7483304e2757f8dd.webp,"Shikimori is a very confident, caring, and kind person. She is also a very competitive person. She is usually very cute but from time to time her cool sides show which is intimidating and amazing at the same time. She loves Yuu Izumi very much and always takes care of him by literally protecting him from every bad situation he gets in due to his bad luck. She has her own ideas and she sticks to them. She refers to her boyfriend as ""Izumi-san"" and he does the same for her by referring to her as ""Shikimori-san"" and not by their first names because she admires how her grandparents addressed each other by only their last names. She is a very dependable person shown time and time again. She is also very good at sports and usually anything she does except cooking, though she later improves. She has a brotherly relationship with Shuu Inuzuka and accidentally calls him ""nii-chan"" and then gets flustered about it. She sees anyone Izumi likes as a rival and tries to best them. Like Ai Kamiya , she's easy to provoke into accepting a challenge.",deredere
869fc40509a834a7,Makimachi Misao,tsundere/869fc40509a834a7.webp,"Misao is a bright and vivacious young girl with a headstrong attitude and volatile temperament. Though trained as kunoichi, she rarely misses a chance to make her presence known to friend or foe and can sometimes be said to have a lack of focus in combat, as her strong will often leads her to act without inhibition rather than with caution. Whether her emotion of the moment is joy, rage or sorrow, the young kunoichi displays what is in her heart without reserve and can switch from emotional state quickly, Saito metaphorically saw her as a weasel due to her looks and attitudes. Although quick tempered, her anger is usually comical. She is particularly close to Kenshin, Kaoru, Sanosuke and Yahiko. In addition, she refers Kaoru as her best friend.",tsundere
1344eaa4df1e9d7b,Yaten Kou / Sailor Star Healer,tsundere/1344eaa4df1e9d7b.webp,"In the anime, Yaten is more withdrawn and aloof, preferring to spend time reading alone and focusing on completing the mission he, Seiya , and Taiki came to Earth to accomplish. He expresses disinterest in the people of Earth, frustrated by how they claim to love him without actually knowing him. Yaten takes his responsibility as a Sailor Guardian very seriously, so seriously, that he chastises Minako when she’s placing more importance on being in an idol competition than her responsibilities as one of Earth's guardians. In Episode 178, Yaten is very fond of domesticated cats when he gets Luna when both Seiya and Taiki try to get her at the top of the wall as well as trying his best to rename her. When Luna is hurt by Sailor Iron Mouse, Yaten realizes that he inspires her so much and takes a liking to her which causes him to protect her even more especially while defending her as Sailor Star Healer. Yaten also likes Luna's name after learning that she’s Usagi's pet cat.",tsundere
aadae88a42636e99,Mirajane Strauss,deredere/aadae88a42636e99.webp,"In her younger years, Mirajane was known as ""The Demon"" (魔人 Majin ), and before Lisanna 's pseudo-death, she used to be a very feared person, infamous amongst guilds and criminals alike. She dressed in a punk-gothic style, and was rather temperamental and bad-mouthed everyone, especially Erza , whom she had quite a rivalry with from when they were kids. Despite this, she had initially been very withdrawn and held reservations about who she was due to her Demon-like powers. Even though Makarov assured her that it was just a type of Magic, Mirajane questioned whether she was even human. Before she could throw herself away, though, her brother and sister were able to connect with her once again by learning their own Take Over Magic. Due to a past incident involving the apparent death of her younger sister, Lisanna, Mirajane somehow lost much of her magical ability and her will to fight (both of which have since returned), and her personality changed drastically. Now, Mirajane is a loving and caring person who treats her friends, and even strangers, with kindness. Mirajane plays a motherly role within the guild, and is often seen running the bar at the guild hall. She has rarely been shown to be in a bad mood, and can tolerate all of the guild's eccentricities.",deredere
8f57761a944d45ab,Shunsuke Imaizumi,kuudere/8f57761a944d45ab.webp,"Shunsuke generally behaves quite seriously and is very reserved around classmates and girls. He is also very easy to dismiss rookies at first glance, most notably Sakamichi Onoda and Sadatoki Sugimoto , and finds it difficult to compliment people. However, he gets worked up when angry or finds himself at a loss, and can become quite embarrassed if caught saying or doing something that is contrary to his cool and serious demeanor. At first, he is prideful, cold, competitive, and obsessed with winning races on his own in order to eventually beat Akira Midousuzi . Once he meets Sakamichi, Shoukichi Naruko , and the rest of the Sohoku cyclists, his personality begins changing into one more accepting of the strength of a team's will. Although he tries to hide it, his loss of a race to Akira when he was younger still haunts him and makes him question his worth as a cyclist. During the Inter High , he faces the complex he developed after losing to Akira and learns to rely on and believe in his teammates, riding for himself as well as the team, and supports them to the finish line. He embraces his nature of riding aggressively rather than always mathematical and meticulously, as well as his roles of an assist and ace.",kuudere
5fd610222a6a4110,Akiza Izinski,kuudere/5fd610222a6a4110.webp,"Due to having been rejected by her parents as a child and treated like a monster for years on end, Akiza was initially a very insecure, unstable, and spiteful individual who viewed everyone around her as an enemy and took sadistic pleasure in deliberately hurting people with her powers. At the same time, however, she also suffered from immense self-hatred and was miserable in her personal belief that she would never be able to live a normal life no matter how hard she tried. Although Sayer gave her hope in her life again when he took her in and showed her compassion, he also deliberately manipulated her for his own agenda, causing her sorrow and rage towards the world to only increase day by day. After meeting Yusei, however, Akiza finally started to question whether she had made the right choice to give up on herself and as a result, her focus started to slip and her performance started to decline. When Sayer was seemingly killed by Carly and her parents tried to make amends with her, Akiza (with help from Yusei) was finally able to find peace and obtain the normal life that she had desired from the beginning.",kuudere
da9cb3934d44dcfd,Fuyumi Yanagi,deredere/da9cb3934d44dcfd.webp,"Fuyumi is shown to be a kind, sensitive and supportive girl; though, she can also be naïve and shy. She often finds herself surprised and sometimes annoyed by Staz Charlie Blood 's lack of common sense, yet she eventually has unquestionable faith in him, although she isn't afraid to stand up for what she likes or what she believes in. She tends to act as a foil to Staz's more outrageous personality. She wishes to be resurrected as a human and strives to help Staz achieve that goal. It is also noted that she is excellent at using proverbs to describe the odd situations she finds herself in with Staz.",deredere
38c3e809c943737d,Sohara Mitsuki,tsundere/38c3e809c943737d.webp,"Sohara is generally kind and caring. She usually only loses her temper when Tomoki does something perverted. Sohara is very cocky and rather clumsy. This often gets her in a lot of perverted situations with Tomoki. Even though she hits Tomoki with her ""Karate-chops of doom"" repeatedly, Sohara actually thinks Tomoki is sweet and kind, which shows that she has a great heart. Tomoki was her only friend as a child and the only one to attend her birthday party. She is very gullible and naive. When she wishes that whatever panties Tomoki looks at explode, he easily tricks her into turning around to look at her panties so they would explode with her still wearing them. He calls her a ""dumb-ass."" for falling for such a trick. Sohara is a horrible cook. One of her fried eggs was able to put Astraea in a near-death state. Her dreams sometimes involve her and Tomoki in many highly provocative situations. These include being in the bath together, suggesting that she actually likes it when Tomoki is perverted, but only if she is involved. However, she is very ashamed of these dreams and when Nymph accidentally sends Sugata and Tomoki into her dreams, she lands her signature ""Karate-Chop Of Doom"" on both of them to keep her dreams a secret.",tsundere
1b546d30675bc031,Tamaki Kotatsu,tsundere/1b546d30675bc031.webp,"Tamaki's Lucky Lewd Syndrome. Tamaki has a friendly demeanor and kindness toward others, especially members of her brigade and children. Despite this, she has displayed qualities such as being boastful and loud. She is known to be exceptionally clumsy, which she blames her ""Lucky Lecher Lure"" for, resulting in her stumbling into intimate or humiliating situations, for which she often blames others. This, along with her bad luck, embarrasses her to no end. Tamaki is easily annoyed by other people and shows dissatisfaction when her superiors are confronted by lower-rank Fire Soldiers. She is very proud of Company 1 and thinks highly of its members, especially its commanders. In spite of this, she has also formed bonds with members of Company 8 and 2. Tamaki has shown to be insecure about her strength compared to her peers, especially in terms of conviction as she felt she did not join the Fire Force for a particular reason. These insecurities build into anger before giving way to her newfound drive to catch up and improve herself. In spite of her doubts and aggression, Tamaki is a courageous person with a strong sense of justice and a drive to protect those around her.",tsundere
22bbada0c314c33d,Emma,deredere/22bbada0c314c33d.webp,"Emma is an extremely optimistic, loud, and cheerful girl full of life, whose athletic abilities and extroverted nature contracts directly to Norman's weak physique and Ray's introverted nature. Like the rest of her siblings, she enjoys playing games such as tag and hide-and-seek. Emma plays the part as an elder sister figure among her younger ones, and always shows unlimited love and care for her fellow foster siblings. When she discovered Conny 's corpse and the truth behind Grace Field and Isabella , Emma underwent an emotional change and decided to never cry again and stay steadfast with her beliefs and decisions. Following this event, Emma's desire to escape is fueled by her love for her family; refusing to leave anyone behind since she doesn't want her siblings to suffer the same fate as Conny, showing the compassion, selfless, and altruistic side of her. She is also shown to be very forgiving, as she doesn't think any less of Ray for being the “traitor”, still embraces him as a friend, and sympathizes with him. According to Krone , Emma always thinks of others before herself, so much that she dilutes her chances to save herself by refusing to leave any of her family behind.",deredere
0970a33144355745,C.C,kuudere/0970a33144355745.webp,"Throughout most of the series, C.C. expresses little in the way of emotion or affection, behaving apathetically towards most. She's quickly shown to be stubborn, selfish, and headstrong, as well as possessing high standards, which Lelouch takes note of and teases her about from time to time. Ironically, she claims to hate stubbornness, despite being quite stubborn herself. Though, it appears she notes these qualities to be essential to her sense of self, saying ""That is what makes me C.C."" in reference to them. She's shown to be pragmatic, focused on fulfilling her ""contract"" with Lelouch, which also serves to show her selfish side. Early on, she was willing to shoot Lelouch to hold him back from meeting Cornelia's challenge to him. In the second season, she suggested that Lelouch use Geass on Nunnally to bring her over to his side. She's also shown to be isolated, preferring to act alone to solve personal matters and being quite snarky and dismissive towards most people. C.C. can also be very secretive, to the point of being on par with Lelouch, albeit much less coordinated than the latter. Although, despite her icy demeanor, C.C. appears to be something of a philosopher.",kuudere
1adccce68bcab9eb,Mai Minakami,kuudere/1adccce68bcab9eb.webp,"Mai is expressionless at almost all times, with rare appearances of smile, anger or regret on her face. Her deadpan humor leads other people to wonder what is going on in her head, and Mai behaves randomly at times which confuses her friends. She likes Maitreya statues and sometimes seen carving them. She has been this way since she was a kid, and has always acted this way around people she likes. Her biggest personality trait is her love for playing pranks on people (Mostly Yuuko , but many other people as well) just to annoy them. Examples of these include deliberately putting her glasses on top of a card tower that Yuuko and Mio made, staring at her friends for a very long time during a game of ""Red light, green light"", and even tricking Yuuko into thinking she loves her more than a friend, just to embarrass her and see her reaction. She will even play pranks on her dogs (For example by shooting a frisbee she threw at them just before they catch it) and will go as far as to play pranks on herself when she is bored and no one is around. Mai uses a wide variety of jokes, which can vary from puns or practical jokes to the usage of rather complex props or borderline bullying.",kuudere
923e405ad44cc4bb,Tamako Kitashirakawa,deredere/923e405ad44cc4bb.webp,"A kind and friendly girl who cares a lot for her friends, she makes friends easily and is shown to be idealistic with a love for mochi. Tamako is slow in catching up to love and romantic feelings from others, indicated when she hadn't realized Anko's crush on her friend, Mochizō's crush, and also Midori's . She is shown to be highly creative, always sketching plans for mochi designs in her spare time. She is rather eccentric, as she had considered ""butt-mochi"". She doesn't appear to think very ahead into her future and doesn't have much rich desires, comfortable with settling in a life in her family's mochi shop. However, she is generally acceptable to change in contrast to her father's traditional values, as she constantly brings up modern suggestions for mochi designs to his irritation. This acceptance to change is present so as long as she is happy and familiar with her surroundings that are memorable to her, such as her refusal to leave the marketplace to marry the prince.",deredere
2816ca5df2451bf3,Takuto Kira,tsundere/2816ca5df2451bf3.webp,"He speaks roughly and informally to people he knows but politely when introducing himself to others. Takuto uses the pronoun ""ore"", in contrast to Eichi and Izumi's ""boku"". "" Baka "" (Japanese for idiot) seems to be his favorite word. He also uses foul language when he gets angry like ""kuso"" and ""chikushou"". He gets flustered very very easily and has a short temper but is also a very passionate and loyal boy who is true to his word. He can be quite stubborn and reckless, yet he is the more logical thinker of the three main characters. He can be found rolling his eyes whenever Meroko is causing chaos and scolds her when things go south for Mitsuki. Underneath his 'tough guy' act, he possesses a very kind heart and can't stand to see girls cry even if making them happy greatly inconveniences him. He has a great amount of pride but does his best to hide his emotional and physical suffering so others will not worry about him and will lie that he is feeling fine when he actually isn't. Takuto seems to get confused whenever Meroko talks about him getting jealous over other guys and normally denies it. In the anime, he was more passive around Mitsuki when confessing to her.",tsundere
734b2a7a6080e5ba,Ai Ohto,deredere/734b2a7a6080e5ba.webp,"Ai is a generally introverted, soft-spoken and withdrawn girl who spends most of her time alone. She dislikes being around people who have hurt her friends and is extremely brave, stoic and protective towards people that she cares about. Initially, she did not think having friends was important and put in little effort to make them. However, she eventually made friends with a transfer student named Koito Nagase , who was similarly ostracized by her peers. Being a victim of bullying, Ai is extremely self-deprecating. When Koito committed suicide, Ai blamed herself, and committed herself to saving her. After rescuing Kurumi Saijo from the Seeno Evils and her Wonder Killer , a strong sense of determination and perseverance begins to show in Ai as she declares that she will continue saving people until she can bring Koito back to life. Ai is often seen reminiscing about the loss of Koito, and suffers from the crushing feeling of guilt from it. She is shown to have grown from it, becoming set on bringing her friend back. Indirectly, she also spawns a sense of helpfulness and kindness, seen when she helps Minami Suzuhara in confronting her inner fears and worries.",deredere
d5aafb04caeec09d,Eriri Spencer Sawamura,tsundere/d5aafb04caeec09d.webp,"Eriri is a model and sophisticated young lady at school. Because of her manners, she is respected and idolized by other students at the school. When nobody is around, she reverts into a hardcore otaku just like Tomoya Aki . However, almost none of them know about her otaku side. She is famous for being classy and independent, but she really is emotional and ferocious, as described by Tomoya. She is very hardworking as her occupation as an artist and with the support from Tomoya. She is very determined at times. When Akane Kosaka insulted her drawing skills and said that they were mediocre, Eriri was very offended and drove herself to produce more art to prove Akane wrong, subsequently pulling herself out of her art slump. She attempts to hide her feelings for Tomoya although they are very obvious. When Utaha Kasumigaoka pointed this out, she became embarrassed and rebutted immediately. She seems angry and annoyed every time they have conversations in the circle, especially with Tomoya. She hits him with her twin tails whenever he says something that made her embarrassed or when Utaha getting near to him. However, on the inside, she is very kind and generous despite her klutziness.",tsundere
6eed662d6f0945b5,Akebi Komichi,deredere/6eed662d6f0945b5.webp,"Komichi is in 一年(Year 1), 三組(Class 3) (一年三組) seat number 1 at Roubai Academy. Graduate of Futaba Elementary School Currently attends the elite all-girls' Roubai Academy, the same school her mother Yuwa attended when she was her age. This is what created the fascination and desire to wear a sailor school uniform and attend Roubai Academy. Currently the only student at Roubai Academy to wear the obsolete sailor uniform, while all students now wear the new blazer set. Has a bright and straightforward, extroverted personality. Is a fast runner, talented dancer, and is fond of performing gymnastics moves.",deredere
b289c6f8bc6533cf,Setsuna Tokage,deredere/b289c6f8bc6533cf.webp,"Setsuna is described as chatty, confident, extraordinarily provocative, and talkative. She is one of the few students in Class 1-B who does not bear any apparent hatred to Class 1-A . As shown in the Joint Training Battle , Setsuna is a wily and thoughtful girl with great aptitudes for leadership and cooperation. She is careful, concerned, and attentive. Her attitude is different in combat and non-combat situations, having a more severe and dirty disposition amid battle. However, Setsuna underestimates her foes, as she expects Katsuki to go off on his own but sees him lead his team effectively and win. Setsuna is reliable; her teammates believe in her and don't hesitate to follow her. She has a considerable influence on her classmates, which implies that she has proven several times that she is trustworthy and responsible. Because of her strong personality and skills, Setsuna has total confidence in herself and her potential. She doesn't doubt or hesitate, appearing to be very strong-willed.",deredere
8153d0a64ace1ecc,Ginko Sora,tsundere/8153d0a64ace1ecc.webp,"Ginko is a sharp-tongued, brash, and unconcerned about anything besides shogi. But despite her attitude, Ginko still maintains a better popularity than Yaichi. In her match with Ai, she was like a disadvantaged beast crouching down, storing enough energy, and preparing for the last hit. She kept harassing, waiting for the chance to counterattack. Ginko isn't the type of person to ease up when faced with overwhelming criticism. At the stage, Ginko had no intention of ending the match, and eliminated all of Ai's attacking pieces or the wandering pieces. She didn't give her opponent a chance to surrender, and stomped hard on the fingers that were barely grabbing the ledge.",tsundere
f388bcc39f0ca40f,Tobio Kageyama,kuudere/f388bcc39f0ca40f.webp,"Perpetually sullen, arrogant, and undeniably short-tempered, Kageyama originally came off as a typical overbearing perfectionist, caring only about winning and completely disregarding the opinions and well-being of his teammates. His habit of complaining about their performance and barking orders at them eventually led the other players in Kitagawa Daiichi to nickname him the ""King of the Court,"" a constant reminder of the oppressive, egocentric attitude he demonstrated during his volleyball career in junior high. Unbeknownst to the majority of his schoolmates and acquaintances, however, he is much more sensitive and childish than he appears to be; he simply does not know how to control his frustration, and hence expresses his thoughts and emotions in an inappropriate way. After everyone in Kitagawa Daiichi became fed up with him and abandoned his side, Kageyama was filled with genuine regret and developed an intense fear of being despised and mistrusted but refused to openly discuss his problem until Tsukishima confronted him about it.",kuudere
eb79d80289896d80,Lan Fan,kuudere/eb79d80289896d80.webp,"When masked, Lan Fan displays the appearance of a cold, efficient, and lethal warrior of few words. She is overall a very serious person who has undying loyalty to her master and her clan. Similarly to Edward, she has a propensity for being brash when provoked and is easily angered, especially when it comes to the young prince. However, when unmasked and around Ling's presence, a more shy personality is revealed. She worries incessantly about the young prince wandering off constantly and is often found watching him wherever he goes, concerned about whatever problems he finds himself in. This concern stems from her great loyalty that is implied to go beyond the duties of her clan. She considers herself to exist for Ling's sake and to undergo any sacrifice to help him achieve his goals. Being useless to him is considered as the ultimate pain and she is willing to go through any hardship to assist him. As cold as she may appear, Lan Fan is willing to express genuine gratitude and thanks to those who have helped her. It is also revealed in the manga she has trouble expressing proper etiquette, such as saying a simple ""thank you"", especially to those she would consider ""lower"" than Ling.",kuudere
fd1516527b94f796,Jyuushimatsu Matsuno,deredere/fd1516527b94f796.webp,"Jyushimatsu's appearance differs very little, if at all, from that of his brothers . In the Takeshobo reprints, he was assigned purple as a theme color and even appears wearing it on a cover. However, for the April Fools' joke on the Osomatsu-san website, the -kun era Jyushimatsu was assigned green. Jyushimatsu is a kinder, friendly, and thoughtful type of boy, tending to avoid roughness if he can and crying easily. But this does not mean he is never complicit in fights and trouble, and he can participate in plenty mischief and unreasonable pranks (such as creating pitfalls, or putting dandruff in shaved ice). He can also be a bit eccentric in such ways. Out of the savings the brothers hold, he is often in possession of 14 yen though this can also vary upon a setting. As he is fairly obedient, he can be easily coaxed into a situation by his brothers. Unfortunately, this obedience also makes him very gullible and weak to others' harm. At times, he'll wind up late for a plan as he'll instead take part in actions that seem natural to him. In the story ""Our Rooms are Cool"", he confesses to Iyami that he's insecure of not standing out among the sextuplets (as his name ""is never called first""), with his presence being the weakest and him becoming weary of the world.",deredere
5f523a9d72bfc4f9,Tsuyuno Yatsumura,kuudere/5f523a9d72bfc4f9.webp,"Tsuyuno was seen as an emotionless girl, being straightforward and quite cold most of the time. She was someone who's blunt and serious, and gets straight to the point of topics or certain matters. Tsuyuno also seemed remorseless when she tried to kill Sarina while demonstrating her ability to Aya, and when making Soji Odano , the man responsible for the murder of her family suffer without feeling anything. Tsuyuno is quite lengthy with her words at certain times or moments, but despite that she is shown to be quite analytical and intelligent: knowing most of the information about the magical girl site, and is willing to let Aya know what goes on behind the closed doors of the sites. After meeting Aya Asagiri , she begins to change where she slowly starts to open up and show emotion towards her, and as a result she had grown a soft spot for Aya. She showed herself to be very warm-hearted towards Aya and had protected her from harm a few times. She had a genuine side she showed towards her companions despite her cold and straightforward face she put on most of the time.",kuudere
8fa3fa55e56e752b,Megumi Hanajima,kuudere/8fa3fa55e56e752b.webp,"Megumi is a very quiet boy with a rather ominous personality. He is quite eccentric and frequently catches people off guard with the things he says. He is also somewhat sneaky and shady and is sometimes associated or somehow involved in these types of situations, especially when it comes to scaring off the Prince Yuki Fan Club . He is also highly mature for his age, not only in intelligence and behavior but as well as in sexual maturity. Arisa states that he acts more like a “lecherous old man” rather than a middle school student. Megumi himself mentions that he becomes especially flustered when he is around older women. Despite this, he has his own moments of kindness, consideration, and loyalty. He has always cared about Saki and any friend of hers, and admires her very much and is willing to do anything to help her. Megumi, for his part, has been called Saki, Arisa Uotani , and Tohru Honda ’s “bodyguard” and seems to consider himself as such as he goes through a good deal of trouble to aid Arisa and his sister in their guarding of Tohru.",kuudere
7884a3588eac7ba5,Zakuro Fujiwara,kuudere/7884a3588eac7ba5.webp,"Zakuro is presented as a self-confident, independent, and mature character throughout the Tokyo Mew Mew series; portrayed as the mature, older-sister-like figure of the group, offering advice and often appearing to save the younger girls just in the nick of time. She usually works alone, as she initially refused to join the other Mew Mews. Zakuro is also shown to be very smart, although she often masks her knowledge of things. She often takes to speaking with Ryou about conflicts within the group. Although Zakuro is a part of the Mew Mews, each member views her differently: Ichigo views her as the big sister of the group, that she stands out at parties, as well as being calm and cool in dire situations. Minto sees Zakuro as an idol that she adores, while Bu-Ling and Retasu find Zakuro to be a normal person who doesn't really stand out from the crowd.",kuudere
93987227fbec5a69,Astarotte Ygvar,tsundere/93987227fbec5a69.webp,"Rotte has always been much of a loner. She doesn't talk to any of her classmates at school because she thinks they will treat her differently because they know she's a princess. She only relies on few people from her manor: Judit, Olav , Zelda , Effie , and Cú . Other than them Rotte doesn't talk or interact with anyone. Lotte was once close to her mother, always by her side and wanted nothing but love and attention from her, but, because of her mother's flirty personality which drew many males eyes, she felt pushed out and was scared of all the males she kept encountering. Rotte's personality varies depending who she's with. She's mostly stubborn and childish, but can be very quiet if she's in a crowded area such as school. Rotte, at first, wants nothing to do with Naoya and Asuha, With Naoya's patience, kindness and caring attitude and Asuha's playfulness, after a few days of living together with them, Rotte slowly opened up, revealing a talkative, willing and playful personality. With Asuha's help, she made friends at school and also began seeing her mother again. After getting used to having good company and Naoya's care, she began to harbor small feelings for Naoya, which grew the more time they spent together.",tsundere
4be57f39dddaf38e,Shiho Miyano,kuudere/4be57f39dddaf38e.webp,"Initially, Shiho was very cynical, which was reflected in her valuing her own security above idealistic principles of justice. She also did not wish to become close to other people. While attending school in America, she ate lunch by herself. It was only by repeatedly approaching her that the Detective Boys and Ran finally became her friends. Shiho was also untrusting of others in general, and preferred to put on an expressionless, cold mask while bottling up her internal pain and sadness. Her views about death have been complex and at times contradictory, as she was prepared to likely kill Ki'ichiro Numabuchi with APTX 4869 as part of her tests, but on the other hand, she detested the Black Organization's use of APTX as a killing tool and Conan labeling her as a murderer. Shiho's fascination with her work seems to be stronger than fear for the organization, while she was still a member, since she risked changing Shinichi Kudo's data (APTX 4869 list) to avoid him getting killed before she could study him. On the other hand, Shiho tends to speak in a very formal manner. Her time as Ai Haibara has softened her personality, making her more optimistic and open to Conan's idealistic pursuit of justice.",kuudere
a630a89f8b88b322,Alan Stuart,tsundere/a630a89f8b88b322.webp,"Alan shows an inferiority complex with Geordo who seems to be perfect in everything he does. This lays the foundation for many of his flaws before meeting Katarina. After hearing Katarina's words, Alan's strained relationship with Geordo was mended. He also began to show his talent for music which was supposed to be bloomed by the protagonist in the story, but due to Katarina's actions, he began to play the piano having gained his self-confidence. Like Katarina, he is dense when it comes to most things, like when he didn't realize his feelings for Katarina even though he liked her since childhood. He has a boorish side as well, which he shows openly.",tsundere
4d4408d40439b886,Akihiko Arai,kuudere/4d4408d40439b886.webp,"Akihiko is an incredibly smart and level headed boy who has a high addition to gaming, unlike Tamako who tends to lose her cool and has a bit of a mischievous-side, Akihiko is very mature and displays a very calm and cool personality. Despite that however, like Tamako, Akihiko also displays a very kind heart and tends to look out for Naru and her friends, almost acting like an older brother figure to them.",kuudere
f5ea03a0dfdceed1,Edward Elric,tsundere/f5ea03a0dfdceed1.webp,"On the surface, Edward displays an immature sort of personality. He is decidedly stubborn and strong-willed, frequently letting his pettiness and vindictiveness get the better of him (it is this stubbornness that contributes to Führer Bradley 's decision to codename him ""Fullmetal,"" as "" Hagane "" (literally meaning ""steel"") is a term in Japanese that denotes someone of obstinate disposition) and often has to be restrained or reprimanded by Al or whoever else is present. He is somewhat selfish and self-absorbed, generally acting more out of self-interest than any sort of philanthropy as well as taking several opportunities to stroke his own ego or flaunt the governmental power and monetary license of his military position. He is largely hostile towards figures of authority and feels little incentive to follow orders with which he disagrees, earning him the distinction of being a loose cannon of sorts. Edward is also rather quick-tempered, resorting more often to steel-fisted violence than calm negotiation to settle disputes (even going so far as to suggest that refraining from hitting Paninya because of her gender is a sexist notion and, therefore, against his principles).",tsundere
408b86bce9e7bd4c,Yui,deredere/408b86bce9e7bd4c.webp,"Yui (Bathroom Scene) Yui is an extremely bright, cheerful, crazy and wild girl who is known to be hyperactive and talks extremely fast. Even within the members of the SSS, she comes off as very excited and loud. She is often flirtatious with others, and takes advantage of every opportunity she can. She usually tells the other SSS members that they're ""morons"", mostly because under the surface she is actually quite intelligent. She is also a huge admirer of Hisako because of her 'murderous' guitar rift. Her upbeat personality is most likely inspired by her past life in the living world where she was paralyzed since she was four years old from head to toe.",deredere
2dc8ff8eed5af349,Mai Vlad Transylvania,deredere/2dc8ff8eed5af349.webp,"Although she's a vampire, Mai has trouble in drinking blood through the conventional vampire way due to her timid nature. Her main personality is kind and polite but, when she is talking about her stepmother she's easily get angry. Mai's personality changes every time she drinks different types of blood (A, B, AB, and O) and whenever she ate garlic. Garlic has a different effect to Mai unlike the other vampires.",deredere
3582f51d02e1f80b,Keke Tang,deredere/3582f51d02e1f80b.webp,"A fun-loving and energetic optimist, Keke holds that the most important things in life are passion and a smiling face. To her, anything is possible if one never gives up, such as being a school idol. When dealing with tense or stressful situations, Keke often recalls the pithy advice her mother once gave: if her emotions were to ever run hot, it is best to ""cool down"" with sweets. Her mother's words being the likely inspiration for her sweet tooth, Keke believes that a scoop of ice cream can do more to wash away grouchy feelings than anything else, and could even bring about reconciliation among bickering friends. Her favorite saying is, ""There is no time like the present.""",deredere
03ec376e55647ba0,Meroko Yui,tsundere/03ec376e55647ba0.webp,"Meroko is a very cheerful girl, always talking aloud and laughing. She is very emotional and clingy around boys and cries easily at sad stories or situations. She shows a very girly side when talking to Mitsuki about fashion and gets excited over shoes and clothes in the anime. Meroko also has a fondness for sweets like ice cream and taiyaki. She tends to act before she thinks and this can cause chaos for those around her. But she is always remorseful and meekly apologizes when things go wrong. Meroko is also kind and caring to those important for her. Meroko, despite her attempt to act tough, can be fragile just like an ordinary girl. Ironically, when Takuto and Mitsuki get into an argument, Meroko is the one to drag Takuto back to make up with her. Meroko often shows a strong feeling for Takuto, and she often tells him that she loves him. But as the story progress further, it was revealed that she isn't in love with him that way. Instead, the one that she loves is no other than her shinigami co-worker, Izumi. It was later shown that the two of them had an affair even before Takuto joins the shinigami unit. Though in the anime, Meroko truly does and falls in love with Takuto.",tsundere
665370ef7b8349a5,Misato Tachibana,tsundere/665370ef7b8349a5.webp,"This attitude also comes with an array of weaponry that she constantly summons seemingly from nowhere and fires at Koujirou. The weapons she uses, often result in him being colored entirely white, or injured from where she fires them. Her thoughts for Koujirou seem sensitive enough, that during any normal conversation, she somehow manages to usually trace everything back to him, even when he wasn't involved in it, leading her to wildly blurt out assumptions relating to future relationships, such as marriage and children, that nobody said. She is also hot-tempered and caring towards her younger sister Mihoshi Tachibana whom she waits for and walks with home. Despite her usually abrasive nature when interacting with Koujirou, she has been seen to be relatively kind in interacting with those around her, an example being when she went to him on the roof to give him the handkerchief, he had accidentally misplaced, although she would put this down to being ""seized with the spirit of volunteerism.""",tsundere
57c3e28b0d464404,Hajime Iwaizumi,tsundere/57c3e28b0d464404.webp,"Iwaizumi is a stubborn but reliable teammate, often filling in Oikawa 's spot as a morale booster if needed. He acts supportive to all, including Tobio Kageyama , and calls Oikawa out for his childish antics. He often resorts to violence with Oikawa whenever he teases or provokes him, but this does not change the fact that he cares immensely for him; as shown when he makes an effort to stop Oikawa from either working too hard or losing confidence. Iwaizumi's firm-yet-caring attitude has led some members of the Aoba Johsai team to look up to and respect him. His underclassmen often gravitate towards him, and he is seen giving calm and light-hearted advice to Kindaichi , which can contrast to how he treats Oikawa. He is also very respectful and does not treat his rivals coldly, as Kageyama still treats him respectfully and Iwaizumi has acknowledged his skills. It is also seen through some extras by Furudate that, while Iwaizumi can be strong and intimidating, he also has quite the goofy side where he loves monsters and gets excited when he finds an ""Oikawa"" fish in a book to make fun of Oikawa with .",tsundere
ca98ba83f1b0550c,Raphtalia,deredere/ca98ba83f1b0550c.webp,"When she is first introduced, Raphtalia is initially timid and sickly, often fearful for her life. Her village and family, destroyed by the Waves , left her to be captured by Melromarc's knights and sold to a wicked noble . When she got deathly sick, she was sold off and expected to die. This left her in a very vulnerable state of health and mind which was actively worse by her constant nightmares at night. By the time she was purchased by Naofumi, she was despondent. Contrary to her presumption, Naofumi proved to be a kind master who nurtured Raphtalia. He treated her ailment, as well as fed and sheltered her despite his own misfortune. His unexpected good treatment of Raphtalia allowed her to heal and restore her self-confidence and optimism. Eventually, she was forced to face her trauma when they encountered the Two-Headed Dog which reminded Raphtalia of the Cerberus that killed her parents. Raphtalia was frightened stiff. With Naofumi's help, Raphtalia was able to overcome her deep-rooted trauma and slay the beast. From then on, she swore loyalty to him and to be his sword - preventing others from experiencing the tragedy she had faced. After a long time adventuring with Naofumi, Raphtalia got separated from him for the first time when they traveled to Glass' World .",deredere
0fa987a7e9e9332c,Mero Furuya,kuudere/0fa987a7e9e9332c.webp,"Mero is very polite, probably taking off from her father, and is quite expressionless. She often displays a blank expression on her face and rarely changes it. Despite this, she loves her brother very much and is often teasing him. When Furuya was bedridden due to Rea's attack at the festival, she is seen in a frenzy due to her brother's state. It is stated that she is very responsible compared to her brother. Unlike her brother, she is more interested in ghosts rather than zombies. Despite her normally blank expression, she does in fact show some reactions and emotions from time to time. Such as when Babu is injured and when she is reminded of her mother. She is also shown smiling happily when singing along to a song in the car during the OVA.",kuudere
232b090355a45656,Akame,kuudere/232b090355a45656.webp,"Akame appears to be a very serious and cold-hearted person which stems from her hellish training that the Empire forced her and her sister through, but it is eventually revealed that she is just socially awkward. She cares about her comrades very much and she is always worried that one of them may not make it out alive due to her first-hand experience that war always has a high mortality rate. After Tatsumi fought Ogre , she stripped him of his clothes to check his body for wounds and Akame rushes to Mt. Kageboshi to aid Hinata who was about to be killed by Yomihime . She also tends to hide her emotions when it is revealed that a comrade dies, such as seen with Sheele , making Tatsumi mistakenly and incorrectly assume that she deals with it easily, because she is used to it. However, this prompts her to break into tears saying that she can never be fine when she loses a friend, for it is the most horrible thing of which anyone can experience. She is then comforted by Tatsumi who resolves to not die and never let her experience such pain again, making her smile. Upon facing her enemies, however, she shows absolutely no mercy towards them shouting words such as ""eliminate"" and ""consign"" to show the lack of mercy she has and also to strengthen her resolve to kill them.",kuudere
15965e3ffbe745c4,Ai Mikaze,kuudere/15965e3ffbe745c4.webp,"As an A.I. ( Artificial Intelligence ), Ai scrutinizes and studies emotions and feelings, stating that he has none of it himself. Despite this, he has shown to develop bonds and relationships with the people around him over time. He talks in a calm voice and has never been shown to lose his temper. As an idol, Ai is very apt and hardworking and expects everyone around him to be the same. He is often the mediator when Camus and Ranmaru argue. Ai is also strict with his teachings, providing Syo and Natsuki with a rigid schedule during their first meeting. He goes by, ""If they have potential, raise them. If they don’t, drop them.""",kuudere
d041d7d2cb11de99,Nanami Minami,deredere/d041d7d2cb11de99.webp,"Although Minami maintains a cheerful demeanor, she has insecurities about herself and her personality that gives in easily to not ruin the mood oftentimes twisting her arm for the environment is pleasant. She is known to be quite persistent in what she wants to achieve, such as pestering the lonely Hanabi into being her friend. She also loves to get touchy-feely with her female friends, most frequently Hanabi, hugging her tight and stroking her skin and she's no stranger to doing this with Aoi, too.",deredere
ee982c9889432baa,Kagura,deredere/ee982c9889432baa.webp,"Kagura can be described as naive to a fault as seen in her introduction where she was tricked by a gang into thinking that she was protecting them when she fought their rival gang. She refuses to accept her legacy as a Yato and just wants to live as a normal girl. Although she doesn't like violence, she clearly uses violence to solve her problems, Hasegawa Taizou labeled her as 'ultra-hot (tempered/aggressive) China girl'. She often quarrels with Shinpachi and Okita physically and verbally. She has a sharp tongue and isn't afraid to speak her mind or insult people even if it's to strangers. She takes in things that Gintoki says as a form of advice, oftentimes in an inappropriate context. She acts very ""unladylike"" in terms of the ways she speaks and things such as vomiting or picking her nose. However, she is still a young girl who likes others to pamper her and on some occasions has shown to have a girly side. Although she acts like she doesn't care for the Yorozuya (e.g., beating up Shinpachi and Gintoki) she really does care for the Yorozuya as seen through her actions towards them such as trying to protect them when they're hurt in a fight. She loves eating and seems to have an insatiable appetite, with a particular fondness for rice and sukonbu .",deredere
cb58a380c17a114e,Satsuki Usui,tsundere/cb58a380c17a114e.webp,"She is a kind girl who only seeks to convey her affections to her crush and gets frustrated at his obliviousness. She has a jealous side as she often becomes sad at seeing Haruto and Ashai's interactions. After she worked up the strength to confess, she was shown to be patient as she gave Haruto time to give an answer. When she saw that he didn't feel the same way, Satsuki was shown to be hurt but didn't lose her composure though shed small tears. In their next meeting, she met him and told him that she wished to still be friends even after briefly recalling crying about being rejected but lighten the mood with a joke.",tsundere
afcaa2af8c9a3d55,Tristan Liones,tsundere/afcaa2af8c9a3d55.webp,"Tristan is a very calm and tenacious boy. He expresses no appreciation about the role of prince, instead preferring to defend his kingdom as a Holy Knight. He holds a great sense of justice and feels the need to protect his kingdom any threats, including his father and the Seven Deadly Sins for their framed actions. Later, Tristan is introduced to the story of the Sins, making him want to follow in his father's heroic footsteps. After accidentally injuring Lancelot with his Demon powers , Tristan became traumatized by incident and developed distaste for violence and the said power, and by extension any association with it or even being compared to his father at it. Instead, Tristan becomes more of a pacifist like his mother, and enjoys any comparison to her. He also prefers using his Goddess powers during combat. Nevertheless, he is not hesitant to use force when need arises. Tristan is extremely avoidant of ever using his Demon power. Without Lancelot around as the only one he trust that can stop himself , he would opt to use only his Goddess power, or both Demon and Goddess powers at the same time, despite the disadvantages.",tsundere
7a8b97a14a9c619b,Secre Swallowtail,kuudere/7a8b97a14a9c619b.webp,"Secre often annoys Asta. Secre is generally apathetic. In situations where those around her are behaving intensely, particularly during moments of shock and excitement, she maintains a deadpan disposition and has a tendency to get straight to the point with little regard to the antics happening around her, such as when Charlotte Roselei ran away in embarrassment from Yami Sukehiro and she simply mused whether or not he had the opportunity to ask about the weg. When she becomes annoyed, she repeatedly pecks at Asta's head or pulls on his hair. Additionally, she also has a penchant to use this tactic to get her thoughts across to others as well, or when she is disagreeing with them. In contrast to the way she treats him, Secre is very loyal to Asta, as she rarely leaves his side. She also constantly helps Asta in every predicament, such as guiding him through the dungeon or showing him the path to an artifact behind the wall. While Secre initially only followed Asta because of his grimoire, she grows to genuinely care for him as the series progresses.",kuudere
